Tanggal,Suhu,Hum,PIR,Sound,Rain,Alarm
13:29:03,22.1,64,0,0,1,0
13:35:10,21.6,62,0,0,0,1
13:35:10,21.3,60,0,0,0,1
13:37:16,21.1,58,0,0,0,1
13:39:24,21,57,0,0,0,1
13:41:26,20.9,56,0,0,0,1
13:43:37,20.8,55,0,0,0,1
13:45:48,20.9,56,0,0,0,1
13:47:49,21.6,64,0,0,1,0
13:48:48,22.7,70,0,0,1,1
13:51:26,22.8,70,0,0,0,1
13:55:58,20.4,57,0,0,0,1
13:58:00,19.2,59,0,0,0,1
14:00:15,18.8,60,0,0,0,1
14:04:28,18.7,60,0,0,0,1
14:04:30,18.6,60,0,0,0,1
14:06:32,18.6,60,0,0,0,1
14:08:42,18.6,60,0,0,0,1
14:12:43,18.6,59,0,0,0,1
14:12:43,18.5,60,0,0,0,1
14:14:52,18.6,60,0,0,0,1
14:17:02,18.6,60,0,0,0,1
14:19:04,18.7,60,0,0,0,1
14:21:12,18.7,60,0,0,0,1
14:23:18,18.6,60,0,0,1,0
14:24:17,19.2,59,0,0,1,0
14:25:17,19.1,59,0,0,1,0
14:26:17,19,59,0,0,1,0
14:27:17,18.9,59,0,0,1,0
14:28:17,19,59,0,0,1,0
14:29:17,19,59,0,0,1,0
14:30:17,18.9,59,0,0,1,0
14:31:17,18.8,59,0,0,1,0
14:32:17,18.8,59,0,0,1,0
14:33:17,18.8,59,0,0,1,0
14:34:17,18.8,59,0,0,1,0
14:35:17,18.9,59,0,0,1,0
14:36:17,18.8,59,0,0,1,0
14:37:17,18.8,59,0,0,1,0
14:38:17,18.8,59,0,0,1,0
14:39:17,18.8,59,0,0,1,0
14:40:17,18.8,59,0,0,1,0
14:41:17,18.8,59,0,0,1,0
14:42:17,18.8,59,0,0,1,0
14:43:17,18.8,59,0,0,1,0
14:44:17,18.8,59,0,0,1,0
14:45:17,18.7,59,0,0,1,0
14:46:17,18.8,59,0,0,1,0
14:47:17,18.8,59,0,0,1,0
14:48:17,18.8,59,0,0,1,0
14:49:17,18.7,59,0,0,1,0
14:50:17,18.8,59,0,0,1,0
14:51:17,18.9,59,0,0,1,0
14:52:17,18.8,59,0,0,1,0
14:53:17,18.8,59,0,0,1,0
14:54:17,18.8,59,0,0,1,0
14:55:17,18.8,59,0,0,1,0
14:56:17,18.8,59,0,0,1,0
14:57:17,18.8,59,0,0,1,0
14:58:17,18.8,59,0,0,1,0
14:59:17,18.8,59,0,0,1,0
15:00:17,18.8,59,0,0,1,0
15:01:17,18.8,59,0,0,1,0
15:02:17,18.9,59,0,0,1,0
15:03:17,18.9,59,0,0,1,0
15:04:17,18.9,59,0,0,1,0
15:05:17,18.8,59,0,0,1,0
15:06:17,18.8,59,0,0,1,0
15:07:17,18.8,59,0,0,1,0
15:08:17,18.9,59,0,0,1,0
15:09:17,18.8,60,0,0,1,0
15:10:17,18.9,60,0,0,1,0
15:11:17,18.9,60,0,0,1,0
15:12:17,18.9,59,0,0,1,0
15:13:17,18.9,59,0,0,1,0
15:14:17,18.9,59,0,0,1,0
15:15:17,18.9,59,0,0,1,0
15:16:17,19,59,0,0,1,0
15:17:18,18.9,59,0,0,1,0
15:18:17,18.9,59,0,0,1,0
15:19:17,18.9,59,0,0,1,0
15:20:17,18.9,59,0,0,1,0
15:21:17,18.9,59,0,0,1,0
15:22:17,18.9,59,0,0,1,0
15:23:17,18.9,59,0,0,1,0
15:24:17,18.9,60,0,0,1,0
15:25:17,18.9,59,0,0,1,0
15:26:17,18.9,59,0,0,1,0
15:27:17,19,59,0,0,1,0
15:28:17,18.9,59,0,0,1,0
15:29:17,19,59,0,0,1,0
15:30:17,19,59,0,0,1,0
15:31:17,18.9,59,0,0,1,0
15:32:18,18.9,59,0,0,1,0
15:33:17,19,59,0,0,1,0
15:34:17,18.9,59,0,0,1,0
15:35:17,18.9,59,0,0,1,0
15:36:17,18.9,59,0,0,1,0
15:37:17,19,59,0,0,1,0
15:38:17,18.9,59,0,0,1,0
15:39:17,18.9,60,0,0,1,0
15:40:17,18.9,60,0,0,1,0
15:41:17,18.9,60,0,0,1,0
15:42:17,18.9,60,0,0,1,0
15:43:17,18.9,60,0,0,1,0
15:44:17,18.9,60,0,0,1,0
15:45:17,18.9,60,0,0,1,0
15:46:17,18.9,60,0,0,1,0
15:47:17,18.9,60,0,0,1,0
15:48:17,18.9,60,0,0,1,0
15:49:17,18.9,60,0,0,1,0
15:50:17,18.9,60,0,0,1,0
15:51:17,18.9,60,0,0,1,0
15:52:17,18.9,60,0,0,1,0
15:53:17,18.9,60,0,0,1,0
15:54:17,18.9,60,0,0,1,0
15:55:17,18.9,60,0,0,1,0
15:56:17,18.9,60,0,0,1,0
15:57:17,18.9,60,0,0,1,0
15:58:17,18.9,60,0,0,1,0
15:59:17,18.9,60,0,0,1,0
16:00:17,18.9,60,0,0,1,0
16:01:17,18.9,60,0,0,1,0
16:02:17,18.9,59,0,0,1,0
16:03:17,18.9,60,0,0,1,0
16:04:18,18.9,59,0,0,1,0
16:05:18,18.9,59,0,0,1,0
16:06:18,18.9,60,0,0,1,0
16:07:18,18.9,59,0,0,1,0
16:08:18,18.8,60,0,0,1,0
16:09:18,18.9,59,0,0,1,0
16:10:18,18.9,59,0,0,1,0
16:11:18,18.9,59,0,0,1,0
16:12:18,18.9,60,0,0,1,0
16:13:18,18.9,59,0,0,1,0
16:14:18,18.9,59,0,0,1,0
16:15:18,18.9,59,0,0,1,0
16:16:18,18.9,59,0,0,1,0
16:17:21,18.9,59,0,0,1,0
16:18:18,18.9,59,0,0,1,0
16:19:18,18.9,59,0,0,1,0
16:20:18,18.9,59,0,0,1,0
16:21:18,18.9,59,0,0,1,0
16:22:18,19,59,0,0,1,0
16:23:18,19,59,0,0,1,0
16:24:18,19,59,0,0,1,0
16:25:18,19,59,0,0,1,0
16:26:18,19,59,0,0,1,0
16:27:18,19,59,0,0,1,0
16:28:18,19,59,0,0,1,0
16:29:18,18.9,59,0,0,1,0
16:30:19,18.9,59,0,0,1,0
16:31:18,18.9,59,0,0,1,0
16:32:18,19,59,0,0,1,0
16:33:18,19,59,0,0,1,0
16:34:20,19,59,0,0,1,0
16:35:18,18.9,60,0,0,1,0
16:36:19,18.9,60,0,0,1,0
16:37:18,18.9,60,0,0,1,0
16:38:18,18.9,60,0,0,1,0
16:39:18,18.9,60,0,0,1,0
16:40:18,18.9,60,0,0,1,0
16:41:18,18.9,60,0,0,1,0
16:42:18,18.9,60,0,0,1,0
16:43:18,18.9,60,0,0,1,0
16:44:18,18.9,60,0,0,1,0
16:45:18,18.9,60,0,0,1,0
16:46:18,18.9,60,0,0,1,0
16:47:18,18.9,60,0,0,1,0
16:48:18,18.9,60,0,0,1,0
16:49:18,18.9,60,0,0,1,0
16:50:18,18.9,60,0,0,1,0
16:51:18,18.9,60,0,0,1,0
16:52:18,19,60,0,0,1,0
16:53:18,19,60,0,0,1,0
16:54:19,19,60,0,0,1,0
16:55:18,18.9,60,0,0,1,0
16:56:18,18.9,60,0,0,1,0
16:57:18,18.9,60,0,0,1,0
16:58:18,19,60,0,0,1,0
16:59:18,18.9,60,0,0,1,0
17:00:18,18.9,60,0,0,1,0
17:01:18,18.9,60,0,0,1,0
17:02:18,18.9,60,0,0,1,0
17:03:19,18.9,60,0,0,1,0
17:04:18,18.9,60,0,0,1,0
17:05:18,18.9,60,0,0,1,0
17:06:18,18.8,60,0,0,1,0
17:07:19,18.8,60,0,0,1,0
17:08:18,18.9,60,0,0,1,0
17:09:18,19,60,0,0,1,0
17:10:18,18.9,60,0,0,1,0
17:11:19,18.9,60,0,0,1,0
17:12:18,18.9,60,0,0,1,0
17:13:18,18.9,60,0,0,1,0
17:14:18,19,60,0,0,1,0
17:15:18,18.9,60,0,0,1,0
17:16:18,18.9,60,0,0,1,0
17:17:18,19,60,0,0,1,0
17:18:18,19,59,0,0,1,0
17:19:18,19,59,0,0,1,0
17:20:18,19,59,0,0,1,0
17:21:18,18.9,60,0,0,1,0
17:22:18,18.9,60,0,0,1,0
17:23:18,18.9,60,0,0,1,0
17:24:19,18.9,60,0,0,1,0
17:27:18,18.8,60,0,0,1,0
17:28:19,18.8,60,0,0,1,0
17:29:18,18.8,60,0,0,1,0
17:30:22,18.9,60,0,0,1,0
17:31:18,18.9,60,0,0,1,0
17:32:18,18.9,60,0,0,1,0
17:33:19,18.9,60,0,0,1,0
17:34:18,18.9,60,0,0,1,0
17:35:18,18.9,60,0,0,1,0
17:36:19,18.8,60,0,0,1,0
17:37:18,18.8,60,0,0,1,0
17:39:22,18.8,60,0,0,1,0
17:40:21,18.8,60,0,0,1,0
17:41:18,18.8,59,0,0,1,0
17:42:18,18.8,59,0,0,1,0
17:43:18,18.8,59,0,0,1,0
17:44:19,18.8,60,0,0,1,0
17:45:18,18.8,60,0,0,1,0
17:46:18,18.8,60,0,0,1,0
17:47:18,18.8,60,0,0,1,0
17:50:20,18.8,60,0,0,1,0
17:51:18,18.8,59,0,0,1,0
17:53:18,18.8,59,0,0,1,0
17:54:18,18.8,59,0,0,1,0
17:55:18,18.7,60,0,0,1,0
17:56:18,18.7,59,0,0,1,0
17:58:19,18.6,59,0,0,1,0
17:59:19,18.6,60,0,0,1,0
18:00:18,18.7,60,0,0,1,0
18:01:18,18.7,60,0,0,1,0
18:02:18,18.7,60,0,0,1,0
18:03:18,18.8,59,0,0,1,0
18:04:19,18.8,59,0,0,1,0
18:05:19,18.8,59,0,0,1,0
18:06:18,18.8,59,0,0,1,0
18:07:18,18.8,59,0,0,1,0
18:08:18,18.7,59,0,0,1,0
18:09:18,18.7,59,0,0,1,0
18:10:18,18.7,59,0,0,1,0
18:11:18,18.7,59,0,0,1,0
18:12:18,18.7,59,0,0,1,0
18:13:18,18.7,59,0,0,1,0
18:14:18,18.7,59,0,0,1,0
18:15:18,18.7,59,0,0,1,0
18:16:18,18.7,59,0,0,1,0
18:17:18,18.7,59,0,0,1,0
18:18:18,18.6,59,0,0,1,0
18:19:18,18.6,59,0,0,1,0
18:20:18,18.6,59,0,0,1,0
18:21:18,18.6,59,0,0,1,0
18:22:18,18.6,59,0,0,1,0
18:23:18,18.7,59,0,0,1,0
18:24:19,18.6,59,0,0,1,0
18:25:19,18.6,59,0,0,1,0
18:26:18,18.6,59,0,0,1,0
18:27:19,18.5,60,0,0,1,0
18:28:18,18.6,59,0,0,1,0
18:29:18,18.6,59,0,0,1,0
18:30:18,18.7,59,0,0,1,0
18:31:18,18.6,59,0,0,1,0
18:32:18,18.7,59,0,0,1,0
18:33:18,18.6,59,0,0,1,0
18:34:18,18.6,59,0,0,1,0
18:35:18,18.6,59,0,0,1,0
18:36:18,18.6,59,0,0,1,0
18:37:18,18.6,59,0,0,1,0
18:38:18,18.6,59,0,0,1,0
18:39:18,18.6,59,0,0,1,0
18:40:18,18.6,59,0,0,1,0
18:41:18,18.5,59,0,0,1,0
18:42:18,18.5,59,0,0,1,0
18:43:18,18.5,59,0,0,1,0
18:44:19,18.5,59,0,0,1,0
18:45:18,18.5,59,0,0,1,0
18:46:18,18.5,59,0,0,1,0
18:47:18,18.5,59,0,0,1,0
18:48:18,18.5,59,0,0,1,0
18:49:18,18.5,59,0,0,1,0
18:50:18,18.5,59,0,0,1,0
18:51:18,18.5,59,0,0,1,0
18:52:18,18.5,59,0,0,1,0
18:53:18,18.5,59,0,0,1,0
18:54:18,18.5,59,0,0,1,0
18:55:18,18.5,59,0,0,1,0
18:56:18,18.5,59,0,0,1,0
18:57:18,18.4,59,0,0,1,0
18:58:18,18.4,59,0,0,1,0
18:59:18,18.4,59,0,0,1,0
19:00:18,18.4,59,0,0,1,0
19:01:18,18.4,59,0,0,1,0
19:02:18,18.4,59,0,0,1,0
19:03:18,18.4,59,0,0,1,0
19:04:21,18.4,59,0,0,1,0
19:05:18,18.4,59,0,0,1,0
19:06:18,18.3,59,0,0,1,0
19:07:18,18.3,59,0,0,1,0
19:08:18,18.3,59,0,0,1,0
19:09:18,18.3,59,0,0,1,0
19:10:18,18.3,59,0,0,1,0
19:11:18,18.3,59,0,0,1,0
19:12:18,18.3,59,0,0,1,0
19:13:19,18.3,60,0,0,1,0
19:14:18,18.3,60,0,0,1,0
19:15:18,18.4,59,0,0,1,0
19:16:18,18.3,59,0,0,1,0
19:17:18,18.4,59,0,0,1,0
19:18:18,18.4,60,0,0,1,0
19:19:18,18.3,59,0,0,1,0
19:20:18,18.3,59,0,0,1,0
19:21:18,18.3,59,0,0,1,0
19:22:18,18.3,59,0,0,1,0
19:23:18,18.3,59,0,0,1,0
19:24:19,18.3,59,0,0,1,0
19:25:18,18.3,59,0,0,1,0
19:26:18,18.3,59,0,0,1,0
19:27:18,18.3,59,0,0,1,0
19:28:18,18.3,60,0,0,1,0
19:29:18,18.3,60,0,0,1,0
19:30:18,18.4,60,0,0,1,0
19:31:18,18.4,59,0,0,1,0
19:32:18,18.4,59,0,0,1,0
19:33:19,18.4,59,0,0,1,0
19:34:20,18.4,59,0,0,1,0
19:35:19,18.4,59,0,0,1,0
19:36:19,18.4,59,0,0,1,0
19:37:19,18.4,59,0,0,1,0
19:38:19,18.4,59,0,0,1,0
19:39:19,18.4,59,0,0,1,0
19:40:19,18.3,59,0,0,1,0
19:41:21,18.3,59,0,0,1,0
19:42:19,18.3,59,0,0,1,0
19:44:19,18.3,59,0,0,1,0
19:45:19,18.3,59,0,0,1,0
19:46:19,18.3,59,0,0,1,0
19:47:19,18.3,59,0,0,1,0
19:48:19,18.2,59,0,0,1,0
19:49:19,18.2,59,0,0,1,0
19:50:19,18.2,59,0,0,1,0
19:51:19,18.2,59,0,0,1,0
19:52:19,18.2,59,0,0,1,0
19:55:19,18.2,59,0,0,1,0
19:56:19,18.1,59,0,0,1,0
19:57:19,18.2,59,0,0,1,0
19:58:19,18.1,59,0,0,1,0
20:01:19,18.2,59,0,0,1,0
20:02:19,18.2,59,0,0,1,0
20:03:19,18.2,59,0,0,1,0
20:04:19,18.2,59,0,0,1,0
20:05:19,18.2,59,0,0,1,0
20:06:19,18.2,59,0,0,1,0
20:07:19,18.1,59,0,0,1,0
20:08:19,18.1,59,0,0,1,0
20:09:19,18.1,59,0,0,1,0
20:10:19,18.1,59,0,0,1,0
20:11:19,18.2,59,0,0,1,0
20:12:19,18.2,59,0,0,1,0
20:13:20,18.2,59,0,0,1,0
20:14:19,18.1,59,0,0,1,0
20:15:19,18.1,59,0,0,1,0
20:16:19,18.1,59,0,0,1,0
20:17:19,18.1,59,0,0,1,0
20:18:19,18.1,59,0,0,1,0
20:21:19,18.1,59,0,0,1,0
20:22:21,18.1,59,0,0,1,0
20:24:19,18.1,59,0,0,1,0
20:25:20,18.1,59,0,0,1,0
20:26:19,18,59,0,0,1,0
20:27:22,18.1,59,0,0,1,0
20:28:19,18.1,59,0,0,1,0
20:29:22,18,59,0,0,1,0
20:30:19,18.1,59,0,0,1,0
20:33:22,18.1,60,0,0,1,0
20:34:19,18.1,59,0,0,1,0
20:35:22,18.1,59,0,0,1,0
20:37:20,18.1,59,0,0,1,0
20:38:22,18.1,59,0,0,1,0
20:39:19,18.1,59,0,0,1,0
20:40:19,18.1,59,0,0,1,0
20:41:20,18.1,59,0,0,1,0
20:42:19,18.1,59,0,0,1,0
20:43:19,18.1,59,0,0,1,0
20:44:20,18.1,59,0,0,1,0
20:45:20,18.1,59,0,0,1,0
20:46:19,18,59,0,0,1,0
20:47:19,18,59,0,0,1,0
20:48:22,18.1,59,0,0,1,0
20:49:23,18,59,0,0,1,0
20:50:19,18,59,0,0,1,0
20:51:19,18.1,59,0,0,1,0
20:52:19,18.1,59,0,0,1,0
20:53:19,18.1,59,0,0,1,0
20:54:19,18,59,0,0,1,0
20:55:19,18,59,0,0,1,0
20:56:19,18,59,0,0,1,0
20:59:19,18,59,0,0,1,0
21:00:19,18,59,0,0,1,0
21:01:19,18,59,0,0,1,0
21:02:19,18,60,0,0,1,0
21:03:19,18.1,59,0,0,1,0
21:04:19,18.1,59,0,0,1,0
21:05:19,18.1,59,0,0,1,0
21:06:24,18.1,59,0,0,1,0
21:07:20,18.1,59,0,0,1,0
21:08:19,18,59,0,0,1,0
21:09:19,18,59,0,0,1,0
21:10:19,18,59,0,0,1,0
21:11:19,18,59,0,0,1,0
21:12:19,18,59,0,0,1,0
21:14:19,18,59,0,0,1,0
21:15:20,18,59,0,0,1,0
21:16:19,18,59,0,0,1,0
21:17:19,18,59,0,0,1,0
21:18:20,18,59,0,0,1,0
21:19:20,18,59,0,0,1,0
21:20:19,18,59,0,0,1,0
21:21:19,18,59,0,0,1,0
21:22:19,17.9,59,0,0,1,0
21:23:19,18,59,0,0,1,0
21:24:19,17.9,59,0,0,1,0
21:25:19,17.9,59,0,0,1,0
21:26:19,17.9,59,0,0,1,0
21:27:19,17.9,59,0,0,1,0
21:28:19,17.9,59,0,0,1,0
21:29:19,18,59,0,0,1,0
21:30:19,17.9,59,0,0,1,0
21:31:19,17.9,59,0,0,1,0
21:32:19,17.9,59,0,0,1,0
21:33:19,17.9,59,0,0,1,0
21:34:19,17.9,59,0,0,1,0
21:35:19,17.9,59,0,0,1,0
21:36:19,17.9,59,0,0,1,0
21:37:19,17.9,59,0,0,1,0
21:38:19,17.9,59,0,0,1,0
21:39:19,17.9,58,0,0,1,0
21:40:19,17.9,59,0,0,1,0
21:41:19,17.8,59,0,0,1,0
21:42:20,17.8,59,0,0,1,0
21:43:19,17.8,59,0,0,1,0
21:44:19,17.8,59,0,0,1,0
21:45:19,17.8,59,0,0,1,0
21:46:19,17.8,59,0,0,1,0
21:47:19,17.8,58,0,0,1,0
21:48:19,17.8,58,0,0,1,0
21:49:19,17.8,59,0,0,1,0
21:50:19,17.8,58,0,0,1,0
21:51:20,17.8,58,0,0,1,0
21:52:19,17.8,58,0,0,1,0
21:53:19,17.9,58,0,0,1,0
21:54:19,17.8,58,0,0,1,0
21:55:19,17.9,58,0,0,1,0
21:56:19,17.8,58,0,0,1,0
21:57:20,17.8,58,0,0,1,0
21:58:19,17.8,58,0,0,1,0
21:59:19,17.7,58,0,0,1,0
22:00:19,17.7,59,0,0,1,0
22:01:19,17.8,58,0,0,1,0
22:02:21,17.9,58,0,0,1,0
22:06:20,17.8,58,0,0,1,0
22:09:21,17.7,58,0,0,1,0
22:10:21,17.7,59,0,0,1,0
22:11:19,17.7,59,0,0,1,0
22:12:21,17.7,59,0,0,1,0
22:14:20,17.7,58,0,0,1,0
22:15:20,17.7,59,0,0,1,0
22:16:21,17.7,58,0,0,1,0
22:17:23,17.7,58,0,0,1,0
22:18:22,17.7,58,0,0,1,0
22:21:20,17.7,58,0,0,1,0
22:22:22,17.7,58,0,0,1,0
22:23:20,17.7,58,0,0,1,0
22:26:22,17.7,58,0,0,1,0
22:27:21,17.7,58,0,0,1,0
22:28:20,17.8,58,0,0,1,0
22:29:20,17.7,58,0,0,1,0
22:30:20,17.7,58,0,0,1,0
22:31:21,17.7,58,0,0,1,0
22:32:20,17.7,58,0,0,1,0
22:33:24,17.7,58,0,0,1,0
22:34:24,17.6,58,0,0,1,0
22:35:20,17.6,58,0,0,1,0
22:36:20,17.6,58,0,0,1,0
22:37:20,17.6,58,0,0,1,0
22:38:20,17.5,58,0,0,1,0
22:39:20,17.6,58,0,0,1,0
22:40:20,17.6,59,0,0,1,0
22:44:20,17.6,58,0,0,1,0
22:45:20,17.6,59,0,0,1,0
22:46:20,17.6,58,0,0,1,0
22:47:20,17.6,58,0,0,1,0
22:48:20,17.6,58,0,0,1,0
22:49:20,17.6,58,0,0,1,0
22:50:20,17.6,58,0,0,1,0
22:51:20,17.6,58,0,0,1,0
22:52:20,17.6,58,0,0,1,0
22:53:21,17.6,58,0,0,1,0
22:54:22,17.6,58,0,0,1,0
22:55:20,17.6,58,0,0,1,0
22:56:21,17.6,58,0,0,1,0
22:57:20,17.6,58,0,0,1,0
22:58:20,17.6,58,0,0,1,0
22:59:20,17.6,58,0,0,1,0
23:00:20,17.6,58,0,0,1,0
23:01:20,17.5,58,0,0,1,0
23:02:20,17.6,58,0,0,1,0
23:03:20,17.5,58,0,0,1,0
23:04:22,17.5,58,0,0,1,0
23:05:20,17.5,58,0,0,1,0
23:07:20,17.4,59,0,0,1,0
23:08:20,17.5,59,0,0,1,0
23:09:20,17.5,59,0,0,1,0
23:10:20,17.5,59,0,0,1,0
23:11:20,17.5,59,0,0,1,0
23:12:20,17.5,59,0,0,1,0
23:13:20,17.5,59,0,0,1,0
23:14:20,17.5,59,0,0,1,0
23:15:20,17.4,59,0,0,1,0
23:16:20,17.5,59,0,0,1,0
23:17:20,17.5,59,0,0,1,0
23:18:21,17.5,59,0,0,1,0
23:19:20,17.5,59,0,0,1,0
23:20:20,17.5,59,0,0,1,0
23:21:20,17.5,59,0,0,1,0
23:22:20,17.5,59,0,0,1,0
23:23:20,17.5,58,0,0,1,0
23:24:21,17.4,59,0,0,1,0
23:25:20,17.4,59,0,0,1,0
23:26:20,17.4,59,0,0,1,0
23:27:20,17.4,59,0,0,1,0
23:28:20,17.5,59,0,0,1,0
23:29:20,17.4,59,0,0,1,0
23:30:20,17.5,59,0,0,1,0
23:31:20,17.4,59,0,0,1,0
23:32:20,17.4,59,0,0,1,0
23:33:20,17.5,59,0,0,1,0
23:34:20,17.5,59,0,0,1,0
23:35:20,17.4,59,0,0,1,0
23:36:20,17.4,59,0,0,1,0
23:37:20,17.5,59,0,0,1,0
23:38:20,17.5,58,0,0,1,0
23:39:20,17.4,58,0,0,1,0
23:40:20,17.4,59,0,0,1,0
23:41:20,17.4,59,0,0,1,0
23:42:20,17.4,59,0,0,1,0
23:43:20,17.3,59,0,0,1,0
23:44:20,17.3,59,0,0,1,0
23:45:20,17.3,59,0,0,1,0
23:46:20,17.3,59,0,0,1,0
23:47:20,17.3,59,0,0,1,0
23:48:20,17.3,59,0,0,1,0
23:49:20,17.3,59,0,0,1,0
23:50:20,17.3,59,0,0,1,0
23:51:20,17.3,59,0,0,1,0
23:52:20,17.3,59,0,0,1,0
23:53:20,17.3,59,0,0,1,0
23:54:20,17.3,59,0,0,1,0
23:55:20,17.3,59,0,0,1,0
23:56:20,17.3,59,0,0,1,0
23:57:20,17.3,59,0,0,1,0
23:58:20,17.3,59,0,0,1,0
23:59:20,17.3,59,0,0,1,0
00:00:20,17.3,59,0,0,1,0
00:01:20,17.3,59,0,0,1,0
00:02:20,17.4,59,0,0,1,0
00:03:20,17.4,59,0,0,1,0
00:04:20,17.4,59,0,0,1,0
00:05:20,17.4,59,0,0,1,0
00:06:20,17.4,59,0,0,1,0
00:07:20,17.5,59,0,0,1,0
00:08:20,17.4,58,0,0,1,0
00:09:20,17.4,58,0,0,1,0
00:10:20,17.3,59,0,0,1,0
00:11:20,17.3,59,0,0,1,0
00:12:20,17.4,59,0,0,1,0
00:13:21,17.4,58,0,0,1,0
00:14:20,17.3,58,0,0,1,0
00:15:20,17.3,59,0,0,1,0
00:16:21,17.3,59,0,0,1,0
00:17:20,17.3,59,0,0,1,0
00:18:21,17.3,59,0,0,1,0
00:19:20,17.3,59,0,0,1,0
00:20:20,17.3,59,0,0,1,0
00:21:20,17.3,59,0,0,1,0
00:22:20,17.3,58,0,0,1,0
00:23:20,17.3,58,0,0,1,0
00:24:20,17.3,58,0,0,1,0
00:25:20,17.2,58,0,0,1,0
00:26:20,17.3,58,0,0,1,0
00:27:20,17.4,58,0,0,1,0
00:28:20,17.4,58,0,0,1,0
00:29:20,17.4,58,0,0,1,0
00:30:20,17.4,58,0,0,1,0
00:31:20,17.5,58,0,0,1,0
00:32:20,17.5,58,0,0,1,0
00:33:21,17.4,58,0,0,1,0
00:34:21,17.4,58,0,0,1,0
00:35:20,17.3,58,0,0,1,0
00:36:20,17.4,58,0,0,1,0
00:37:20,17.4,58,0,0,1,0
00:38:20,17.4,58,0,0,1,0
00:39:20,17.3,58,0,0,1,0
00:40:20,17.3,58,0,0,1,0
00:41:20,17.3,58,0,0,1,0
00:42:20,17.2,58,0,0,1,0
00:43:20,17.2,58,0,0,1,0
00:44:20,17.2,58,0,0,1,0
00:45:20,17.2,58,0,0,1,0
00:46:20,17.2,58,0,0,1,0
00:47:20,17.1,58,0,0,1,0
00:48:21,17.1,58,0,0,1,0
00:49:20,17.1,58,0,0,1,0
00:50:20,17.1,58,0,0,1,0
00:51:20,17.1,58,0,0,1,0
00:52:20,17.1,58,0,0,1,0
00:53:20,17.2,58,0,0,1,0
00:54:20,17.2,58,0,0,1,0
00:55:20,17.1,58,0,0,1,0
00:56:20,17.1,58,0,0,1,0
00:57:20,17,58,0,0,1,0
00:58:20,17.1,58,0,0,1,0
00:59:20,17.1,58,0,0,1,0
01:00:20,17,58,0,0,1,0
01:01:20,17,58,0,0,1,0
01:02:20,17.1,59,0,0,1,0
01:03:20,17.1,58,0,0,1,0
01:04:20,17.1,58,0,0,1,0
01:05:20,17.1,58,0,0,1,0
01:06:20,17.1,58,0,0,1,0
01:07:20,17.1,58,0,0,1,0
01:08:20,17,58,0,0,1,0
01:09:20,17.1,58,0,0,1,0
01:10:20,17.1,58,0,0,1,0
01:11:20,17.1,58,0,0,1,0
01:12:20,17.2,58,0,0,1,0
01:13:20,17.2,59,0,0,1,0
01:14:20,17.6,63,0,0,1,0
01:15:20,18.3,66,0,0,1,0
01:16:20,18.8,67,0,0,1,0
01:17:20,18.8,66,0,0,1,0
01:18:20,18.5,64,0,0,1,0
01:19:20,18.2,64,0,0,1,0
01:20:20,18,63,0,0,1,0
01:21:20,17.9,62,0,0,1,0
01:22:20,17.8,62,0,0,1,0
01:23:20,17.7,61,0,0,1,0
01:24:20,17.7,60,0,0,1,0
01:25:20,17.6,60,0,0,1,0
01:26:20,17.6,60,0,0,1,0
01:27:20,17.6,60,0,0,1,0
01:28:20,17.5,59,0,0,1,0
01:29:20,17.4,59,0,0,1,0
01:30:21,17.4,59,0,0,1,0
01:31:22,17.4,59,0,0,1,0
01:33:21,17.3,59,0,0,1,0
01:34:21,17.3,58,0,0,1,0
01:35:21,17.3,58,0,0,1,0
01:36:21,17.3,58,0,0,1,0
01:37:21,17.2,58,0,0,1,0
01:38:21,17.3,58,0,0,1,0
01:39:21,17.2,58,0,0,1,0
01:40:21,17.2,58,0,0,1,0
01:41:21,17.2,59,0,0,1,0
01:42:21,17.3,58,0,0,1,0
01:43:21,17.3,58,0,0,1,0
01:44:21,17.3,58,0,0,1,0
01:45:21,17.3,58,0,0,1,0
01:46:21,17.3,58,0,0,1,0
01:47:21,17.3,58,0,0,1,0
01:48:21,17.3,58,0,0,1,0
01:49:21,17.3,58,0,0,1,0
01:50:21,17.2,58,0,0,1,0
01:51:21,17.2,58,0,0,1,0
01:52:21,17.1,58,0,0,1,0
01:53:21,17.1,58,0,0,1,0
01:54:21,17.1,58,0,0,1,0
01:55:21,17.2,58,0,0,1,0
01:56:21,17.1,58,0,0,1,0
01:57:21,17.1,58,0,0,1,0
01:58:21,17.1,58,0,0,1,0
01:59:21,17.1,58,0,0,1,0
02:00:21,17.1,58,0,0,1,0
02:01:21,17,58,0,0,1,0
02:02:21,17,58,0,0,1,0
02:03:21,17,58,0,0,1,0
02:04:21,17.1,58,0,0,1,0
02:05:21,17,58,0,0,1,0
02:06:21,17,58,0,0,1,0
02:07:21,17,58,0,0,1,0
02:08:21,17,58,0,0,1,0
02:09:21,17,58,0,0,1,0
02:10:21,17,58,0,0,1,0
02:11:21,17,58,0,0,1,0
02:12:21,17,58,0,0,1,0
02:13:21,17,58,0,0,1,0
02:14:21,17,58,0,0,1,0
02:15:21,16.9,58,0,0,1,0
02:16:21,16.9,58,0,0,1,0
02:17:21,16.9,58,0,0,1,0
02:18:21,17,58,0,0,1,0
02:19:21,17,58,0,0,1,0
02:20:21,17,58,0,0,1,0
02:21:21,17.1,59,0,0,1,0
02:22:21,17.5,63,0,0,1,0
02:23:21,18.1,66,0,0,1,0
02:24:21,18.6,68,0,0,1,0
02:25:21,18.7,67,0,0,1,0
02:26:21,18.4,65,0,0,1,0
02:27:21,18.2,64,0,0,1,0
02:28:21,17.9,63,0,0,1,0
02:29:21,17.8,62,0,0,1,0
02:30:21,17.7,62,0,0,1,0
02:31:21,17.6,61,0,0,1,0
02:32:21,17.6,60,0,0,1,0
02:33:21,17.6,60,0,0,1,0
02:34:21,17.6,60,0,0,1,0
02:35:21,17.5,59,0,0,1,0
02:36:21,17.5,59,0,0,1,0
02:37:21,17.5,59,0,0,1,0
02:38:21,17.4,59,0,0,1,0
02:39:21,17.4,59,0,0,1,0
02:40:21,17.3,58,0,0,1,0
02:41:21,17.3,58,0,0,1,0
02:42:21,17.2,58,0,0,1,0
02:43:21,17.2,58,0,0,1,0
02:44:21,17.2,58,0,0,1,0
02:45:21,17.2,58,0,0,1,0
02:46:21,17.2,58,0,0,1,0
02:47:21,17.1,58,0,0,1,0
02:48:21,17.1,58,0,0,1,0
02:49:22,17.1,58,0,0,1,0
02:50:21,17.1,58,0,0,1,0
02:51:21,17.1,58,0,0,1,0
02:52:21,17.1,58,0,0,1,0
02:53:21,17,58,0,0,1,0
02:54:21,17,58,0,0,1,0
02:55:21,17,58,0,0,1,0
02:56:21,17,58,0,0,1,0
02:57:21,17,58,0,0,1,0
02:58:21,17,58,0,0,1,0
02:59:21,16.9,58,0,0,1,0
03:00:21,16.9,58,0,0,1,0
03:01:21,17,58,0,0,1,0
03:02:21,16.9,58,0,0,1,0
03:03:21,16.9,58,0,0,1,0
03:04:21,16.9,58,0,0,1,0
03:05:21,16.9,58,0,0,1,0
03:06:21,16.9,58,0,0,1,0
03:07:21,16.9,58,0,0,1,0
03:08:21,17,58,0,0,1,0
03:09:24,17.1,61,0,0,1,0
03:10:21,17.6,65,0,0,1,0
03:11:21,18.2,67,0,0,1,0
03:12:21,18.8,70,0,0,1,0
03:13:21,18.9,68,0,0,1,0
03:14:21,18.7,66,0,0,1,0
03:15:21,18.4,65,0,0,1,0
03:16:21,18.2,64,0,0,1,0
03:17:21,18,63,0,0,1,0
03:18:21,17.9,62,0,0,1,0
03:19:21,17.7,61,0,0,1,0
03:20:21,17.7,61,0,0,1,0
03:21:21,17.6,60,0,0,1,0
03:22:21,17.5,60,0,0,1,0
03:23:21,17.5,60,0,0,1,0
03:24:21,17.4,59,0,0,1,0
03:25:21,17.4,59,0,0,1,0
03:26:21,17.3,59,0,0,1,0
03:27:21,17.3,59,0,0,1,0
03:28:21,17.3,59,0,0,1,0
03:29:21,17.3,59,0,0,1,0
03:30:21,17.2,59,0,0,1,0
03:31:21,17.2,59,0,0,1,0
03:32:21,17.2,59,0,0,1,0
03:33:21,17.2,58,0,0,1,0
03:34:21,17.2,58,0,0,1,0
03:35:21,17.1,58,0,0,1,0
03:36:21,17.1,58,0,0,1,0
03:37:22,17.1,58,0,0,1,0
03:38:21,17,58,0,0,1,0
03:39:21,17,58,0,0,1,0
03:40:21,17,58,0,0,1,0
03:41:21,17,58,0,0,1,0
03:42:21,17,58,0,0,1,0
03:43:21,17,58,0,0,1,0
03:44:21,17,58,0,0,1,0
03:45:21,16.9,58,0,0,1,0
03:46:21,16.9,58,0,0,1,0
03:47:21,17,58,0,0,1,0
03:48:21,16.9,58,0,0,1,0
03:49:21,16.9,58,0,0,1,0
03:50:21,17,58,0,0,1,0
03:51:21,17,58,0,0,1,0
03:52:21,16.9,57,0,0,1,0
03:53:21,16.9,58,0,0,1,0
03:54:21,16.9,58,0,0,1,0
03:55:21,16.8,58,0,0,1,0
03:56:21,16.8,58,0,0,1,0
03:57:21,16.9,58,0,0,1,0
03:58:21,16.8,58,0,0,1,0
03:59:22,16.8,58,0,0,1,0
04:00:21,16.9,60,0,0,1,0
04:01:21,17.4,64,0,0,1,0
04:02:21,18.1,67,0,0,1,0
04:03:21,18.6,69,0,0,1,0
04:04:21,18.8,68,0,0,1,0
04:05:21,18.5,66,0,0,1,0
04:06:21,18.3,65,0,0,1,0
04:07:22,18,64,0,0,1,0
04:08:21,17.8,63,0,0,1,0
04:09:21,17.7,62,0,0,1,0
04:10:22,17.6,62,0,0,1,0
04:11:21,17.5,61,0,0,1,0
04:12:21,17.4,60,0,0,1,0
04:13:21,17.4,60,0,0,1,0
04:14:21,17.3,60,0,0,1,0
04:15:21,17.3,60,0,0,1,0
04:16:21,17.3,59,0,0,1,0
04:17:21,17.3,59,0,0,1,0
04:18:21,17.2,59,0,0,1,0
04:19:21,17.2,59,0,0,1,0
04:20:21,17.2,59,0,0,1,0
04:21:21,17.2,58,0,0,1,0
04:22:21,17.2,59,0,0,1,0
04:23:21,17.4,62,0,0,1,0
04:24:21,18,66,0,0,1,0
04:25:21,18.6,69,0,0,1,0
04:26:22,18.9,70,0,0,1,1
04:28:31,19,70,0,0,1,0
04:29:31,18.3,65,0,0,1,0
04:30:31,18.1,64,0,0,1,0
04:31:31,17.9,63,0,0,1,0
04:32:31,17.8,62,0,0,1,0
04:33:31,17.7,61,0,0,1,0
04:34:31,17.7,61,0,0,1,0
04:35:31,17.6,60,0,0,1,0
04:36:31,17.5,60,0,0,1,0
04:37:31,17.5,60,0,0,1,0
04:38:31,17.5,60,0,0,1,0
04:39:31,17.5,59,0,0,1,0
04:40:31,17.5,59,0,0,1,0
04:41:31,17.5,59,0,0,1,0
04:42:31,17.5,59,0,0,1,0
04:43:31,17.5,59,0,0,1,0
04:44:31,17.4,58,0,0,1,0
04:45:31,17.4,58,0,0,1,0
04:46:31,17.4,58,0,0,1,0
04:47:31,17.4,58,0,0,1,0
04:48:31,17.4,58,0,0,1,0
04:49:31,17.4,58,0,0,1,0
04:50:31,17.3,58,0,0,1,0
04:51:31,17.3,58,0,0,1,0
04:52:31,17.6,62,0,0,1,0
04:53:31,18.2,66,0,0,1,0
04:54:31,18.7,69,0,0,1,0
04:55:31,18.9,68,0,0,1,0
04:56:31,18.6,66,0,0,1,0
04:57:31,18.4,65,0,0,1,0
04:58:31,18.1,64,0,0,1,0
04:59:31,18,63,0,0,1,0
05:00:31,17.9,62,0,0,1,0
05:01:31,17.8,61,0,0,1,0
05:02:31,17.8,61,0,0,1,0
05:03:31,17.7,60,0,0,1,0
05:04:31,17.6,60,0,0,1,0
05:05:31,17.5,60,0,0,1,0
05:06:34,17.5,60,0,0,1,0
05:07:31,17.4,59,0,0,1,0
05:08:31,17.4,59,0,0,1,0
05:09:31,17.4,59,0,0,1,0
05:10:31,17.3,59,0,0,1,0
05:11:31,17.3,58,0,0,1,0
05:12:31,17.3,58,0,0,1,0
05:13:31,17.3,58,0,0,1,0
05:14:31,17.3,58,0,0,1,0
05:15:32,17.2,58,0,0,1,0
05:16:31,17.2,58,0,0,1,0
05:17:31,17.2,60,0,0,1,0
05:18:31,17.7,64,0,0,1,0
05:19:31,18.2,68,0,0,1,0
05:20:31,18.8,69,0,0,1,0
05:21:31,18.7,67,0,0,1,0
05:22:31,18.4,65,0,0,1,0
05:23:31,18.2,64,0,0,1,0
05:24:31,18,63,0,0,1,0
05:25:31,17.9,62,0,0,1,0
05:26:31,17.8,61,0,0,1,0
05:27:31,17.7,61,0,0,1,0
05:28:31,17.6,60,0,0,1,0
05:29:31,17.5,60,0,0,1,0
05:30:31,17.5,60,0,0,1,0
05:31:31,17.4,59,0,0,1,0
05:32:31,17.3,59,0,0,1,0
05:33:31,17.3,59,0,0,1,0
05:34:31,17.3,59,0,0,1,0
05:35:31,17.2,59,0,0,1,0
05:36:31,17.2,58,0,0,1,0
05:37:31,17.2,58,0,0,1,0
05:38:31,17.2,58,0,0,1,0
05:39:31,17.2,58,0,0,1,0
05:40:31,17.4,62,0,0,1,0
05:41:31,18,66,0,0,1,0
05:42:31,18.6,68,0,0,1,0
05:43:31,18.9,68,0,0,1,0
05:44:31,18.7,66,0,0,1,0
05:45:31,18.4,64,0,0,1,0
05:46:31,18.1,63,0,0,1,0
05:47:31,18,62,0,0,1,0
05:48:31,17.8,62,0,0,1,0
05:49:31,17.7,61,0,0,1,0
05:50:31,17.6,60,0,0,1,0
05:51:31,17.6,60,0,0,1,0
05:52:31,17.5,59,0,0,1,0
05:53:31,17.4,59,0,0,1,0
05:54:31,17.4,59,0,0,1,0
05:55:33,17.3,59,0,0,1,0
05:56:31,17.3,59,0,0,1,0
05:57:31,17.2,59,0,0,1,0
05:58:31,17.2,59,0,0,1,0
05:59:31,17.2,59,0,0,1,0
06:00:31,17.2,58,0,0,1,0
06:01:31,17.1,58,0,0,1,0
06:02:32,17.1,58,0,0,1,0
06:03:31,17.1,58,0,0,1,0
06:04:31,17.1,58,0,0,1,0
06:05:31,17,58,0,0,1,0
06:06:31,17,58,0,0,1,0
06:07:31,17,58,0,0,1,0
06:08:31,17,58,0,0,1,0
06:09:31,17.2,62,0,0,1,0
06:10:31,17.9,66,0,0,1,0
06:11:31,18.4,68,0,0,1,0
06:12:31,18.7,67,0,0,1,0
06:13:31,18.4,65,0,0,1,0
06:14:31,18.2,64,0,0,1,0
06:15:31,18,63,0,0,1,0
06:16:31,17.8,62,0,0,1,0
06:17:31,17.7,62,0,0,1,0
06:18:31,17.6,61,0,0,1,0
06:19:31,17.5,61,0,0,1,0
06:20:31,17.6,60,0,0,1,0
06:21:31,17.5,60,0,0,1,0
06:22:31,17.4,59,0,0,1,0
06:23:31,17.3,59,0,0,1,0
06:24:31,17.3,59,0,0,1,0
06:25:31,17.2,59,0,0,1,0
06:26:31,17.1,59,0,0,1,0
06:27:31,17.1,58,0,0,1,0
06:28:31,17.1,58,0,0,1,0
06:29:33,17,58,0,0,1,0
06:30:31,17,58,0,0,1,0
06:31:31,17,58,0,0,1,0
06:32:31,17,58,0,0,1,0
06:33:31,17,58,0,0,1,0
06:34:31,17,58,0,0,1,0
06:35:31,17,58,0,0,1,0
06:36:31,16.9,58,0,0,1,0
06:37:31,16.9,58,0,0,1,0
06:38:31,16.9,58,0,0,1,0
06:39:31,16.9,58,0,0,1,0
06:40:31,16.9,58,0,0,1,0
06:41:31,16.9,58,0,0,1,0
06:42:31,16.9,58,0,0,1,0
06:43:31,16.8,58,0,0,1,0
06:44:31,16.8,58,0,0,1,0
06:45:31,16.8,58,0,0,1,0
06:46:31,17,62,0,0,1,0
06:47:31,17.7,65,0,0,1,0
06:48:31,18.3,68,0,0,1,0
06:49:31,18.8,70,0,0,1,0
06:50:31,18.7,68,0,0,1,0
06:51:31,18.5,66,0,0,1,0
06:52:31,18.2,65,0,0,1,0
06:53:31,18,63,0,0,1,0
06:54:31,17.8,63,0,0,1,0
06:55:31,17.7,62,0,0,1,0
06:56:31,17.6,61,0,0,1,0
06:57:32,17.5,61,0,0,1,0
06:58:31,17.5,60,0,0,1,0
06:59:31,17.4,60,0,0,1,0
07:00:31,17.4,60,0,0,1,0
07:01:31,17.4,59,0,0,1,0
07:02:31,17.4,59,0,0,1,0
07:03:31,17.3,59,0,0,1,0
07:04:31,17.3,59,0,0,1,0
07:05:31,17.3,59,0,0,1,0
07:06:31,17.2,59,0,0,1,0
07:07:31,17.2,58,0,0,1,0
07:08:32,17.2,59,0,0,1,0
07:09:31,17.1,59,0,0,1,0
07:10:31,17.1,59,0,0,1,0
07:11:31,17.1,59,0,0,1,0
07:12:31,17.1,59,0,0,1,0
07:13:31,17.4,64,0,0,1,0
07:14:31,18,67,0,0,1,0
07:15:31,18.6,69,0,0,1,0
07:16:32,18.9,69,0,0,1,0
07:17:32,18.7,67,0,0,1,0
07:18:32,18.4,65,0,0,1,0
07:19:32,18.2,64,0,0,1,0
07:20:32,18,63,0,0,1,0
07:21:34,17.9,62,0,0,1,0
07:22:32,17.8,62,0,0,1,0
07:23:32,17.7,61,0,0,1,0
07:24:32,17.6,61,0,0,1,0
07:25:32,17.5,60,0,0,1,0
07:26:32,17.5,60,0,0,1,0
07:27:32,17.4,60,0,0,1,0
07:28:32,17.4,60,0,0,1,0
07:29:32,17.3,60,0,0,1,0
07:30:32,17.3,60,0,0,1,0
07:31:32,17.3,59,0,0,1,0
07:32:32,17.3,59,0,0,1,0
07:33:32,17.3,59,0,0,1,0
07:34:33,17.3,59,0,0,1,0
07:35:32,17.3,59,0,0,1,0
07:36:32,17.4,59,0,0,1,0
07:37:32,17.3,59,0,0,1,0
07:38:32,17.3,59,0,0,1,0
07:39:32,17.4,60,0,0,1,0
07:40:32,17.8,65,0,0,1,0
07:41:32,18.4,68,0,0,1,0
07:42:32,18.8,70,0,0,1,0
07:43:32,18.8,67,0,0,1,0
07:44:32,18.6,66,0,0,1,0
07:45:32,18.3,65,0,0,1,0
07:46:32,18.1,64,0,0,1,0
07:47:32,17.9,63,0,0,1,0
07:48:32,17.8,62,0,0,1,0
07:49:32,17.7,62,0,0,1,0
07:50:32,17.7,61,0,0,1,0
07:51:32,17.6,61,0,0,1,0
07:52:32,17.6,60,0,0,1,0
07:53:32,17.6,60,0,0,1,0
07:54:32,17.5,60,0,0,1,0
07:55:32,17.4,60,0,0,1,0
07:56:32,17.4,60,0,0,1,0
07:57:32,17.4,60,0,0,1,0
07:58:32,17.3,60,0,0,1,0
07:59:32,17.3,60,0,0,1,0
08:00:32,17.3,60,0,0,1,0
08:01:32,17.3,59,0,0,1,0
08:02:32,17.3,59,0,0,1,0
08:03:32,17.2,59,0,0,1,0
08:04:32,17.3,59,0,0,1,0
08:05:32,17.3,59,0,0,1,0
08:06:32,17.3,59,0,0,1,0
08:07:32,17.4,59,0,0,1,0
08:08:32,17.4,59,0,0,1,0
08:09:32,17.4,59,0,0,1,0
08:10:32,17.4,59,0,0,1,0
08:11:32,17.3,59,0,0,1,0
08:12:32,17.4,60,0,0,1,0
08:13:32,17.4,60,0,0,1,0
08:14:32,17.3,59,0,0,1,0
08:15:32,17.3,59,0,0,1,0
08:16:32,17.3,60,0,0,1,0
08:17:32,17.2,60,0,0,1,0
08:18:32,17.3,60,0,0,1,0
08:19:32,17.2,60,0,0,1,0
08:20:32,17.2,59,0,0,1,0
08:21:32,17.2,59,0,0,1,0
08:22:32,17.2,59,0,0,1,0
08:23:32,17.2,59,0,0,1,0
08:24:32,17.1,59,0,0,1,0
08:25:32,17.2,60,0,0,1,0
08:26:32,17.2,60,0,0,1,0
08:27:32,17.2,59,0,0,1,0
08:28:32,17.2,59,0,0,1,0
08:29:32,17.3,59,0,0,1,0
08:30:32,17.3,59,0,0,1,0
08:31:32,17.3,59,0,0,1,0
08:32:32,17.3,59,0,0,1,0
11:52:38,30,60,0,0,1,0
14:05:37,21.5,52,0,0,1,0
14:06:37,21.6,52,0,0,1,0
14:07:37,21.6,52,0,0,1,0
14:08:37,21.5,51,0,0,1,0
14:10:46,20.2,53,0,0,1,0
14:11:46,19.5,55,0,0,1,0
14:12:46,19.1,56,0,0,1,0
14:13:46,18.8,57,0,0,1,0
14:14:46,18.7,58,0,0,1,0
14:16:46,18.6,58,0,0,1,0
14:17:46,18.6,59,0,0,1,0
14:18:46,18.5,59,0,0,1,0
14:19:46,18.6,59,0,0,1,0
14:20:46,18.6,59,0,0,1,0
14:21:46,18.6,58,0,0,1,0
14:22:46,18.6,58,0,0,1,0
14:23:46,18.5,59,0,0,1,0
14:24:46,18.5,59,0,0,1,0
14:25:46,18.5,59,0,0,1,0
14:26:47,18.5,59,0,0,1,0
14:27:47,18.6,59,0,0,1,0
14:28:47,18.6,59,0,0,1,0
14:29:47,18.5,59,0,0,1,0
14:30:47,18.6,59,0,0,1,0
14:31:48,18.6,59,0,0,1,0
14:32:47,18.6,59,0,0,1,0
14:33:47,18.5,59,0,0,1,0
14:34:47,18.5,59,0,0,1,0
14:35:47,18.5,59,0,0,1,0
14:36:47,18.5,59,0,0,1,0
14:37:47,18.5,59,0,0,1,0
14:38:47,18.5,59,0,0,1,0
14:39:47,18.5,59,0,0,1,0
14:40:47,18.6,59,0,0,1,0
14:41:47,18.6,59,0,0,1,0
14:42:47,18.6,59,0,0,1,0
14:43:47,18.6,59,0,0,1,0
14:44:47,18.6,59,0,0,1,0
14:45:47,18.6,59,0,0,1,0
14:46:47,18.6,59,0,0,1,0
14:47:47,18.6,59,0,0,1,0
14:48:47,18.7,59,0,0,1,0
14:49:47,18.6,59,0,0,1,0
14:50:47,18.6,59,0,0,1,0
14:51:47,18.7,59,0,0,1,0
14:52:47,18.7,59,0,0,1,0
14:53:47,18.6,59,0,0,1,0
14:54:47,18.6,59,0,0,1,0
14:55:47,18.6,59,0,0,1,0
14:56:47,18.6,59,0,0,1,0
14:57:47,18.6,59,0,0,1,0
14:58:47,18.6,59,0,0,1,0
14:59:47,18.6,59,0,0,1,0
15:00:47,18.6,59,0,0,1,0
15:01:47,18.6,59,0,0,1,0
15:02:47,18.6,59,0,0,1,0
15:03:47,18.5,59,0,0,1,0
15:04:47,18.5,59,0,0,1,0
15:05:47,18.6,59,0,0,1,0
15:06:47,18.6,59,0,0,1,0
15:07:47,18.6,59,0,0,1,0
15:08:47,18.6,59,0,0,1,0
15:09:47,18.6,59,0,0,1,0
15:10:50,18.6,59,0,0,1,0
15:11:47,18.5,59,0,0,1,0
15:12:47,18.5,59,0,0,1,0
15:13:47,18.5,59,0,0,1,0
15:14:47,18.6,59,0,0,1,0
15:15:47,18.6,59,0,0,1,0
15:16:47,18.6,59,0,0,1,0
15:17:48,18.6,59,0,0,1,0
15:18:48,18.6,59,0,0,1,0
15:19:48,18.5,59,0,0,1,0
15:20:47,18.5,59,0,0,1,0
15:21:48,18.5,59,0,0,1,0
15:22:47,18.5,59,0,0,1,0
15:23:47,18.5,59,0,0,1,0
15:24:47,18.5,59,0,0,1,0
15:25:47,18.6,59,0,0,1,0
15:26:47,18.6,59,0,0,1,0
15:27:47,18.6,59,0,0,1,0
15:28:47,18.6,59,0,0,1,0
15:29:47,18.6,59,0,0,1,0
15:30:47,18.6,59,0,0,1,0
15:31:47,18.6,59,0,0,1,0
15:32:47,18.6,59,0,0,1,0
15:33:47,18.6,59,0,0,1,0
15:34:47,18.6,59,0,0,1,0
15:35:48,18.6,59,0,0,1,0
15:36:48,18.6,59,0,0,1,0
15:37:47,18.6,59,0,0,1,0
15:38:48,18.6,59,0,0,1,0
15:39:48,18.6,59,0,0,1,0
15:40:48,18.6,59,0,0,1,0
15:41:48,18.7,59,0,0,1,0
15:42:48,18.6,59,0,0,1,0
15:43:48,18.6,59,0,0,1,0
15:44:48,18.6,59,0,0,1,0
15:45:48,18.6,59,0,0,1,0
15:46:48,18.7,59,0,0,1,0
15:47:48,18.7,59,0,0,1,0
15:48:48,18.7,59,0,0,1,0
15:49:48,18.7,58,0,0,1,0
15:50:48,18.7,58,0,0,1,0
15:51:50,18.7,59,0,0,1,0
15:52:48,18.7,59,0,0,1,0
15:53:48,18.6,59,0,0,1,0
15:54:48,18.6,59,0,0,1,0
15:55:48,18.5,59,0,0,1,0
15:56:49,18.6,59,0,0,1,0
15:57:48,18.6,59,0,0,1,0
15:58:48,18.6,59,0,0,1,0
15:59:50,18.7,58,0,0,1,0
16:00:48,18.7,58,0,0,1,0
16:01:48,18.6,59,0,0,1,0
16:02:50,18.6,59,0,0,1,0
16:03:48,18.6,59,0,0,1,0
16:04:48,18.6,59,0,0,1,0
16:05:48,18.6,59,0,0,1,0
16:06:49,18.7,59,0,0,1,0
16:07:50,18.6,59,0,0,1,0
16:08:48,18.6,59,0,0,1,0
16:09:49,18.7,59,0,0,1,0
16:10:48,18.6,59,0,0,1,0
16:11:53,18.7,59,0,0,1,0
16:12:48,18.6,59,0,0,1,0
16:13:48,18.7,59,0,0,1,0
16:14:49,18.6,59,0,0,1,0
16:15:48,18.6,58,0,0,1,0
16:16:48,18.6,58,0,0,1,0
16:18:48,18.7,58,0,0,1,0
16:19:49,18.7,58,0,0,1,0
16:20:48,18.7,58,0,0,1,0
16:21:48,18.7,59,0,0,1,0
16:22:48,18.6,59,0,0,1,0
16:23:48,18.6,59,0,0,1,0
16:24:48,18.7,59,0,0,1,0
16:25:48,18.7,59,0,0,1,0
16:26:48,18.7,60,0,0,1,0
16:27:48,18.7,60,0,0,1,0
16:28:48,18.7,60,0,0,1,0
16:29:48,18.7,60,0,0,1,0
16:30:48,18.7,60,0,0,1,0
16:31:48,18.7,60,0,0,1,0
16:32:48,18.7,60,0,0,1,0
16:33:49,18.8,60,0,0,1,0
16:34:49,18.8,60,0,0,1,0
16:35:49,18.8,60,0,0,1,0
16:36:49,18.8,60,0,0,1,0
16:37:49,18.7,60,0,0,1,0
16:38:49,18.8,60,0,0,1,0
16:39:49,18.7,60,0,0,1,0
16:40:49,18.8,60,0,0,1,0
16:41:49,18.8,59,0,0,1,0
16:42:49,18.8,59,0,0,1,0
16:43:49,18.8,59,0,0,1,0
16:44:49,18.8,59,0,0,1,0
16:45:50,18.8,59,0,0,1,0
16:46:49,18.8,59,0,0,1,0
16:47:50,18.7,59,0,0,1,0
16:48:49,18.7,59,0,0,1,0
16:49:50,18.7,59,0,0,1,0
16:50:50,18.7,59,0,0,1,0
16:51:50,18.6,59,0,0,1,0
16:52:50,18.7,59,0,0,1,0
16:53:50,18.7,59,0,0,1,0
16:54:50,18.6,59,0,0,1,0
16:55:50,18.7,59,0,0,1,0
16:56:50,18.7,59,0,0,1,0
16:57:50,18.7,59,0,0,1,0
16:58:50,18.7,59,0,0,1,0
16:59:50,18.7,59,0,0,1,0
17:00:50,18.7,59,0,0,1,0
17:01:50,18.7,59,0,0,1,0
17:02:51,18.7,59,0,0,1,0
17:03:50,18.7,59,0,0,1,0
17:04:50,18.7,59,0,0,1,0
17:05:51,18.6,59,0,0,1,0
17:06:51,18.6,59,0,0,1,0
17:07:51,18.7,59,0,0,1,0
17:08:51,18.7,59,0,0,1,0
17:09:51,18.7,59,0,0,1,0
17:10:51,18.7,59,0,0,1,0
17:11:51,18.7,59,0,0,1,0
17:12:51,18.7,59,0,0,1,0
17:13:51,18.6,59,0,0,1,0
17:14:51,18.6,59,0,0,1,0
17:15:51,18.6,59,0,0,1,0
17:16:51,18.6,59,0,0,1,0
17:17:51,18.6,59,0,0,1,0
17:18:51,18.6,59,0,0,1,0
17:19:51,18.6,59,0,0,1,0
17:20:51,18.6,59,0,0,1,0
17:21:51,18.6,59,0,0,1,0
17:22:51,18.6,59,0,0,1,0
17:23:51,18.7,59,0,0,1,0
17:24:51,18.7,59,0,0,1,0
17:25:51,18.7,59,0,0,1,0
17:26:51,18.7,59,0,0,1,0
17:27:51,18.7,58,0,0,1,0
17:28:51,18.6,59,0,0,1,0
17:29:52,18.6,59,0,0,1,0
17:30:51,18.6,59,0,0,1,0
17:31:51,18.6,59,0,0,1,0
17:32:51,18.6,59,0,0,1,0
17:33:51,18.6,59,0,0,1,0
17:34:52,18.6,59,0,0,1,0
17:35:51,18.5,59,0,0,1,0
17:36:51,18.5,59,0,0,1,0
17:37:51,18.5,59,0,0,1,0
17:38:51,18.5,59,0,0,1,0
17:39:51,18.6,59,0,0,1,0
17:40:52,18.6,59,0,0,1,0
17:41:51,18.6,59,0,0,1,0
17:42:51,18.5,59,0,0,1,0
17:43:52,18.5,59,0,0,1,0
17:44:51,18.5,59,0,0,1,0
17:45:52,18.5,59,0,0,1,0
17:46:52,18.5,59,0,0,1,0
17:47:52,18.5,59,0,0,1,0
17:48:52,18.5,59,0,0,1,0
17:49:52,18.5,59,0,0,1,0
17:50:52,18.5,59,0,0,1,0
17:51:53,18.5,59,0,0,1,0
17:52:52,18.5,59,0,0,1,0
17:53:52,18.5,59,0,0,1,0
17:54:52,18.5,59,0,0,1,0
17:55:52,18.5,59,0,0,1,0
17:56:52,18.4,59,0,0,1,0
17:57:52,18.5,59,0,0,1,0
17:58:53,18.5,59,0,0,1,0
17:59:52,18.5,59,0,0,1,0
18:00:52,18.5,59,0,0,1,0
18:01:54,18.5,60,0,0,1,0
18:02:52,18.5,60,0,0,1,0
18:03:54,18.4,60,0,0,1,0
18:04:55,18.5,60,0,0,1,0
18:05:52,18.5,60,0,0,1,0
18:06:52,18.5,60,0,0,1,0
18:07:52,18.5,60,0,0,1,0
18:08:52,18.5,59,0,0,1,0
18:09:52,18.5,60,0,0,1,0
18:10:52,18.5,59,0,0,1,0
18:11:52,18.4,59,0,0,1,0
18:12:52,18.4,60,0,0,1,0
18:13:52,18.5,60,0,0,1,0
18:14:52,18.5,59,0,0,1,0
18:15:53,18.4,60,0,0,1,0
18:16:52,18.4,60,0,0,1,0
18:17:52,18.4,60,0,0,1,0
18:18:52,18.4,60,0,0,1,0
18:19:52,18.4,60,0,0,1,0
18:20:52,18.4,60,0,0,1,0
18:21:52,18.5,60,0,0,1,0
18:22:52,18.4,60,0,0,1,0
18:23:52,18.4,60,0,0,1,0
18:24:52,18.4,60,0,0,1,0
18:25:52,18.4,60,0,0,1,0
18:26:52,18.4,60,0,0,1,0
18:27:53,18.4,60,0,0,1,0
18:28:52,18.4,59,0,0,1,0
18:29:54,18.4,60,0,0,1,0
18:30:53,18.3,60,0,0,1,0
18:31:53,18.4,60,0,0,1,0
18:32:53,18.5,60,0,0,1,0
18:33:54,18.4,60,0,0,1,0
18:34:53,18.4,60,0,0,1,0
18:35:53,18.4,60,0,0,1,0
18:36:54,18.3,60,0,0,1,0
18:37:53,18.4,60,0,0,1,0
18:38:53,18.3,60,0,0,1,0
18:39:53,18.4,60,0,0,1,0
18:40:53,18.4,60,0,0,1,0
18:41:53,18.4,60,0,0,1,0
18:42:53,18.4,60,0,0,1,0
18:43:53,18.4,60,0,0,1,0
18:44:53,18.5,60,0,0,1,0
18:45:53,18.5,60,0,0,1,0
18:46:53,18.4,60,0,0,1,0
18:47:53,18.4,60,0,0,1,0
18:48:53,18.4,60,0,0,1,0
18:49:53,18.4,60,0,0,1,0
18:50:53,18.4,60,0,0,1,0
18:51:54,18.4,60,0,0,1,0
18:52:54,18.4,60,0,0,1,0
18:53:53,18.3,60,0,0,1,0
18:54:53,18.4,60,0,0,1,0
18:55:57,18.4,60,0,0,1,0
18:56:54,18.4,60,0,0,1,0
18:57:54,18.4,60,0,0,1,0
18:58:54,18.3,60,0,0,1,0
18:59:55,18.3,60,0,0,1,0
19:00:54,18.3,60,0,0,1,0
19:01:54,18.4,60,0,0,1,0
19:02:55,18.4,60,0,0,1,0
19:03:56,18.3,60,0,0,1,0
19:04:54,18.3,60,0,0,1,0
19:05:54,18.3,60,0,0,1,0
19:06:57,18.3,60,0,0,1,0
19:07:54,18.3,60,0,0,1,0
19:08:54,18.3,60,0,0,1,0
19:09:54,18.3,60,0,0,1,0
19:10:54,18.3,60,0,0,1,0
19:11:54,18.6,60,0,0,1,0
19:12:54,18.5,60,0,0,1,0
19:13:54,18.5,60,0,0,1,0
19:14:54,18.4,60,0,0,1,0
19:15:54,18.4,60,0,0,1,0
19:16:57,18.4,60,0,0,1,0
19:17:54,18.4,60,0,0,1,0
19:18:54,18.3,60,0,0,1,0
19:19:54,18.3,60,0,0,1,0
19:20:54,18.3,60,0,0,1,0
19:21:54,18.3,60,0,0,1,0
19:22:54,18.3,60,0,0,1,0
19:23:54,18.3,60,0,0,1,0
19:24:54,18.3,60,0,0,1,0
19:25:54,18.3,60,0,0,1,0
19:26:54,18.3,60,0,0,1,0
19:27:54,18.3,60,0,0,1,0
19:28:54,18.3,60,0,0,1,0
19:29:54,18.3,60,0,0,1,0
19:30:54,18.3,60,0,0,1,0
19:31:54,18.3,60,0,0,1,0
19:32:54,18.3,60,0,0,1,0
19:33:54,18.3,60,0,0,1,0
19:34:54,18.3,60,0,0,1,0
19:35:54,18.3,60,0,0,1,0
19:36:54,18.3,60,0,0,1,0
19:37:54,18.3,60,0,0,1,0
19:38:54,18.3,60,0,0,1,0
19:39:54,18.3,60,0,0,1,0
19:40:54,18.2,60,0,0,1,0
19:41:54,18.3,60,0,0,1,0
19:42:54,18.2,60,0,0,1,0
19:43:54,18.2,60,0,0,1,0
19:44:54,18.2,60,0,0,1,0
19:45:54,18.2,60,0,0,1,0
19:46:54,18.2,60,0,0,1,0
19:47:54,18.2,60,0,0,1,0
19:48:54,18.2,60,0,0,1,0
19:49:54,18.2,60,0,0,1,0
19:50:54,18.2,60,0,0,1,0
19:51:55,18.2,60,0,0,1,0
19:52:55,18.2,60,0,0,1,0
19:53:55,18.2,60,0,0,1,0
19:54:55,18.2,60,0,0,1,0
19:55:55,18.2,60,0,0,1,0
19:56:55,18.2,60,0,0,1,0
19:57:55,18.2,60,0,0,1,0
19:58:55,18.7,60,0,0,1,0
19:59:55,19.2,59,0,0,1,0
20:00:55,19.5,59,0,0,1,0
20:01:55,19.6,58,0,0,1,0
20:02:55,19.7,59,0,0,1,0
20:03:56,20,59,0,0,1,0
20:04:55,20.1,60,0,0,1,0
20:05:55,20.3,60,0,0,1,0
20:06:56,20.4,61,0,0,1,0
20:07:56,20.5,61,0,0,1,0
20:08:56,20.6,62,0,0,1,0
20:09:56,20.5,61,0,0,1,0
20:10:56,20.5,61,0,0,1,0
20:11:56,20.4,60,0,0,1,0
20:12:56,20.3,60,0,0,1,0
20:13:56,20.2,60,0,0,1,0
20:14:56,20.1,59,0,0,1,0
20:15:56,20,59,0,0,1,0
20:16:56,20.1,59,0,0,1,0
20:17:56,19.9,58,0,0,1,0
20:18:56,19.9,58,0,0,1,0
20:19:56,20.1,58,0,0,1,0
20:20:56,20.3,58,0,0,1,0
20:21:56,20.4,59,0,0,1,0
20:22:56,20.5,60,0,0,1,0
20:23:56,20.7,60,0,0,1,0
20:24:56,20.7,61,0,0,1,0
20:25:56,20.8,61,0,0,1,0
20:26:56,20.8,62,0,0,1,0
20:27:56,20.8,62,0,0,1,0
20:28:56,20.8,62,0,0,1,0
20:29:56,20.6,61,0,0,1,0
20:30:56,20.6,61,0,0,1,0
20:31:56,20.5,60,0,0,1,0
20:32:56,20.2,60,0,0,1,0
20:33:56,20.3,60,0,0,1,0
20:34:56,20.2,59,0,0,1,0
20:35:56,19.8,59,0,0,1,0
20:36:56,19.5,59,0,0,1,0
20:37:56,19.3,59,0,0,1,0
20:38:57,19.2,60,0,0,1,0
20:39:56,19,60,0,0,1,0
20:40:56,19,60,0,0,1,0
20:41:56,18.9,60,0,0,1,0
20:42:56,18.9,60,0,0,1,0
20:43:56,18.8,60,0,0,1,0
20:44:56,18.8,59,0,0,1,0
20:45:56,18.8,59,0,0,1,0
20:46:56,18.7,59,0,0,1,0
20:47:57,18.7,60,0,0,1,0
20:48:56,18.6,59,0,0,1,0
20:49:57,18.6,60,0,0,1,0
20:50:57,18.6,60,0,0,1,0
20:51:57,18.5,60,0,0,1,0
20:52:57,18.5,60,0,0,1,0
20:53:57,18.5,60,0,0,1,0
20:54:57,18.5,60,0,0,1,0
20:55:57,18.5,60,0,0,1,0
20:56:57,18.5,59,0,0,1,0
20:57:57,18.4,59,0,0,1,0
20:58:57,18.4,59,0,0,1,0
20:59:57,18.4,60,0,0,1,0
21:00:57,18.4,60,0,0,1,0
21:01:57,18.3,60,0,0,1,0
21:02:57,18.4,60,0,0,1,0
21:03:57,18.3,60,0,0,1,0
21:04:57,18.3,60,0,0,1,0
21:05:58,18.3,60,0,0,1,0
21:06:58,18.2,60,0,0,1,0
21:07:58,18.3,60,0,0,1,0
21:08:58,18.2,60,0,0,1,0
21:09:58,18.3,60,0,0,1,0
21:10:58,18.3,60,0,0,1,0
21:11:58,18.3,60,0,0,1,0
21:12:58,18.2,60,0,0,1,0
21:13:58,18.2,60,0,0,1,0
21:14:58,18.2,60,0,0,1,0
21:15:58,18.2,60,0,0,1,0
21:16:59,18.2,60,0,0,1,0
21:17:58,18.2,60,0,0,1,0
21:18:59,18.2,59,0,0,1,0
21:19:58,18.1,59,0,0,1,0
21:20:58,18.1,59,0,0,1,0
21:21:58,18.1,59,0,0,1,0
21:22:58,18.2,59,0,0,1,0
21:23:58,18.2,59,0,0,1,0
21:24:58,18.2,59,0,0,1,0
21:25:58,18.7,61,0,0,1,0
21:26:59,19.4,65,0,0,1,0
21:27:58,19.8,68,0,0,1,0
21:28:59,20.1,68,0,0,1,0
21:29:58,19.8,66,0,0,1,0
21:30:58,19.6,65,0,0,1,0
21:31:59,19.4,65,0,0,1,0
21:32:59,19.1,64,0,0,1,0
21:33:59,19,63,0,0,1,0
21:34:59,18.9,62,0,0,1,0
21:35:59,18.8,62,0,0,1,0
21:36:59,18.7,62,0,0,1,0
21:38:00,18.7,61,0,0,1,0
21:38:59,18.7,61,0,0,1,0
21:40:01,18.6,61,0,0,1,0
21:41:04,18.5,61,0,0,1,0
21:41:59,18.5,61,0,0,1,0
21:43:04,18.5,60,0,0,1,0
21:43:59,18.5,60,0,0,1,0
21:45:00,18.4,60,0,0,1,0
21:46:00,18.4,60,0,0,1,0
21:46:59,18.4,60,0,0,1,0
21:47:59,18.4,60,0,0,1,0
21:48:59,18.4,60,0,0,1,0
21:50:00,18.3,60,0,0,1,0
21:50:59,18.3,60,0,0,1,0
21:54:01,18.3,60,0,0,1,0
21:55:00,18.2,60,0,0,1,0
21:56:59,18.2,60,0,0,1,0
21:57:59,18.1,60,0,0,1,0
21:58:59,18.1,59,0,0,1,0
21:59:59,18.1,59,0,0,1,0
22:00:59,18.1,59,0,0,1,0
22:01:59,18.1,59,0,0,1,0
22:05:00,18.1,59,0,0,1,0
22:06:00,18.1,59,0,0,1,0
22:07:00,18,60,0,0,1,0
22:08:59,18,59,0,0,1,0
22:13:00,18,59,0,0,1,0
22:14:59,17.9,59,0,0,1,0
22:17:59,17.9,59,0,0,1,0
22:19:59,17.9,59,0,0,1,0
22:21:03,17.9,59,0,0,1,0
22:24:01,18,59,0,0,1,0
22:24:59,18,59,0,0,1,0
22:26:00,18,59,0,0,1,0
22:26:59,18,59,0,0,1,0
22:27:59,18,59,0,0,1,0
22:29:01,17.9,59,0,0,1,0
22:33:02,17.9,59,0,0,1,0
22:34:00,17.8,59,0,0,1,0
22:35:00,17.8,59,0,0,1,0
22:36:02,17.8,59,0,0,1,0
22:37:04,17.8,59,0,0,1,0
22:38:02,17.8,59,0,0,1,0
22:39:00,17.8,59,0,0,1,0
22:40:00,17.8,59,0,0,1,0
22:42:01,17.8,59,0,0,1,0
22:44:00,17.8,59,0,0,1,0
22:46:00,17.8,59,0,0,1,0
22:48:00,17.7,59,0,0,1,0
22:49:00,17.7,59,0,0,1,0
22:50:02,17.7,59,0,0,1,0
22:51:00,17.7,59,0,0,1,0
22:52:00,17.7,59,0,0,1,0
22:53:00,17.7,59,0,0,1,0
22:54:01,17.7,59,0,0,1,0
22:55:00,17.7,59,0,0,1,0
22:56:00,17.7,59,0,0,1,0
22:57:00,17.7,59,0,0,1,0
22:58:00,17.7,59,0,0,1,0
22:59:00,17.7,59,0,0,1,0
23:00:00,17.7,59,0,0,1,0
23:01:00,17.7,59,0,0,1,0
23:02:00,17.7,59,0,0,1,0
23:03:00,17.7,59,0,0,1,0
23:04:00,17.7,59,0,0,1,0
23:05:00,17.7,59,0,0,1,0
23:06:05,17.7,59,0,0,1,0
23:07:01,17.7,59,0,0,1,0
23:08:00,17.7,59,0,0,1,0
23:09:00,17.7,59,0,0,1,0
23:10:03,17.7,59,0,0,1,0
23:11:00,17.6,59,0,0,1,0
23:12:01,17.6,59,0,0,1,0
23:13:00,17.6,60,0,0,1,0
23:15:02,17.6,59,0,0,1,0
23:17:03,17.6,59,0,0,1,0
23:24:01,17.6,59,0,0,1,0
23:26:01,17.6,60,0,0,1,0
23:27:01,17.6,59,0,0,1,0
23:28:00,17.6,59,0,0,1,0
23:30:04,17.6,59,0,0,1,0
23:31:01,17.5,59,0,0,1,0
23:32:01,17.6,59,0,0,1,0
23:33:00,17.6,59,0,0,1,0
23:34:00,17.5,59,0,0,1,0
23:35:01,17.5,59,0,0,1,0
23:36:01,17.5,59,0,0,1,0
23:37:02,17.5,59,0,0,1,0
23:38:02,17.5,60,0,0,1,0
23:39:01,17.5,60,0,0,1,0
23:40:02,17.5,60,0,0,1,0
23:41:02,17.5,60,0,0,1,0
23:42:01,17.5,59,0,0,1,0
23:43:01,17.6,60,0,0,1,0
23:44:01,17.6,59,0,0,1,0
23:45:01,17.6,59,0,0,1,0
23:46:01,17.5,59,0,0,1,0
23:47:01,17.5,59,0,0,1,0
23:48:04,17.5,59,0,0,1,0
23:49:01,17.5,60,0,0,1,0
23:50:01,17.5,59,0,0,1,0
23:51:03,17.5,59,0,0,1,0
23:52:01,17.5,59,0,0,1,0
23:53:02,17.5,60,0,0,1,0
23:54:01,17.5,60,0,0,1,0
23:55:04,17.5,60,0,0,1,0
23:59:01,17.5,60,0,0,1,0
00:00:01,17.5,60,0,0,1,0
00:01:01,17.5,60,0,0,1,0
00:02:01,17.5,59,0,0,1,0
00:03:01,17.4,59,0,0,1,0
00:04:01,17.5,59,0,0,1,0
00:05:01,17.5,59,0,0,1,0
00:06:01,17.5,59,0,0,1,0
00:07:02,17.5,59,0,0,1,0
00:08:01,17.5,59,0,0,1,0
00:09:01,17.5,59,0,0,1,0
00:10:01,17.5,59,0,0,1,0
00:11:01,17.5,59,0,0,1,0
00:12:01,17.5,59,0,0,1,0
00:13:01,17.5,59,0,0,1,0
00:14:01,17.4,59,0,0,1,0
00:15:01,17.5,59,0,0,1,0
00:16:01,17.5,59,0,0,1,0
00:17:01,17.5,59,0,0,1,0
00:18:01,17.4,59,0,0,1,0
00:19:01,17.4,59,0,0,1,0
00:20:01,17.4,59,0,0,1,0
00:21:01,17.5,59,0,0,1,0
00:22:01,17.4,59,0,0,1,0
00:23:01,17.4,59,0,0,1,0
00:24:01,17.5,59,0,0,1,0
00:25:01,17.4,59,0,0,1,0
00:26:01,17.5,59,0,0,1,0
00:27:01,17.4,59,0,0,1,0
00:28:01,17.4,59,0,0,1,0
00:29:01,17.4,59,0,0,1,0
00:30:02,17.4,59,0,0,1,0
00:31:01,17.4,59,0,0,1,0
00:32:01,17.5,59,0,0,1,0
00:33:01,17.5,59,0,0,1,0
00:34:01,17.5,59,0,0,1,0
00:35:01,17.5,59,0,0,1,0
00:36:01,17.5,59,0,0,1,0
00:37:01,17.4,59,0,0,1,0
00:38:01,17.4,59,0,0,1,0
00:39:01,17.3,59,0,0,1,0
00:40:01,17.3,59,0,0,1,0
00:41:01,17.3,59,0,0,1,0
00:42:01,17.3,59,0,0,1,0
00:43:01,17.4,59,0,0,1,0
00:44:01,17.4,60,0,0,1,0
00:45:01,17.4,59,0,0,1,0
00:46:01,17.4,59,0,0,1,0
00:47:01,17.4,59,0,0,1,0
00:48:01,17.4,59,0,0,1,0
00:49:01,17.4,59,0,0,1,0
00:50:01,17.4,59,0,0,1,0
00:51:01,17.4,59,0,0,1,0
00:52:01,17.4,59,0,0,1,0
00:53:01,17.4,59,0,0,1,0
00:54:01,17.4,59,0,0,1,0
00:55:01,17.4,59,0,0,1,0
00:56:01,17.4,59,0,0,1,0
00:57:01,17.4,59,0,0,1,0
00:58:01,17.4,59,0,0,1,0
00:59:01,17.4,59,0,0,1,0
01:00:02,17.5,59,0,0,1,0
01:02:02,17.5,59,0,0,1,0
01:03:01,17.4,59,0,0,1,0
01:04:01,17.4,59,0,0,1,0
01:05:02,17.4,59,0,0,1,0
01:06:02,17.5,59,0,0,1,0
01:07:02,17.4,59,0,0,1,0
01:10:01,17.5,59,0,0,1,0
01:11:02,17.5,59,0,0,1,0
01:15:03,17.5,59,0,0,1,0
01:16:02,17.5,59,0,0,1,0
01:17:02,17.5,59,0,0,1,0
01:18:02,17.4,59,0,0,1,0
01:19:02,17.4,59,0,0,1,0
01:20:02,17.4,59,0,0,1,0
01:21:02,17.5,59,0,0,1,0
01:23:02,17.4,59,0,0,1,0
01:24:02,17.4,59,0,0,1,0
01:26:02,17.4,59,0,0,1,0
01:27:05,17.4,59,0,0,1,0
01:28:02,17.4,59,0,0,1,0
01:29:02,17.4,59,0,0,1,0
01:30:02,17.4,59,0,0,1,0
01:31:02,17.4,59,0,0,1,0
01:32:02,17.4,59,0,0,1,0
01:33:02,17.4,59,0,0,1,0
01:34:02,17.4,59,0,0,1,0
01:35:02,17.4,59,0,0,1,0
01:36:02,17.4,59,0,0,1,0
01:37:02,17.3,59,0,0,1,0
01:38:02,17.3,59,0,0,1,0
01:39:03,17.3,59,0,0,1,0
01:40:03,17.3,59,0,0,1,0
01:41:02,17.4,59,0,0,1,0
01:42:02,17.3,59,0,0,1,0
01:43:02,17.3,59,0,0,1,0
01:44:02,17.3,59,0,0,1,0
01:45:02,17.4,59,0,0,1,0
01:46:03,17.4,59,0,0,1,0
01:47:02,17.4,59,0,0,1,0
01:48:02,17.4,59,0,0,1,0
01:49:02,17.4,59,0,0,1,0
01:50:02,17.4,59,0,0,1,0
01:51:02,17.4,59,0,0,1,0
01:52:02,17.4,59,0,0,1,0
01:53:02,17.4,59,0,0,1,0
01:54:02,17.4,58,0,0,1,0
01:55:02,17.4,58,0,0,1,0
01:56:02,17.4,58,0,0,1,0
01:57:02,17.4,58,0,0,1,0
01:58:02,17.4,58,0,0,1,0
01:59:02,17.4,59,0,0,1,0
02:00:02,17.4,59,0,0,1,0
02:01:03,17.4,59,0,0,1,0
02:02:02,17.4,59,0,0,1,0
02:03:02,17.3,59,0,0,1,0
02:04:02,17.3,59,0,0,1,0
02:05:02,17.3,59,0,0,1,0
02:06:02,17.3,59,0,0,1,0
02:07:02,17.3,59,0,0,1,0
02:08:02,17.3,59,0,0,1,0
02:09:02,17.2,59,0,0,1,0
02:10:02,17.2,59,0,0,1,0
02:11:03,17.2,59,0,0,1,0
02:12:02,17.2,59,0,0,1,0
02:13:02,17.2,59,0,0,1,0
02:14:02,17.2,59,0,0,1,0
02:15:02,17.2,59,0,0,1,0
02:16:02,17.2,59,0,0,1,0
02:17:02,17.2,59,0,0,1,0
02:18:02,17.2,59,0,0,1,0
02:19:02,17.1,59,0,0,1,0
02:20:02,17.1,59,0,0,1,0
02:21:02,17.1,59,0,0,1,0
02:22:02,17.2,59,0,0,1,0
02:23:02,17.2,59,0,0,1,0
02:24:02,17.2,59,0,0,1,0
02:25:02,17.2,59,0,0,1,0
02:26:02,17.3,59,0,0,1,0
02:27:02,17.3,59,0,0,1,0
02:28:02,17.3,59,0,0,1,0
02:29:02,17.2,59,0,0,1,0
02:30:02,17.2,59,0,0,1,0
02:31:02,17.1,59,0,0,1,0
02:32:02,17.1,60,0,0,1,0
02:33:02,17.1,59,0,0,1,0
02:34:02,17.1,59,0,0,1,0
02:35:02,17.1,59,0,0,1,0
02:36:03,17.1,59,0,0,1,0
02:37:02,17.1,59,0,0,1,0
02:38:02,17.1,59,0,0,1,0
02:39:02,17.1,60,0,0,1,0
02:40:02,17.1,59,0,0,1,0
02:41:02,17.1,59,0,0,1,0
02:42:02,17.1,59,0,0,1,0
02:43:02,17.1,59,0,0,1,0
02:44:02,17,59,0,0,1,0
02:45:02,17,60,0,0,1,0
02:46:02,17,59,0,0,1,0
02:47:03,17,60,0,0,1,0
02:48:03,17,60,0,0,1,0
02:49:03,17.1,60,0,0,1,0
02:50:03,17.1,59,0,0,1,0
02:51:03,17.1,59,0,0,1,0
02:52:03,17.1,59,0,0,1,0
02:53:03,17.1,59,0,0,1,0
02:54:03,17.1,59,0,0,1,0
02:55:03,17.1,59,0,0,1,0
02:56:03,17.1,59,0,0,1,0
02:57:03,17.1,59,0,0,1,0
02:58:03,17.1,59,0,0,1,0
02:59:04,17.1,59,0,0,1,0
03:00:03,17.1,59,0,0,1,0
03:01:04,17.1,59,0,0,1,0
03:02:03,17.1,59,0,0,1,0
03:03:03,17.1,59,0,0,1,0
03:04:03,17.1,60,0,0,1,0
03:05:03,17.1,60,0,0,1,0
03:06:04,17.1,59,0,0,1,0
03:07:03,17.1,59,0,0,1,0
03:08:03,17.1,59,0,0,1,0
03:09:03,17.1,59,0,0,1,0
03:10:03,17.1,59,0,0,1,0
03:11:03,17.1,59,0,0,1,0
03:12:04,17,59,0,0,1,0
03:13:03,17,59,0,0,1,0
03:14:03,17,59,0,0,1,0
03:15:04,17.1,59,0,0,1,0
03:16:03,17.1,59,0,0,1,0
03:17:04,17,59,0,0,1,0
03:18:03,17,59,0,0,1,0
03:19:03,17,59,0,0,1,0
03:20:03,17,59,0,0,1,0
03:21:03,17,59,0,0,1,0
03:22:03,17.1,59,0,0,1,0
03:23:03,17,59,0,0,1,0
03:24:03,17,59,0,0,1,0
03:25:03,17,59,0,0,1,0
03:26:03,17,59,0,0,1,0
03:27:03,17,59,0,0,1,0
03:28:03,17,59,0,0,1,0
03:29:03,17,59,0,0,1,0
03:30:06,17,59,0,0,1,0
03:31:03,17,59,0,0,1,0
03:32:03,17,59,0,0,1,0
03:33:03,17,59,0,0,1,0
03:34:03,17,59,0,0,1,0
03:35:03,17,59,0,0,1,0
03:36:03,16.9,59,0,0,1,0
03:37:03,16.9,58,0,0,1,0
03:38:03,16.8,58,0,0,1,0
03:39:03,16.8,58,0,0,1,0
03:40:03,16.8,59,0,0,1,0
03:41:03,16.9,59,0,0,1,0
03:42:03,16.9,59,0,0,1,0
03:43:03,16.9,59,0,0,1,0
03:44:04,16.9,59,0,0,1,0
03:45:03,16.9,59,0,0,1,0
03:46:04,16.8,58,0,0,1,0
03:47:03,16.8,58,0,0,1,0
03:48:03,16.8,58,0,0,1,0
03:49:03,17,61,0,0,1,0
03:50:03,17.5,65,0,0,1,0
03:51:03,18.1,68,0,0,1,0
03:52:03,18.5,68,0,0,1,0
03:53:03,18.3,66,0,0,1,0
03:54:03,18.1,64,0,0,1,0
03:55:03,17.9,63,0,0,1,0
03:56:03,17.7,62,0,0,1,0
03:57:04,17.6,62,0,0,1,0
03:58:03,17.5,61,0,0,1,0
03:59:03,17.4,60,0,0,1,0
04:00:05,17.3,60,0,0,1,0
04:01:03,17.2,60,0,0,1,0
04:02:03,17.2,60,0,0,1,0
04:03:03,17.1,60,0,0,1,0
04:04:03,17.1,59,0,0,1,0
04:05:03,17.1,59,0,0,1,0
04:06:04,17.1,59,0,0,1,0
04:07:03,17.1,59,0,0,1,0
04:08:03,17,59,0,0,1,0
04:09:03,17,59,0,0,1,0
04:10:03,17,59,0,0,1,0
04:11:04,17,59,0,0,1,0
04:12:04,17,59,0,0,1,0
04:13:04,17,59,0,0,1,0
04:14:04,17,59,0,0,1,0
04:15:05,17,59,0,0,1,0
04:16:04,16.9,59,0,0,1,0
04:17:04,17,59,0,0,1,0
04:18:04,17,58,0,0,1,0
04:19:04,16.9,58,0,0,1,0
04:20:04,16.9,58,0,0,1,0
04:21:04,16.8,57,0,0,1,0
04:22:04,16.8,58,0,0,1,0
04:23:04,17.2,63,0,0,1,0
04:24:04,17.8,67,0,0,1,0
04:25:04,18.4,69,0,0,1,0
04:26:05,18.7,70,0,0,1,0
04:27:04,18.6,68,0,0,1,0
04:28:04,18.3,66,0,0,1,0
04:29:04,18,65,0,0,1,0
04:30:04,17.8,64,0,0,1,0
04:31:05,17.7,63,0,0,1,0
04:32:04,17.6,62,0,0,1,0
04:33:04,17.5,61,0,0,1,0
04:34:04,17.4,61,0,0,1,0
04:35:04,17.3,60,0,0,1,0
04:36:04,17.2,60,0,0,1,0
04:37:04,17.2,60,0,0,1,0
04:38:04,17.2,59,0,0,1,0
04:39:04,17.1,59,0,0,1,0
04:40:04,17.1,59,0,0,1,0
04:41:04,17.1,59,0,0,1,0
04:42:04,17.1,59,0,0,1,0
04:43:04,17.2,59,0,0,1,0
04:44:04,17.2,58,0,0,1,0
04:45:04,17.2,58,0,0,1,0
04:46:04,17.2,60,0,0,1,0
04:47:04,17.6,65,0,0,1,0
04:48:05,18.1,69,0,0,1,0
04:49:04,18.6,69,0,0,1,0
04:50:04,18.5,67,0,0,1,0
04:51:04,18.3,65,0,0,1,0
04:52:04,18,64,0,0,1,0
04:53:04,17.9,63,0,0,1,0
04:54:04,17.7,62,0,0,1,0
04:55:04,17.6,62,0,0,1,0
04:56:04,17.6,61,0,0,1,0
04:57:04,17.5,60,0,0,1,0
04:58:04,17.5,60,0,0,1,0
04:59:04,17.5,60,0,0,1,0
05:00:04,17.4,59,0,0,1,0
05:01:04,17.3,59,0,0,1,0
05:02:04,17.3,59,0,0,1,0
05:03:04,17.3,59,0,0,1,0
05:04:04,17.2,59,0,0,1,0
05:05:04,17.1,59,0,0,1,0
05:06:04,17.1,59,0,0,1,0
05:07:04,17,59,0,0,1,0
05:08:04,17,59,0,0,1,0
05:09:04,17,59,0,0,1,0
05:10:04,17.1,59,0,0,1,0
05:11:04,17,58,0,0,1,0
05:12:04,17,58,0,0,1,0
05:13:04,17,58,0,0,1,0
05:14:04,17,59,0,0,1,0
05:15:04,17.3,64,0,0,1,0
05:16:04,17.9,68,0,0,1,0
05:17:04,18.4,70,0,0,1,0
05:18:04,18.9,71,0,0,1,1
05:19:04,18.8,69,0,0,1,0
05:20:04,18.5,66,0,0,1,0
05:21:04,18.3,65,0,0,1,0
05:22:04,18,64,0,0,1,0
05:23:04,17.9,63,0,0,1,0
05:24:04,17.8,62,0,0,1,0
05:25:04,17.6,62,0,0,1,0
05:26:04,17.5,61,0,0,1,0
05:27:04,17.5,61,0,0,1,0
05:28:04,17.5,60,0,0,1,0
05:29:05,17.3,60,0,0,1,0
05:30:04,17.3,60,0,0,1,0
05:31:04,17.3,60,0,0,1,0
05:32:04,17.2,59,0,0,1,0
05:33:04,17.2,59,0,0,1,0
05:34:04,17.1,59,0,0,1,0
05:35:04,17.1,59,0,0,1,0
05:36:04,17.1,59,0,0,1,0
05:37:04,17.1,59,0,0,1,0
05:38:04,17.1,59,0,0,1,0
05:39:05,17.2,58,0,0,1,0
05:40:04,17.2,58,0,0,1,0
05:41:04,17.1,58,0,0,1,0
05:42:05,17,58,0,0,1,0
05:43:05,17,58,0,0,1,0
05:44:05,17,58,0,0,1,0
05:45:07,17,58,0,0,1,0
05:46:05,17,59,0,0,1,0
05:47:05,16.9,59,0,0,1,0
05:48:05,16.9,59,0,0,1,0
05:49:05,16.9,59,0,0,1,0
05:50:05,16.8,59,0,0,1,0
05:51:05,16.8,59,0,0,1,0
05:52:05,16.8,59,0,0,1,0
05:53:05,16.8,59,0,0,1,0
05:54:05,16.8,59,0,0,1,0
05:55:05,16.9,59,0,0,1,0
05:56:05,16.9,59,0,0,1,0
05:57:05,16.9,59,0,0,1,0
05:58:05,16.8,59,0,0,1,0
05:59:05,16.8,59,0,0,1,0
06:00:05,16.8,59,0,0,1,0
06:01:05,16.8,59,0,0,1,0
06:02:05,16.8,59,0,0,1,0
06:03:05,16.7,59,0,0,1,0
06:04:05,16.7,59,0,0,1,0
06:05:05,16.7,58,0,0,1,0
06:06:05,16.7,58,0,0,1,0
06:07:05,16.7,58,0,0,1,0
06:08:05,16.7,58,0,0,1,0
06:09:05,16.9,61,0,0,1,0
06:10:05,17.4,65,0,0,1,0
06:11:05,18,68,0,0,1,0
06:12:05,18.3,69,0,0,1,0
06:13:05,18.2,67,0,0,1,0
06:14:05,18,65,0,0,1,0
06:15:05,17.8,64,0,0,1,0
06:16:05,17.6,63,0,0,1,0
06:17:05,17.5,62,0,0,1,0
06:18:05,17.4,62,0,0,1,0
06:19:05,17.4,61,0,0,1,0
06:20:05,17.3,61,0,0,1,0
06:21:05,17.2,61,0,0,1,0
06:22:05,17.2,60,0,0,1,0
06:23:05,17.2,60,0,0,1,0
06:24:06,17.2,59,0,0,1,0
06:25:05,17.1,59,0,0,1,0
06:26:05,17.1,59,0,0,1,0
06:27:05,17.3,62,0,0,1,0
06:28:05,17.7,66,0,0,1,0
06:29:05,18.3,70,0,0,1,0
06:30:05,18.6,70,0,0,1,0
06:31:05,18.5,67,0,0,1,0
06:32:05,18.3,65,0,0,1,0
06:33:05,18.1,64,0,0,1,0
06:34:05,17.9,63,0,0,1,0
06:35:05,17.8,62,0,0,1,0
06:36:05,17.7,61,0,0,1,0
06:37:05,17.5,61,0,0,1,0
06:38:05,17.4,60,0,0,1,0
06:39:05,17.4,60,0,0,1,0
06:40:06,17.2,60,0,0,1,0
06:41:06,17.2,60,0,0,1,0
06:42:06,17.2,59,0,0,1,0
06:43:06,17.1,59,0,0,1,0
06:44:09,17.1,59,0,0,1,0
06:45:06,17,59,0,0,1,0
06:46:06,17,59,0,0,1,0
06:47:06,17,59,0,0,1,0
06:48:06,16.9,59,0,0,1,0
06:49:06,16.9,59,0,0,1,0
06:50:06,16.9,58,0,0,1,0
06:51:06,16.8,58,0,0,1,0
06:52:06,16.8,58,0,0,1,0
06:53:06,16.8,58,0,0,1,0
06:54:06,16.8,58,0,0,1,0
06:55:06,16.8,58,0,0,1,0
06:56:06,16.7,58,0,0,1,0
06:57:06,16.8,58,0,0,1,0
06:58:06,16.8,58,0,0,1,0
06:59:06,16.8,58,0,0,1,0
07:00:07,17,63,0,0,1,0
07:01:06,17.6,67,0,0,1,0
07:02:06,18.2,69,0,0,1,0
07:04:31,18.4,70,0,0,1,1
07:06:33,18.5,69,0,0,1,0
07:07:33,17.8,64,0,0,1,0
07:08:33,17.8,64,0,0,1,0
07:09:33,17.7,62,0,0,1,0
07:10:33,17.6,62,0,0,1,0
07:11:33,17.5,61,0,0,1,0
07:12:33,17.5,60,0,0,1,0
07:13:33,17.4,60,0,0,1,0
07:14:33,17.3,60,0,0,1,0
07:15:34,17.2,60,0,0,1,0
07:16:33,17.2,59,0,0,1,0
07:17:33,17.1,59,0,0,1,0
07:18:33,17.1,59,0,0,1,0
07:19:33,17,59,0,0,1,0
07:20:33,17,59,0,0,1,0
07:21:33,17,59,0,0,1,0
07:22:33,17,59,0,0,1,0
07:23:33,17,59,0,0,1,0
07:24:33,17,59,0,0,1,0
07:25:33,17.1,61,0,0,1,0
07:26:33,17.5,66,0,0,1,0
07:27:33,18.1,69,0,0,1,0
07:29:58,18.3,70,0,0,1,1
07:32:00,18.3,68,0,0,1,0
07:33:00,17.8,64,0,0,1,0
07:34:00,17.7,62,0,0,1,0
07:35:00,17.7,62,0,0,1,0
07:36:00,17.6,61,0,0,1,0
07:37:00,17.6,60,0,0,1,0
07:38:00,17.5,60,0,0,1,0
07:39:00,17.4,59,0,0,1,0
07:40:00,17.4,59,0,0,1,0
07:41:00,17.4,59,0,0,1,0
07:42:00,17.4,61,0,0,1,0
07:43:00,17.8,65,0,0,1,0
07:44:00,18.3,69,0,0,1,0
07:46:24,18.4,70,0,0,1,1
07:47:24,18.2,65,0,0,1,0
07:48:24,18,64,0,0,1,0
07:49:24,17.9,63,0,0,1,0
07:50:24,17.7,62,0,0,1,0
07:51:24,17.6,62,0,0,1,0
07:52:24,17.6,61,0,0,1,0
07:53:24,17.6,61,0,0,1,0
07:54:24,17.5,60,0,0,1,0
07:55:24,17.5,60,0,0,1,0
07:56:24,17.5,60,0,0,1,0
07:57:24,17.4,59,0,0,1,0
07:58:24,17.3,59,0,0,1,0
07:59:26,17.3,59,0,0,1,0
08:00:24,17.2,59,0,0,1,0
08:01:24,17.4,60,0,0,1,0
08:02:24,17.3,59,0,0,1,0
08:03:24,17.2,59,0,0,1,0
08:04:24,17.2,59,0,0,1,0
08:05:24,17.1,59,0,0,1,0
08:06:24,17.1,59,0,0,1,0
08:07:24,17.1,59,0,0,1,0
08:08:24,17.1,58,0,0,1,0
08:09:24,17.1,58,0,0,1,0
08:10:24,17,58,0,0,1,0
08:11:24,17,58,0,0,1,0
08:12:24,17,58,0,0,1,0
08:13:24,17,58,0,0,1,0
08:14:24,17,59,0,0,1,0
08:15:24,16.9,58,0,0,1,0
08:16:24,16.9,59,0,0,1,0
08:17:24,16.8,59,0,0,1,0
08:18:24,16.8,59,0,0,1,0
08:19:24,16.8,59,0,0,1,0
08:20:24,16.8,58,0,0,1,0
08:21:24,16.8,58,0,0,1,0
08:22:24,16.8,58,0,0,1,0
08:23:24,16.8,58,0,0,1,0
08:24:24,16.8,59,0,0,1,0
08:25:24,17,63,0,0,1,0
08:26:24,17.6,67,0,0,1,0
08:27:24,18.3,69,0,0,1,0
08:28:24,18.5,68,0,0,1,0
08:29:24,18.5,67,0,0,1,0
08:30:24,18.2,65,0,0,1,0
08:31:24,18,64,0,0,1,0
08:32:24,17.8,63,0,0,1,0
08:33:24,17.6,62,0,0,1,0
08:34:24,17.5,62,0,0,1,0
08:35:24,17.5,62,0,0,1,0
08:36:24,17.4,61,0,0,1,0
08:37:24,17.4,60,0,0,1,0
08:38:24,17.3,60,0,0,1,0
08:39:24,17.3,60,0,0,1,0
08:40:24,17.3,59,0,0,1,0
08:41:24,17.3,59,0,0,1,0
08:42:24,17.2,59,0,0,1,0
08:43:24,17.2,59,0,0,1,0
08:44:24,17.2,59,0,0,1,0
08:45:24,17.2,59,0,0,1,0
08:47:24,17.6,64,0,0,1,0
08:48:26,18.2,68,0,0,1,0
08:49:26,18.6,70,0,0,1,0
08:50:27,18.5,68,0,0,1,0
08:51:25,18.4,66,0,0,1,0
08:52:25,18.1,64,0,0,1,0
08:53:25,17.9,63,0,0,1,0
08:54:25,17.8,63,0,0,1,0
08:55:25,17.7,62,0,0,1,0
08:56:27,17.6,61,0,0,1,0
08:57:25,17.5,61,0,0,1,0
08:58:25,17.5,60,0,0,1,0
08:59:25,17.4,60,0,0,1,0
09:00:25,17.4,60,0,0,1,0
09:01:25,17.3,60,0,0,1,0
09:02:25,17.3,59,0,0,1,0
09:03:25,17.2,59,0,0,1,0
09:04:25,17.2,59,0,0,1,0
09:05:25,17.2,59,0,0,1,0
09:06:26,17.2,59,0,0,1,0
09:07:25,17.2,59,0,0,1,0
09:08:25,17.1,59,0,0,1,0
09:09:25,17.1,59,0,0,1,0
09:10:25,17.1,59,0,0,1,0
09:11:25,17.1,59,0,0,1,0
09:12:25,17,59,0,0,1,0
09:13:25,17,59,0,0,1,0
09:14:25,17.1,59,0,0,1,0
09:15:25,17,59,0,0,1,0
09:16:25,17,59,0,0,1,0
09:17:25,17,59,0,0,1,0
09:18:25,17,59,0,0,1,0
09:19:25,16.9,59,0,0,1,0
09:20:25,16.9,59,0,0,1,0
09:21:25,17,59,0,0,1,0
09:22:25,16.9,59,0,0,1,0
09:23:25,16.9,59,0,0,1,0
09:24:25,16.9,59,0,0,1,0
09:25:25,16.9,59,0,0,1,0
09:26:25,16.9,59,0,0,1,0
09:27:25,16.9,59,0,0,1,0
09:28:25,16.9,59,0,0,1,0
09:29:26,16.9,59,0,0,1,0
09:30:25,16.9,59,0,0,1,0
09:31:25,16.9,59,0,0,1,0
09:32:25,16.9,59,0,0,1,0
09:33:25,16.9,59,0,0,1,0
09:34:25,16.9,59,0,0,1,0
09:35:25,17,59,0,0,1,0
09:36:25,17.2,63,0,0,1,0
09:37:25,17.8,67,0,0,1,0
09:38:25,18.4,70,0,0,1,0
09:41:23,18.7,70,0,0,1,0
09:42:23,18,65,0,0,1,0
09:43:23,17.9,64,0,0,1,0
09:44:23,17.7,63,0,0,1,0
09:45:23,17.6,62,0,0,1,0
09:46:23,17.5,62,0,0,1,0
09:47:23,17.4,62,0,0,1,0
09:48:24,17.4,61,0,0,1,0
09:49:23,17.4,61,0,0,1,0
09:50:23,17.3,60,0,0,1,0
09:51:23,17.3,60,0,0,1,0
09:52:23,17.2,60,0,0,1,0
09:53:23,17.2,60,0,0,1,0
09:54:23,17.2,60,0,0,1,0
09:55:23,17.3,59,0,0,1,0
09:56:23,17.2,59,0,0,1,0
09:57:23,17.3,59,0,0,1,0
09:58:23,17.3,59,0,0,1,0
09:59:26,17.3,59,0,0,1,0
10:00:23,17.2,59,0,0,1,0
10:01:23,17.2,59,0,0,1,0
10:02:23,17.2,59,0,0,1,0
10:03:23,17.2,59,0,0,1,0
10:04:23,17.1,59,0,0,1,0
10:05:24,17.1,59,0,0,1,0
10:06:23,17.1,59,0,0,1,0
10:07:23,17.1,59,0,0,1,0
10:08:23,17.1,59,0,0,1,0
10:09:23,17,59,0,0,1,0
10:10:23,17,59,0,0,1,0
10:11:23,17,59,0,0,1,0
10:12:23,17,59,0,0,1,0
10:13:23,16.9,59,0,0,1,0
10:14:23,16.9,59,0,0,1,0
10:15:23,17,59,0,0,1,0
10:16:23,16.9,59,0,0,1,0
10:17:23,16.9,59,0,0,1,0
10:18:23,17,59,0,0,1,0
10:19:23,17,59,0,0,1,0
10:20:23,16.9,59,0,0,1,0
10:21:23,16.9,59,0,0,1,0
10:22:23,16.9,59,0,0,1,0
10:23:23,16.9,59,0,0,1,0
10:24:23,16.9,59,0,0,1,0
10:25:23,16.9,59,0,0,1,0
10:26:24,16.9,59,0,0,1,0
10:27:23,16.9,59,0,0,1,0
10:28:23,16.9,59,0,0,1,0
10:29:24,16.8,59,0,0,1,0
10:30:23,16.9,59,0,0,1,0
10:31:23,16.9,59,0,0,1,0
10:32:23,16.9,59,0,0,1,0
10:33:28,16.8,60,0,0,1,0
10:34:25,16.9,60,0,0,1,0
10:35:23,16.9,59,0,0,1,0
10:36:23,17,59,0,0,1,0
10:37:23,17,59,0,0,1,0
10:38:23,17,59,0,0,1,0
10:39:23,16.9,59,0,0,1,0
10:40:23,16.9,59,0,0,1,0
10:41:23,16.9,59,0,0,1,0
10:42:24,16.9,59,0,0,1,0
10:43:24,16.9,59,0,0,1,0
10:44:24,16.9,59,0,0,1,0
10:45:24,16.9,59,0,0,1,0
10:46:24,16.9,59,0,0,1,0
10:47:24,16.9,59,0,0,1,0
10:48:24,16.9,59,0,0,1,0
10:49:25,16.9,60,0,0,1,0
10:50:24,16.9,60,0,0,1,0
10:51:24,16.9,60,0,0,1,0
10:52:24,17.2,60,0,0,1,0
10:53:24,17.4,60,0,0,1,0
10:54:24,17.3,60,0,0,1,0
10:55:24,17.2,60,0,0,1,0
10:56:24,17.1,60,0,0,1,0
10:57:24,17.1,59,0,0,1,0
10:58:24,17,60,0,0,1,0
10:59:24,17,60,0,0,1,0
11:00:24,17,60,0,0,1,0
11:01:26,17,60,0,0,1,0
11:02:24,17,61,0,0,1,0
11:03:24,17.1,60,0,0,1,0
11:04:24,17.1,60,0,0,1,0
11:05:24,17.1,60,0,0,1,0
11:06:24,17,60,0,0,1,0
11:07:24,17,60,0,0,1,0
11:08:24,16.9,60,0,0,1,0
11:09:24,16.9,60,0,0,1,0
11:10:24,16.9,59,0,0,1,0
11:11:24,16.9,60,0,0,1,0
11:12:24,16.9,60,0,0,1,0
11:13:24,16.9,59,0,0,1,0
11:14:24,16.9,59,0,0,1,0
11:15:24,17,59,0,0,1,0
11:16:24,16.9,59,0,0,1,0
11:17:24,16.9,60,0,0,1,0
11:18:24,16.9,60,0,0,1,0
11:19:24,16.9,59,0,0,1,0
11:20:24,16.9,59,0,0,1,0
11:21:24,16.9,59,0,0,1,0
11:22:24,16.9,60,0,0,1,0
11:23:24,16.9,60,0,0,1,0
11:24:24,17,60,0,0,1,0
11:25:24,17,60,0,0,1,0
11:26:24,16.9,60,0,0,1,0
11:27:24,16.9,60,0,0,1,0
11:28:24,16.9,60,0,0,1,0
11:29:24,17,59,0,0,1,0
11:30:24,16.9,59,0,0,1,0
11:31:24,17,60,0,0,1,0
11:32:24,17,59,0,0,1,0
11:33:24,17,59,0,0,1,0
11:34:24,17,59,0,0,1,0
11:35:24,17,60,0,0,1,0
11:36:24,17,60,0,0,1,0
11:37:24,17,60,0,0,1,0
11:38:24,17,60,0,0,1,0
11:39:24,17,60,0,0,1,0
11:40:24,17.1,60,0,0,1,0
11:41:24,17,60,0,0,1,0
11:42:24,17,60,0,0,1,0
11:43:24,17,60,0,0,1,0
11:44:24,17,60,0,0,1,0
11:45:25,17,60,0,0,1,0
11:46:24,17,60,0,0,1,0
11:47:24,16.9,60,0,0,1,0
11:48:24,17,60,0,0,1,0
11:49:24,16.9,60,0,0,1,0
11:50:24,17,60,0,0,1,0
11:51:24,16.9,60,0,0,1,0
11:52:24,16.9,60,0,0,1,0
11:53:24,16.9,60,0,0,1,0
11:54:24,17,60,0,0,1,0
11:55:24,16.9,60,0,0,1,0
11:56:24,17,60,0,0,1,0
11:57:24,17,60,0,0,1,0
11:58:24,17,60,0,0,1,0
11:59:24,17,59,0,0,1,0
12:00:24,17,60,0,0,1,0
12:01:25,17,60,0,0,1,0
12:02:25,17,60,0,0,1,0
12:03:25,17,60,0,0,1,0
12:04:25,17,60,0,0,1,0
12:05:25,17,60,0,0,1,0
12:06:25,17,60,0,0,1,0
12:07:25,17,60,0,0,1,0
12:08:25,17,60,0,0,1,0
12:09:25,17,60,0,0,1,0
12:10:25,17,60,0,0,1,0
12:11:25,17,60,0,0,1,0
12:12:25,17.1,60,0,0,1,0
12:13:25,17.1,60,0,0,1,0
12:14:25,17.1,60,0,0,1,0
12:15:25,17.1,60,0,0,1,0
12:16:25,17.2,60,0,0,1,0
12:17:25,17.2,60,0,0,1,0
12:18:25,17.3,60,0,0,1,0
12:19:25,17.5,64,0,0,1,0
12:20:25,18,68,0,0,1,0
12:23:15,18.5,70,0,0,1,1
12:24:15,18.3,67,0,0,1,0
12:25:15,18.2,65,0,0,1,0
12:26:15,18.1,64,0,0,1,0
12:27:15,17.9,64,0,0,1,0
12:28:15,17.8,63,0,0,1,0
12:29:16,17.8,62,0,0,1,0
12:30:15,17.8,62,0,0,1,0
12:31:15,17.7,61,0,0,1,0
12:32:15,17.7,61,0,0,1,0
12:33:15,17.7,61,0,0,1,0
12:34:15,17.7,60,0,0,1,0
12:35:15,17.6,60,0,0,1,0
12:36:15,17.6,60,0,0,1,0
12:37:15,17.6,60,0,0,1,0
12:38:15,17.6,60,0,0,1,0
12:39:15,17.7,60,0,0,1,0
12:40:15,17.6,60,0,0,1,0
12:41:15,17.7,59,0,0,1,0
12:42:15,17.7,59,0,0,1,0
12:43:16,17.6,59,0,0,1,0
12:44:17,17.6,59,0,0,1,0
12:45:15,17.7,59,0,0,1,0
12:46:15,17.7,59,0,0,1,0
12:47:15,17.6,59,0,0,1,0
12:48:15,17.6,59,0,0,1,0
12:49:15,17.6,59,0,0,1,0
12:50:15,17.5,59,0,0,1,0
12:51:15,17.5,59,0,0,1,0
12:52:15,17.5,59,0,0,1,0
12:53:15,17.5,59,0,0,1,0
12:54:15,17.5,59,0,0,1,0
12:55:15,17.5,59,0,0,1,0
12:56:15,17.5,59,0,0,1,0
12:57:15,17.5,59,0,0,1,0
12:58:16,17.4,59,0,0,1,0
12:59:15,17.4,59,0,0,1,0
13:00:16,17.4,59,0,0,1,0
13:01:15,17.4,59,0,0,1,0
13:02:15,17.4,60,0,0,1,0
13:03:15,17.4,60,0,0,1,0
13:04:15,17.4,59,0,0,1,0
13:05:15,17.4,60,0,0,1,0
13:06:15,17.4,60,0,0,1,0
13:07:15,17.4,60,0,0,1,0
13:08:15,17.5,60,0,0,1,0
13:09:15,17.5,60,0,0,1,0
13:10:15,17.6,60,0,0,1,0
13:11:15,17.5,59,0,0,1,0
13:12:15,17.5,60,0,0,1,0
13:13:17,17.6,59,0,0,1,0
13:14:15,17.5,59,0,0,1,0
13:15:15,17.6,59,0,0,1,0
13:16:15,17.6,59,0,0,1,0
13:17:15,17.6,59,0,0,1,0
13:18:15,17.6,59,0,0,1,0
13:19:15,17.5,59,0,0,1,0
13:20:15,17.5,59,0,0,1,0
13:21:15,17.5,59,0,0,1,0
13:22:15,17.5,59,0,0,1,0
13:23:16,17.5,59,0,0,1,0
13:24:16,17.5,59,0,0,1,0
13:25:16,17.4,59,0,0,1,0
13:26:16,17.4,60,0,0,1,0
13:27:16,17.4,60,0,0,1,0
13:28:16,17.4,60,0,0,1,0
13:29:17,17.4,60,0,0,1,0
13:30:16,17.4,60,0,0,1,0
13:31:16,17.4,60,0,0,1,0
13:32:16,17.4,59,0,0,1,0
13:33:16,17.4,60,0,0,1,0
13:34:16,17.4,60,0,0,1,0
13:35:16,17.4,60,0,0,1,0
13:36:16,17.5,59,0,0,1,0
13:37:17,17.5,59,0,0,1,0
13:38:17,17.5,59,0,0,1,0
13:39:17,17.5,59,0,0,1,0
13:40:17,17.5,59,0,0,1,0
13:41:17,17.5,59,0,0,1,0
13:42:17,17.4,59,0,0,1,0
13:43:17,17.4,59,0,0,1,0
13:44:17,17.4,60,0,0,1,0
13:45:17,17.5,59,0,0,1,0
13:46:17,17.5,59,0,0,1,0
13:47:17,17.5,59,0,0,1,0
13:48:17,17.6,59,0,0,1,0
13:49:17,17.6,59,0,0,1,0
13:50:17,17.5,59,0,0,1,0
13:51:17,17.5,59,0,0,1,0
13:52:17,17.5,59,0,0,1,0
13:53:18,17.5,60,0,0,1,0
13:54:18,17.5,60,0,0,1,0
13:55:18,17.4,60,0,0,1,0
13:56:18,17.4,60,0,0,1,0
13:57:18,17.5,60,0,0,1,0
13:58:18,17.4,60,0,0,1,0
13:59:18,17.4,60,0,0,1,0
14:00:18,17.5,60,0,0,1,0
14:01:18,17.5,60,0,0,1,0
14:02:18,17.5,60,0,0,1,0
14:03:18,17.6,60,0,0,1,0
14:04:18,17.6,59,0,0,1,0
14:05:18,17.6,59,0,0,1,0
14:06:18,17.6,59,0,0,1,0
14:07:18,17.6,59,0,0,1,0
14:08:18,17.5,59,0,0,1,0
14:09:19,17.5,60,0,0,1,0
14:10:19,17.5,60,0,0,1,0
14:11:19,17.5,60,0,0,1,0
14:12:19,17.5,60,0,0,1,0
14:13:19,17.5,60,0,0,1,0
14:14:19,17.5,60,0,0,1,0
14:15:19,17.6,60,0,0,1,0
14:16:19,17.5,59,0,0,1,0
14:17:19,17.5,60,0,0,1,0
14:18:19,17.6,59,0,0,1,0
14:19:19,17.6,60,0,0,1,0
14:20:19,17.6,59,0,0,1,0
14:21:19,17.6,59,0,0,1,0
14:22:19,17.6,59,0,0,1,0
14:23:19,17.6,59,0,0,1,0
14:24:20,17.5,60,0,0,1,0
14:25:20,17.5,60,0,0,1,0
14:26:20,17.5,60,0,0,1,0
14:27:20,17.6,60,0,0,1,0
14:28:20,17.6,60,0,0,1,0
14:29:20,17.7,59,0,0,1,0
14:30:20,17.7,59,0,0,1,0
14:31:20,17.7,59,0,0,1,0
14:32:20,17.7,59,0,0,1,0
14:33:20,17.7,59,0,0,1,0
14:34:20,17.7,59,0,0,1,0
14:35:20,17.7,59,0,0,1,0
14:36:20,17.7,59,0,0,1,0
14:37:20,17.7,59,0,0,1,0
14:38:20,17.6,59,0,0,1,0
14:39:20,17.6,59,0,0,1,0
14:40:21,17.7,60,0,0,1,0
14:41:21,17.7,60,0,0,1,0
14:42:21,17.7,60,0,0,1,0
14:43:21,17.7,60,0,0,1,0
14:44:21,17.7,60,0,0,1,0
14:45:21,17.7,60,0,0,1,0
14:46:21,17.7,60,0,0,1,0
14:47:21,17.7,60,0,0,1,0
14:48:21,17.7,60,0,0,1,0
14:49:21,17.7,60,0,0,1,0
14:50:21,17.7,60,0,0,1,0
14:51:21,17.7,59,0,0,1,0
14:52:21,17.7,59,0,0,1,0
14:53:21,17.7,60,0,0,1,0
14:54:21,17.7,60,0,0,1,0
14:55:22,17.6,60,0,0,1,0
14:56:22,17.7,60,0,0,1,0
14:57:22,17.7,60,0,0,1,0
14:58:22,17.7,60,0,0,1,0
14:59:22,17.7,60,0,0,1,0
15:00:22,17.7,60,0,0,1,0
15:01:22,17.7,60,0,0,1,0
15:02:22,17.8,60,0,0,1,0
15:03:22,17.7,60,0,0,1,0
15:04:22,17.7,60,0,0,1,0
15:05:22,17.7,60,0,0,1,0
15:06:22,17.7,60,0,0,1,0
15:07:23,17.7,60,0,0,1,0
15:08:22,17.7,60,0,0,1,0
15:09:22,17.7,60,0,0,1,0
15:10:22,17.7,60,0,0,1,0
15:11:24,17.7,60,0,0,1,0
15:12:23,17.7,60,0,0,1,0
15:13:23,17.7,60,0,0,1,0
15:14:23,17.7,60,0,0,1,0
15:15:24,17.7,60,0,0,1,0
15:16:23,17.7,60,0,0,1,0
15:17:23,17.7,60,0,0,1,0
15:18:23,17.7,60,0,0,1,0
15:19:23,17.7,60,0,0,1,0
15:20:23,17.7,60,0,0,1,0
15:21:23,17.7,60,0,0,1,0
15:22:23,17.7,60,0,0,1,0
15:23:23,17.7,60,0,0,1,0
15:24:23,17.7,60,0,0,1,0
15:25:23,17.7,60,0,0,1,0
15:26:23,17.7,60,0,0,1,0
15:27:24,17.8,60,0,0,1,0
15:28:24,17.8,60,0,0,1,0
15:29:24,17.8,60,0,0,1,0
15:30:24,17.7,60,0,0,1,0
15:31:24,17.8,60,0,0,1,0
15:32:24,17.8,60,0,0,1,0
15:33:24,17.9,60,0,0,1,0
15:34:24,17.9,60,0,0,1,0
15:35:24,17.9,60,0,0,1,0
15:36:24,17.9,60,0,0,1,0
15:37:24,17.9,60,0,0,1,0
15:38:24,17.8,60,0,0,1,0
15:39:24,17.8,60,0,0,1,0
15:40:24,17.9,60,0,0,1,0
15:41:24,17.9,60,0,0,1,0
15:42:25,18,60,0,0,1,0
15:43:25,17.9,60,0,0,1,0
15:44:25,17.9,60,0,0,1,0
15:45:25,18,59,0,0,1,0
15:46:25,17.9,59,0,0,1,0
15:47:25,17.9,59,0,0,1,0
15:48:25,17.9,60,0,0,1,0
15:49:25,17.9,60,0,0,1,0
15:50:25,17.9,59,0,0,1,0
15:51:25,17.9,59,0,0,1,0
15:52:25,18,59,0,0,1,0
15:53:25,18,60,0,0,1,0
15:54:25,18,59,0,0,1,0
15:55:25,18,60,0,0,1,0
15:56:25,17.9,60,0,0,1,0
15:57:25,17.9,60,0,0,1,0
15:58:27,17.9,60,0,0,1,0
15:59:26,17.8,60,0,0,1,0
16:00:26,17.8,60,0,0,1,0
16:01:26,17.8,60,0,0,1,0
16:02:26,17.8,60,0,0,1,0
16:03:26,17.8,60,0,0,1,0
16:04:26,17.9,60,0,0,1,0
16:05:26,17.9,60,0,0,1,0
16:06:26,17.8,60,0,0,1,0
16:07:26,17.8,60,0,0,1,0
16:08:26,17.7,60,0,0,1,0
16:09:26,17.7,60,0,0,1,0
16:10:26,17.8,60,0,0,1,0
16:11:26,17.8,60,0,0,1,0
16:12:26,17.8,60,0,0,1,0
16:13:26,17.8,60,0,0,1,0
16:14:26,17.8,60,0,0,1,0
16:15:27,17.7,60,0,0,1,0
16:16:27,17.7,60,0,0,1,0
16:17:27,17.8,60,0,0,1,0
16:18:27,17.8,60,0,0,1,0
16:19:27,17.9,60,0,0,1,0
16:20:27,17.8,59,0,0,1,0
16:21:27,17.8,59,0,0,1,0
16:22:27,17.8,60,0,0,1,0
16:23:27,17.8,59,0,0,1,0
16:24:27,17.8,59,0,0,1,0
16:25:27,17.8,59,0,0,1,0
16:26:27,17.8,59,0,0,1,0
16:27:27,17.7,59,0,0,1,0
16:29:27,17.7,60,0,0,1,0
16:30:27,17.7,60,0,0,1,0
16:31:27,17.7,59,0,0,1,0
16:32:27,17.7,60,0,0,1,0
16:33:27,17.7,60,0,0,1,0
16:34:27,17.7,60,0,0,1,0
16:35:27,17.7,60,0,0,1,0
16:36:27,17.7,60,0,0,1,0
16:37:27,17.7,60,0,0,1,0
16:38:27,17.7,60,0,0,1,0
16:39:27,17.7,60,0,0,1,0
16:40:27,17.7,60,0,0,1,0
16:41:27,17.6,60,0,0,1,0
16:42:27,17.7,60,0,0,1,0
16:43:28,17.7,60,0,0,1,0
16:44:28,17.7,60,0,0,1,0
16:45:28,17.7,60,0,0,1,0
16:46:28,17.7,60,0,0,1,0
16:47:28,17.7,60,0,0,1,0
16:48:28,17.7,60,0,0,1,0
16:49:28,17.7,60,0,0,1,0
16:50:28,17.7,60,0,0,1,0
16:51:28,17.6,60,0,0,1,0
16:52:28,17.6,60,0,0,1,0
16:53:28,17.7,60,0,0,1,0
16:54:28,17.6,60,0,0,1,0
16:55:28,17.7,60,0,0,1,0
16:56:29,17.7,60,0,0,1,0
16:57:28,17.7,60,0,0,1,0
16:58:28,17.7,60,0,0,1,0
16:59:28,17.7,59,0,0,1,0
17:00:29,17.7,59,0,0,1,0
17:01:33,17.7,59,0,0,1,0
17:02:28,17.7,59,0,0,1,0
17:03:28,17.7,59,0,0,1,0
17:04:29,17.7,59,0,0,1,0
17:05:28,17.8,59,0,0,1,0
17:06:29,17.7,59,0,0,1,0
17:07:29,17.7,59,0,0,1,0
17:08:30,17.8,59,0,0,1,0
17:09:29,17.7,59,0,0,1,0
17:10:29,17.7,59,0,0,1,0
17:11:29,17.7,59,0,0,1,0
17:12:29,17.7,59,0,0,1,0
17:13:29,17.7,59,0,0,1,0
17:14:29,17.6,59,0,0,1,0
17:15:29,17.6,59,0,0,1,0
17:16:29,17.6,59,0,0,1,0
17:17:29,17.7,59,0,0,1,0
17:18:29,17.7,59,0,0,1,0
17:19:29,17.7,59,0,0,1,0
17:20:29,17.6,59,0,0,1,0
17:21:29,17.9,60,0,0,1,0
17:22:29,18.5,62,0,0,1,0
17:23:29,18.9,62,0,0,1,0
17:24:29,18.7,61,0,0,1,0
17:25:30,18.4,61,0,0,1,0
17:26:29,18.3,61,0,0,1,0
17:27:29,18.2,61,0,0,1,0
17:28:29,18.1,60,0,0,1,0
17:29:29,18.1,60,0,0,1,0
17:30:29,18.1,60,0,0,1,0
17:31:29,18.1,60,0,0,1,0
17:32:29,18,59,0,0,1,0
17:33:29,18,59,0,0,1,0
17:34:29,17.9,59,0,0,1,0
17:35:29,17.8,59,0,0,1,0
17:36:29,17.8,59,0,0,1,0
17:37:29,17.8,59,0,0,1,0
17:38:29,17.7,59,0,0,1,0
17:39:30,17.7,59,0,0,1,0
17:40:30,17.7,59,0,0,1,0
17:41:30,17.7,59,0,0,1,0
17:42:30,17.7,60,0,0,1,0
17:43:30,17.7,60,0,0,1,0
17:44:30,17.7,60,0,0,1,0
17:45:30,17.7,60,0,0,1,0
17:46:30,17.6,60,0,0,1,0
17:47:30,17.7,60,0,0,1,0
17:48:30,17.7,60,0,0,1,0
17:49:30,17.7,60,0,0,1,0
17:50:30,17.6,59,0,0,1,0
17:51:30,17.6,59,0,0,1,0
17:52:30,17.6,59,0,0,1,0
17:53:30,17.5,59,0,0,1,0
17:54:30,17.5,59,0,0,1,0
17:55:31,17.5,59,0,0,1,0
17:56:30,17.5,59,0,0,1,0
17:57:30,17.5,59,0,0,1,0
17:58:30,17.5,60,0,0,1,0
17:59:30,17.5,60,0,0,1,0
18:01:30,17.5,60,0,0,1,0
18:02:30,17.5,60,0,0,1,0
18:03:30,17.5,59,0,0,1,0
18:04:31,17.4,59,0,0,1,0
18:05:30,17.4,60,0,0,1,0
18:06:30,17.4,59,0,0,1,0
18:07:30,17.5,59,0,0,1,0
18:08:30,17.5,59,0,0,1,0
18:09:30,17.5,59,0,0,1,0
18:10:30,17.5,60,0,0,1,0
18:11:30,17.5,59,0,0,1,0
18:12:30,17.5,59,0,0,1,0
18:13:30,17.5,60,0,0,1,0
18:14:30,17.5,60,0,0,1,0
18:15:30,17.5,60,0,0,1,0
18:16:30,17.5,60,0,0,1,0
18:17:30,17.5,60,0,0,1,0
18:18:30,17.5,60,0,0,1,0
18:19:30,17.5,60,0,0,1,0
18:20:30,17.5,60,0,0,1,0
18:21:30,17.5,60,0,0,1,0
18:22:30,17.5,60,0,0,1,0
18:23:30,17.5,60,0,0,1,0
18:24:31,17.5,60,0,0,1,0
18:25:30,17.5,60,0,0,1,0
18:26:30,17.5,60,0,0,1,0
18:27:30,17.5,60,0,0,1,0
18:28:30,17.6,60,0,0,1,0
18:29:30,17.5,60,0,0,1,0
18:30:30,17.5,60,0,0,1,0
18:31:30,17.5,60,0,0,1,0
18:32:30,17.5,60,0,0,1,0
18:33:30,17.5,60,0,0,1,0
18:34:30,17.5,60,0,0,1,0
18:35:30,17.4,60,0,0,1,0
18:36:30,17.4,60,0,0,1,0
18:37:30,17.4,60,0,0,1,0
18:38:31,17.4,60,0,0,1,0
18:39:34,17.4,60,0,0,1,0
18:40:31,17.4,60,0,0,1,0
18:41:31,17.4,60,0,0,1,0
18:42:31,17.4,60,0,0,1,0
18:43:31,17.4,60,0,0,1,0
18:44:31,17.4,60,0,0,1,0
18:45:31,17.4,60,0,0,1,0
18:46:31,17.3,59,0,0,1,0
18:47:31,17.3,60,0,0,1,0
18:48:31,17.4,60,0,0,1,0
18:49:31,17.4,60,0,0,1,0
18:50:31,17.4,60,0,0,1,0
18:51:31,17.3,60,0,0,1,0
18:52:31,17.4,60,0,0,1,0
18:53:31,17.3,60,0,0,1,0
18:54:31,17.4,60,0,0,1,0
18:55:31,17.3,60,0,0,1,0
18:56:31,17.3,60,0,0,1,0
18:57:32,17.4,60,0,0,1,0
18:58:31,17.4,60,0,0,1,0
18:59:31,17.4,60,0,0,1,0
19:00:31,17.5,60,0,0,1,0
19:01:31,17.4,60,0,0,1,0
14:02:33,18.6,60,0,0,1,0
14:03:33,18.6,60,0,0,1,0
14:04:33,18.7,60,0,0,1,0
14:05:33,18.7,60,0,0,1,0
14:06:33,18.7,60,0,0,1,0
14:07:33,18.7,60,0,0,1,0
14:08:36,18.7,60,0,0,1,0
14:09:33,18.7,60,0,0,1,0
14:10:33,18.7,60,0,0,1,0
14:11:33,18.7,60,0,0,1,0
14:12:33,18.7,60,0,0,1,0
14:13:33,18.7,60,0,0,1,0
14:14:33,18.7,60,0,0,1,0
14:15:34,18.7,60,0,0,1,0
14:16:33,18.7,60,0,0,1,0
14:17:33,18.7,60,0,0,1,0
14:18:33,18.7,60,0,0,1,0
14:19:33,18.7,60,0,0,1,0
14:20:33,18.7,60,0,0,1,0
14:21:33,18.8,60,0,0,1,0
14:22:33,18.7,60,0,0,1,0
14:23:33,18.7,60,0,0,1,0
14:24:33,18.7,60,0,0,1,0
14:25:33,18.7,60,0,0,1,0
14:26:34,18.7,60,0,0,1,0
14:27:34,18.8,60,0,0,1,0
14:28:34,18.8,59,0,0,1,0
14:29:34,18.8,59,0,0,1,0
14:30:34,18.7,59,0,0,1,0
14:31:34,18.8,59,0,0,1,0
14:32:34,18.8,59,0,0,1,0
14:33:34,18.8,59,0,0,1,0
14:34:34,18.8,59,0,0,1,0
14:35:34,18.7,59,0,0,1,0
14:36:34,18.8,59,0,0,1,0
14:37:34,18.7,59,0,0,1,0
14:38:34,18.8,59,0,0,1,0
14:39:34,18.7,59,0,0,1,0
14:40:34,18.7,59,0,0,1,0
14:41:34,18.8,59,0,0,1,0
14:42:34,18.7,59,0,0,1,0
14:43:35,18.8,59,0,0,1,0
14:44:35,18.8,60,0,0,1,0
14:45:35,18.8,60,0,0,1,0
14:46:35,18.7,60,0,0,1,0
14:47:35,18.7,60,0,0,1,0
14:48:35,18.7,60,0,0,1,0
14:49:35,18.7,60,0,0,1,0
14:50:35,18.8,59,0,0,1,0
14:51:35,18.8,59,0,0,1,0
14:52:35,18.8,59,0,0,1,0
14:53:35,18.8,59,0,0,1,0
14:54:35,18.8,59,0,0,1,0
14:55:35,18.8,59,0,0,1,0
14:56:35,18.8,60,0,0,1,0
14:57:35,18.8,60,0,0,1,0
14:58:36,18.8,60,0,0,1,0
14:59:36,18.8,60,0,0,1,0
15:00:36,18.8,60,0,0,1,0
15:01:36,18.7,60,0,0,1,0
15:02:36,18.8,60,0,0,1,0
15:03:36,18.7,59,0,0,1,0
15:04:36,18.7,59,0,0,1,0
15:05:36,18.7,59,0,0,1,0
15:06:36,18.8,59,0,0,1,0
15:07:36,18.7,59,0,0,1,0
15:08:36,18.7,59,0,0,1,0
15:09:36,18.7,59,0,0,1,0
15:10:36,18.7,59,0,0,1,0
15:11:36,18.7,59,0,0,1,0
15:12:36,18.9,60,0,0,1,0
15:13:36,19.3,59,0,0,1,0
15:14:36,19.3,59,0,0,1,0
15:15:37,19.1,59,0,0,1,0
15:16:40,19,59,0,0,1,0
15:17:37,18.9,59,0,0,1,0
15:18:37,18.8,59,0,0,1,0
15:19:37,18.7,59,0,0,1,0
15:20:37,18.7,59,0,0,1,0
15:21:38,18.6,59,0,0,1,0
15:22:37,18.6,59,0,0,1,0
15:23:37,18.6,59,0,0,1,0
15:24:37,18.7,59,0,0,1,0
15:25:37,18.7,59,0,0,1,0
15:26:37,18.7,59,0,0,1,0
15:27:37,18.7,59,0,0,1,0
15:28:37,18.7,59,0,0,1,0
15:29:37,18.7,59,0,0,1,0
15:30:37,18.7,59,0,0,1,0
15:31:37,18.7,59,0,0,1,0
15:32:37,18.6,59,0,0,1,0
15:33:38,18.6,59,0,0,1,0
15:34:37,18.6,59,0,0,1,0
15:35:37,18.6,59,0,0,1,0
15:36:37,18.6,59,0,0,1,0
15:37:37,18.6,59,0,0,1,0
15:38:37,18.6,59,0,0,1,0
15:39:37,18.6,59,0,0,1,0
15:40:37,18.6,59,0,0,1,0
15:41:37,18.6,59,0,0,1,0
15:42:37,18.6,59,0,0,1,0
15:43:37,18.6,59,0,0,1,0
15:44:37,18.6,59,0,0,1,0
15:45:37,18.6,59,0,0,1,0
15:46:37,18.6,59,0,0,1,0
15:47:37,18.6,59,0,0,1,0
15:48:37,18.6,59,0,0,1,0
15:49:37,18.6,60,0,0,1,0
15:50:37,18.5,60,0,0,1,0
15:51:37,18.5,60,0,0,1,0
15:52:37,18.5,60,0,0,1,0
15:53:37,18.5,60,0,0,1,0
15:54:37,18.5,60,0,0,1,0
15:55:37,18.6,60,0,0,1,0
15:56:38,18.5,60,0,0,1,0
15:57:37,18.6,59,0,0,1,0
15:58:37,18.6,59,0,0,1,0
15:59:37,18.6,59,0,0,1,0
16:00:37,18.6,59,0,0,1,0
16:01:37,18.6,59,0,0,1,0
16:02:37,18.6,59,0,0,1,0
16:03:37,18.6,59,0,0,1,0
16:04:37,18.6,59,0,0,1,0
16:05:37,18.6,59,0,0,1,0
16:06:37,18.6,60,0,0,1,0
16:07:37,18.6,60,0,0,1,0
16:08:37,18.6,60,0,0,1,0
16:09:37,18.6,59,0,0,1,0
16:10:37,18.6,59,0,0,1,0
16:11:37,18.6,59,0,0,1,0
16:12:37,18.6,59,0,0,1,0
16:13:37,18.6,59,0,0,1,0
16:14:37,18.6,59,0,0,1,0
16:15:37,18.6,59,0,0,1,0
16:16:37,18.6,59,0,0,1,0
16:17:37,18.6,59,0,0,1,0
16:18:37,18.6,59,0,0,1,0
16:19:37,18.6,59,0,0,1,0
16:20:37,18.6,59,0,0,1,0
16:21:37,18.6,59,0,0,1,0
16:22:37,18.6,59,0,0,1,0
16:23:37,18.6,59,0,0,1,0
16:24:37,18.6,59,0,0,1,0
16:25:38,18.6,59,0,0,1,0
16:26:38,18.6,59,0,0,1,0
16:27:38,18.6,59,0,0,1,0
16:28:38,18.6,59,0,0,1,0
16:29:38,18.6,59,0,0,1,0
16:30:38,18.6,59,0,0,1,0
16:31:38,18.6,59,0,0,1,0
16:32:38,18.6,59,0,0,1,0
16:33:38,18.6,59,0,0,1,0
16:34:38,18.6,59,0,0,1,0
16:35:38,18.6,59,0,0,1,0
16:36:38,18.6,59,0,0,1,0
16:37:38,18.6,59,0,0,1,0
16:38:38,18.6,59,0,0,1,0
16:39:38,18.6,59,0,0,1,0
16:40:38,18.6,59,0,0,1,0
16:41:38,18.6,59,0,0,1,0
16:42:38,18.6,59,0,0,1,0
16:43:38,18.6,59,0,0,1,0
16:44:38,18.6,59,0,0,1,0
16:45:38,18.7,59,0,0,1,0
16:46:38,18.7,59,0,0,1,0
16:47:38,18.7,59,0,0,1,0
16:48:38,18.6,59,0,0,1,0
16:49:39,18.8,60,0,0,1,0
16:50:38,19.2,59,0,0,1,0
16:51:38,19,59,0,0,1,0
16:52:38,18.9,59,0,0,1,0
16:53:38,18.8,59,0,0,1,0
16:54:38,18.7,59,0,0,1,0
16:55:38,18.7,59,0,0,1,0
16:56:38,18.7,59,0,0,1,0
16:57:38,18.7,59,0,0,1,0
16:58:38,18.7,59,0,0,1,0
16:59:38,18.7,59,0,0,1,0
17:00:38,18.7,59,0,0,1,0
17:01:38,18.6,59,0,0,1,0
17:02:38,18.7,59,0,0,1,0
17:03:38,18.7,59,0,0,1,0
17:04:38,18.7,59,0,0,1,0
17:05:38,18.7,59,0,0,1,0
17:06:38,18.7,59,0,0,1,0
17:07:38,18.6,59,0,0,1,0
17:08:38,18.6,59,0,0,1,0
17:09:38,18.6,59,0,0,1,0
17:10:38,18.6,59,0,0,1,0
17:11:38,18.6,59,0,0,1,0
17:12:38,18.6,59,0,0,1,0
17:13:38,18.6,59,0,0,1,0
17:14:38,18.6,59,0,0,1,0
17:15:38,18.6,59,0,0,1,0
17:16:38,18.6,59,0,0,1,0
17:17:38,18.5,59,0,0,1,0
17:18:38,18.6,59,0,0,1,0
17:19:38,18.6,59,0,0,1,0
17:20:38,18.6,59,0,0,1,0
17:21:38,18.6,59,0,0,1,0
17:22:38,18.6,59,0,0,1,0
17:23:39,18.5,59,0,0,1,0
17:24:39,18.5,59,0,0,1,0
17:25:39,18.6,59,0,0,1,0
17:26:39,18.6,59,0,0,1,0
17:27:39,18.6,59,0,0,1,0
17:28:39,18.6,59,0,0,1,0
17:29:39,18.6,59,0,0,1,0
17:30:39,18.5,59,0,0,1,0
17:31:39,18.6,59,0,0,1,0
17:32:39,18.6,59,0,0,1,0
17:33:39,18.6,59,0,0,1,0
17:34:39,18.6,59,0,0,1,0
17:35:39,18.6,59,0,0,1,0
17:36:39,18.6,59,0,0,1,0
17:37:39,18.6,59,0,0,1,0
17:38:39,18.6,59,0,0,1,0
17:39:39,18.6,59,0,0,1,0
17:40:39,18.6,59,0,0,1,0
17:41:39,18.6,59,0,0,1,0
17:42:39,18.5,59,0,0,1,0
17:43:39,18.5,59,0,0,1,0
17:44:39,18.6,59,0,0,1,0
17:45:39,18.6,59,0,0,1,0
17:46:39,18.6,59,0,0,1,0
17:47:39,18.6,59,0,0,1,0
17:48:39,18.6,59,0,0,1,0
17:49:39,18.6,59,0,0,1,0
17:50:39,18.6,59,0,0,1,0
17:51:39,18.6,59,0,0,1,0
17:52:39,18.6,59,0,0,1,0
17:53:39,18.5,59,0,0,1,0
17:54:39,18.5,59,0,0,1,0
17:55:39,18.4,59,0,0,1,0
17:56:39,18.4,59,0,0,1,0
17:57:39,18.4,59,0,0,1,0
17:58:39,18.4,59,0,0,1,0
17:59:39,18.4,59,0,0,1,0
18:00:39,18.4,59,0,0,1,0
18:01:39,18.4,59,0,0,1,0
18:02:39,18.4,59,0,0,1,0
18:03:39,18.4,59,0,0,1,0
18:04:39,18.4,59,0,0,1,0
18:05:39,18.4,59,0,0,1,0
18:06:39,18.4,59,0,0,1,0
18:07:39,18.3,59,0,0,1,0
18:08:39,18.3,59,0,0,1,0
18:09:39,18.3,59,0,0,1,0
18:10:39,18.3,59,0,0,1,0
18:11:39,18.4,59,0,0,1,0
18:12:39,18.3,59,0,0,1,0
18:13:39,18.3,59,0,0,1,0
18:14:39,18.3,59,0,0,1,0
18:15:39,18.4,59,0,0,1,0
18:16:40,18.3,59,0,0,1,0
18:17:39,18.3,59,0,0,1,0
18:18:39,18.3,59,0,0,1,0
18:19:39,18.3,59,0,0,1,0
18:20:39,18.3,59,0,0,1,0
18:21:39,18.3,59,0,0,1,0
18:22:39,18.3,59,0,0,1,0
18:23:39,18.3,59,0,0,1,0
18:24:39,18.3,59,0,0,1,0
18:25:39,18.3,59,0,0,1,0
18:26:40,18.2,59,0,0,1,0
18:27:40,18.3,59,0,0,1,0
18:28:40,18.3,59,0,0,1,0
18:29:40,18.2,59,0,0,1,0
18:30:40,18.3,59,0,0,1,0
18:31:40,18.2,59,0,0,1,0
18:32:40,18.2,59,0,0,1,0
18:33:41,18.2,59,0,0,1,0
18:34:40,18.2,59,0,0,1,0
18:35:40,18.2,59,0,0,1,0
18:36:40,18.2,59,0,0,1,0
18:37:40,18.2,59,0,0,1,0
18:38:40,18.2,59,0,0,1,0
18:39:40,18.2,59,0,0,1,0
18:40:40,18.2,59,0,0,1,0
18:41:40,18.2,59,0,0,1,0
18:42:40,18.2,59,0,0,1,0
18:43:40,18.2,59,0,0,1,0
18:44:40,18.2,59,0,0,1,0
18:45:40,18.2,59,0,0,1,0
18:46:40,18.2,59,0,0,1,0
18:47:43,18.2,59,0,0,1,0
18:48:40,18.2,59,0,0,1,0
18:49:40,18.2,59,0,0,1,0
18:50:40,18.2,59,0,0,1,0
18:51:40,18.2,59,0,0,1,0
18:52:40,18.2,59,0,0,1,0
18:53:40,18.2,59,0,0,1,0
18:54:40,18.2,59,0,0,1,0
18:55:40,18.1,59,0,0,1,0
18:56:40,18.1,59,0,0,1,0
18:57:40,18.1,59,0,0,1,0
18:58:40,18.2,59,0,0,1,0
18:59:40,18.2,59,0,0,1,0
19:00:40,18.2,59,0,0,1,0
19:01:40,18.1,59,0,0,1,0
19:02:45,18.1,59,0,0,1,0
19:03:40,18.1,59,0,0,1,0
19:04:40,18.1,59,0,0,1,0
19:05:40,18.1,59,0,0,1,0
19:06:40,18.1,59,0,0,1,0
19:07:40,18.1,59,0,0,1,0
19:08:40,18.1,59,0,0,1,0
19:09:40,18.1,59,0,0,1,0
19:10:40,18.1,59,0,0,1,0
19:11:40,18.1,59,0,0,1,0
19:12:40,18.1,59,0,0,1,0
19:13:40,18.1,59,0,0,1,0
19:14:40,18.1,59,0,0,1,0
19:15:40,18,59,0,0,1,0
19:16:40,18.1,59,0,0,1,0
19:17:40,18,59,0,0,1,0
19:18:40,18,59,0,0,1,0
19:19:40,18,59,0,0,1,0
19:20:40,18,59,0,0,1,0
19:21:40,18.1,59,0,0,1,0
19:22:40,18.1,59,0,0,1,0
19:23:40,18,59,0,0,1,0
19:24:41,18,59,0,0,1,0
19:25:40,18,59,0,0,1,0
19:26:40,18,59,0,0,1,0
19:27:40,18,59,0,0,1,0
19:28:40,18.1,59,0,0,1,0
19:29:40,18,59,0,0,1,0
19:30:42,18.1,59,0,0,1,0
19:31:43,18.1,59,0,0,1,0
19:32:40,18,59,0,0,1,0
19:33:40,18,59,0,0,1,0
19:34:40,18,59,0,0,1,0
19:35:40,18,59,0,0,1,0
19:36:40,18,59,0,0,1,0
19:37:40,18,59,0,0,1,0
19:38:40,18,59,0,0,1,0
19:39:40,18,59,0,0,1,0
19:40:40,18,59,0,0,1,0
19:41:40,18,59,0,0,1,0
19:42:41,18,59,0,0,1,0
19:43:40,18,59,0,0,1,0
19:44:40,17.9,59,0,0,1,0
19:45:45,18,59,0,0,1,0
19:46:40,18,59,0,0,1,0
19:47:40,17.9,59,0,0,1,0
19:48:41,18,59,0,0,1,0
19:49:41,18,59,0,0,1,0
19:50:41,18,59,0,0,1,0
19:51:41,18,59,0,0,1,0
19:52:41,18,59,0,0,1,0
19:53:41,18,59,0,0,1,0
19:54:41,17.9,59,0,0,1,0
19:55:41,17.9,59,0,0,1,0
19:56:41,17.9,59,0,0,1,0
19:57:41,17.9,59,0,0,1,0
19:58:41,17.9,59,0,0,1,0
19:59:41,17.9,59,0,0,1,0
20:01:41,17.9,59,0,0,1,0
20:02:41,17.9,59,0,0,1,0
20:03:41,17.9,59,0,0,1,0
20:04:41,17.9,59,0,0,1,0
20:05:41,18,59,0,0,1,0
20:06:41,18,58,0,0,1,0
20:07:41,18,58,0,0,1,0
20:08:41,17.9,59,0,0,1,0
20:09:41,17.9,59,0,0,1,0
20:10:41,17.9,59,0,0,1,0
20:11:41,18,59,0,0,1,0
20:12:42,18,59,0,0,1,0
20:13:41,17.9,59,0,0,1,0
20:14:41,18,59,0,0,1,0
20:15:42,18,59,0,0,1,0
20:16:41,18,59,0,0,1,0
20:17:41,17.9,59,0,0,1,0
20:18:41,17.9,59,0,0,1,0
20:19:41,17.9,59,0,0,1,0
20:20:41,17.8,59,0,0,1,0
20:21:41,17.9,59,0,0,1,0
20:22:41,17.8,59,0,0,1,0
20:23:41,17.8,59,0,0,1,0
20:24:41,17.8,59,0,0,1,0
20:25:41,17.8,59,0,0,1,0
20:26:41,17.9,59,0,0,1,0
20:27:41,17.8,59,0,0,1,0
20:28:41,17.8,59,0,0,1,0
20:29:41,17.8,59,0,0,1,0
20:30:43,17.8,59,0,0,1,0
20:31:41,17.8,59,0,0,1,0
20:32:41,17.8,59,0,0,1,0
20:33:41,17.8,59,0,0,1,0
20:34:41,17.8,59,0,0,1,0
20:35:41,17.8,59,0,0,1,0
20:36:41,17.8,59,0,0,1,0
20:37:41,17.8,59,0,0,1,0
20:38:41,17.8,59,0,0,1,0
20:39:41,17.8,59,0,0,1,0
20:40:41,17.7,58,0,0,1,0
20:41:41,17.8,59,0,0,1,0
20:42:42,17.7,58,0,0,1,0
20:43:41,17.7,58,0,0,1,0
20:44:41,17.8,58,0,0,1,0
20:45:43,17.7,59,0,0,1,0
20:46:41,17.7,59,0,0,1,0
20:47:41,17.7,59,0,0,1,0
20:48:41,17.7,59,0,0,1,0
20:49:41,17.7,58,0,0,1,0
20:50:41,17.7,58,0,0,1,0
20:51:41,17.7,59,0,0,1,0
20:52:41,17.7,59,0,0,1,0
20:53:41,17.7,59,0,0,1,0
20:54:41,17.7,59,0,0,1,0
20:55:41,17.7,59,0,0,1,0
20:56:41,17.7,59,0,0,1,0
20:57:41,17.7,59,0,0,1,0
20:58:41,17.7,59,0,0,1,0
20:59:41,17.7,59,0,0,1,0
21:00:41,17.7,59,0,0,1,0
21:01:42,17.6,59,0,0,1,0
21:02:41,17.6,59,0,0,1,0
21:03:41,17.7,59,0,0,1,0
21:04:41,17.6,59,0,0,1,0
21:05:41,17.6,59,0,0,1,0
21:06:41,17.6,59,0,0,1,0
21:07:41,17.6,59,0,0,1,0
21:08:42,17.6,59,0,0,1,0
21:09:41,17.7,59,0,0,1,0
21:10:42,17.7,59,0,0,1,0
21:11:41,17.6,59,0,0,1,0
21:12:41,17.7,59,0,0,1,0
21:13:41,17.7,59,0,0,1,0
21:14:41,17.7,59,0,0,1,0
21:15:41,17.7,59,0,0,1,0
21:16:41,17.6,59,0,0,1,0
21:17:41,17.7,59,0,0,1,0
21:18:41,17.7,59,0,0,1,0
21:19:42,17.7,59,0,0,1,0
21:20:41,17.6,59,0,0,1,0
21:21:41,17.7,59,0,0,1,0
21:22:41,17.7,59,0,0,1,0
21:23:41,17.7,59,0,0,1,0
21:24:41,17.7,59,0,0,1,0
21:25:41,17.7,59,0,0,1,0
21:26:41,17.7,59,0,0,1,0
21:27:41,17.6,59,0,0,1,0
21:28:42,17.6,59,0,0,1,0
21:29:41,17.6,59,0,0,1,0
21:30:41,17.6,59,0,0,1,0
21:31:41,17.6,59,0,0,1,0
21:32:41,17.6,59,0,0,1,0
21:33:42,17.6,59,0,0,1,0
21:34:41,17.7,59,0,0,1,0
21:35:41,17.6,59,0,0,1,0
21:36:41,17.6,59,0,0,1,0
21:37:41,17.6,59,0,0,1,0
21:38:41,17.6,59,0,0,1,0
21:39:41,17.6,59,0,0,1,0
21:40:41,17.6,59,0,0,1,0
21:41:41,17.6,59,0,0,1,0
21:42:41,17.6,59,0,0,1,0
21:43:41,17.6,59,0,0,1,0
21:44:41,17.6,59,0,0,1,0
21:45:41,17.6,59,0,0,1,0
21:46:41,17.6,59,0,0,1,0
21:47:42,17.5,59,0,0,1,0
21:48:42,17.6,59,0,0,1,0
21:49:42,17.6,59,0,0,1,0
21:50:42,17.5,59,0,0,1,0
21:51:42,17.5,59,0,0,1,0
21:52:42,17.5,59,0,0,1,0
21:55:42,17.5,59,0,0,1,0
21:56:42,17.5,59,0,0,1,0
21:57:42,17.5,59,0,0,1,0
21:58:42,17.6,59,0,0,1,0
21:59:42,17.5,59,0,0,1,0
22:00:42,17.5,59,0,0,1,0
22:01:42,17.5,59,0,0,1,0
22:02:42,17.5,59,0,0,1,0
22:03:42,17.6,59,0,0,1,0
22:04:42,17.5,59,0,0,1,0
22:05:42,17.5,59,0,0,1,0
22:06:43,17.5,59,0,0,1,0
22:07:42,17.5,59,0,0,1,0
22:08:42,17.5,59,0,0,1,0
22:09:42,17.5,59,0,0,1,0
22:10:42,17.5,59,0,0,1,0
22:11:42,17.5,59,0,0,1,0
22:12:42,17.5,59,0,0,1,0
22:13:42,17.5,59,0,0,1,0
22:14:42,17.6,59,0,0,1,0
22:15:42,17.5,59,0,0,1,0
22:16:42,17.5,59,0,0,1,0
22:17:42,17.5,59,0,0,1,0
22:18:42,17.5,59,0,0,1,0
22:19:42,17.5,59,0,0,1,0
22:20:42,17.5,59,0,0,1,0
22:21:43,17.5,59,0,0,1,0
22:22:42,17.5,59,0,0,1,0
22:23:42,17.6,59,0,0,1,0
22:24:42,17.7,59,0,0,1,0
22:25:42,17.7,59,0,0,1,0
22:26:42,17.7,59,0,0,1,0
22:27:42,17.7,59,0,0,1,0
22:28:42,17.7,59,0,0,1,0
22:29:42,17.6,58,0,0,1,0
22:30:42,17.6,58,0,0,1,0
22:31:42,17.6,59,0,0,1,0
22:32:42,17.6,58,0,0,1,0
22:33:42,17.6,59,0,0,1,0
22:34:42,17.5,58,0,0,1,0
22:35:42,17.5,59,0,0,1,0
22:36:44,17.5,59,0,0,1,0
22:37:42,17.4,59,0,0,1,0
22:38:42,17.4,59,0,0,1,0
22:39:42,17.5,59,0,0,1,0
22:40:42,17.5,59,0,0,1,0
22:41:42,17.5,59,0,0,1,0
22:42:42,17.5,59,0,0,1,0
22:43:42,17.4,59,0,0,1,0
22:44:42,17.4,59,0,0,1,0
22:45:43,17.4,59,0,0,1,0
22:46:42,17.4,59,0,0,1,0
22:47:42,17.5,59,0,0,1,0
22:48:42,17.5,59,0,0,1,0
22:49:43,17.4,59,0,0,1,0
22:50:42,17.4,59,0,0,1,0
22:51:42,17.4,59,0,0,1,0
22:52:42,17.4,59,0,0,1,0
22:53:42,17.4,59,0,0,1,0
22:54:42,17.4,59,0,0,1,0
22:55:42,17.4,59,0,0,1,0
22:56:42,17.4,59,0,0,1,0
22:57:42,17.4,59,0,0,1,0
22:58:42,17.4,59,0,0,1,0
22:59:42,17.4,59,0,0,1,0
23:00:43,17.4,59,0,0,1,0
23:01:42,17.4,59,0,0,1,0
23:02:42,17.4,59,0,0,1,0
23:03:42,17.4,59,0,0,1,0
23:04:42,17.4,59,0,0,1,0
23:05:42,17.4,59,0,0,1,0
23:06:42,17.4,59,0,0,1,0
23:07:42,17.4,59,0,0,1,0
23:08:42,17.4,59,0,0,1,0
23:09:42,17.4,59,0,0,1,0
23:10:42,17.4,59,0,0,1,0
23:11:42,17.4,59,0,0,1,0
23:12:42,17.4,59,0,0,1,0
23:13:42,17.4,59,0,0,1,0
23:14:42,17.4,59,0,0,1,0
23:15:46,17.4,59,0,0,1,0
23:16:42,17.3,59,0,0,1,0
23:17:43,17.3,59,0,0,1,0
23:18:43,17.3,59,0,0,1,0
23:19:43,17.3,59,0,0,1,0
23:20:43,17.3,59,0,0,1,0
23:21:43,17.3,59,0,0,1,0
23:22:43,17.4,59,0,0,1,0
23:23:43,17.3,59,0,0,1,0
23:24:43,17.4,59,0,0,1,0
23:25:43,17.3,59,0,0,1,0
23:26:43,17.3,59,0,0,1,0
23:27:43,17.3,59,0,0,1,0
23:28:44,17.3,59,0,0,1,0
23:29:43,17.3,59,0,0,1,0
23:30:43,17.3,59,0,0,1,0
23:31:43,17.3,59,0,0,1,0
23:32:43,17.3,59,0,0,1,0
23:33:43,17.4,59,0,0,1,0
23:34:43,17.4,59,0,0,1,0
23:35:43,17.3,59,0,0,1,0
23:36:43,17.3,59,0,0,1,0
23:37:43,17.3,59,0,0,1,0
23:38:43,17.3,59,0,0,1,0
23:39:43,17.3,59,0,0,1,0
23:40:43,17.3,59,0,0,1,0
23:41:43,17.3,59,0,0,1,0
23:42:43,17.3,59,0,0,1,0
23:43:43,17.3,59,0,0,1,0
23:44:43,17.3,59,0,0,1,0
23:45:43,17.3,59,0,0,1,0
23:46:43,17.3,59,0,0,1,0
23:47:43,17.3,59,0,0,1,0
23:48:43,17.3,59,0,0,1,0
23:49:43,17.3,59,0,0,1,0
23:50:43,17.3,59,0,0,1,0
23:51:43,17.3,59,0,0,1,0
23:52:43,17.3,59,0,0,1,0
23:53:43,17.2,59,0,0,1,0
23:54:43,17.3,59,0,0,1,0
23:55:43,17.2,59,0,0,1,0
23:56:43,17.3,59,0,0,1,0
23:57:43,17.3,59,0,0,1,0
23:58:43,17.3,59,0,0,1,0
23:59:43,17.3,59,0,0,1,0
00:00:44,17.3,59,0,0,1,0
00:01:43,17.3,59,0,0,1,0
00:02:43,17.3,59,0,0,1,0
00:03:43,17.3,59,0,0,1,0
00:04:43,17.2,59,0,0,1,0
00:05:43,17.2,59,0,0,1,0
00:06:43,17.2,59,0,0,1,0
00:07:43,17.2,59,0,0,1,0
00:08:43,17.2,59,0,0,1,0
00:09:43,17.2,59,0,0,1,0
00:10:43,17.2,59,0,0,1,0
00:11:43,17.2,59,0,0,1,0
00:12:43,17.2,59,0,0,1,0
00:13:43,17.2,59,0,0,1,0
00:14:43,17.2,59,0,0,1,0
00:15:44,17.2,59,0,0,1,0
00:16:43,17.2,59,0,0,1,0
00:17:43,17.2,59,0,0,1,0
00:18:43,17.2,59,0,0,1,0
00:19:43,17.2,59,0,0,1,0
00:20:43,17.2,59,0,0,1,0
00:21:43,17.2,59,0,0,1,0
00:22:43,17.2,59,0,0,1,0
00:23:43,17.2,59,0,0,1,0
00:24:43,17.2,59,0,0,1,0
00:25:43,17.2,59,0,0,1,0
00:26:43,17.2,59,0,0,1,0
00:27:43,17.2,59,0,0,1,0
00:28:43,17.2,59,0,0,1,0
00:29:43,17.2,59,0,0,1,0
00:30:44,17.2,59,0,0,1,0
00:31:43,17.2,59,0,0,1,0
00:32:43,17.2,59,0,0,1,0
00:33:43,17.2,59,0,0,1,0
00:34:43,17.2,59,0,0,1,0
00:35:43,17.2,59,0,0,1,0
00:36:43,17.2,59,0,0,1,0
00:37:43,17.2,59,0,0,1,0
00:38:43,17.2,59,0,0,1,0
00:39:43,17.2,59,0,0,1,0
00:40:43,17.2,59,0,0,1,0
00:41:43,17.2,59,0,0,1,0
00:42:43,17.2,59,0,0,1,0
00:43:43,17.2,59,0,0,1,0
00:44:43,17.2,59,0,0,1,0
00:45:44,17.2,59,0,0,1,0
00:46:45,17.2,59,0,0,1,0
00:47:43,17.2,59,0,0,1,0
00:48:43,17.2,59,0,0,1,0
00:49:43,17.2,59,0,0,1,0
00:50:43,17.2,59,0,0,1,0
00:51:44,17.2,59,0,0,1,0
00:52:43,17.1,59,0,0,1,0
00:53:43,17.1,59,0,0,1,0
00:54:44,17.1,59,0,0,1,0
00:55:44,17.1,59,0,0,1,0
00:56:44,17.1,59,0,0,1,0
00:57:44,17.2,59,0,0,1,0
00:58:44,17.1,59,0,0,1,0
00:59:44,17.1,59,0,0,1,0
01:00:44,17.1,59,0,0,1,0
01:01:44,17.1,59,0,0,1,0
01:02:44,17.1,59,0,0,1,0
01:03:44,17.1,59,0,0,1,0
01:04:44,17.1,59,0,0,1,0
01:05:44,17.1,59,0,0,1,0
01:06:44,17.1,59,0,0,1,0
01:07:44,17.1,59,0,0,1,0
01:08:44,17.1,59,0,0,1,0
01:09:44,17.1,59,0,0,1,0
01:10:44,17.1,59,0,0,1,0
01:11:44,17.2,59,0,0,1,0
01:12:44,17.1,59,0,0,1,0
01:13:44,17.1,59,0,0,1,0
01:14:44,17.1,59,0,0,1,0
01:15:44,17.1,59,0,0,1,0
01:16:44,17,59,0,0,1,0
01:17:44,17.1,59,0,0,1,0
01:18:44,17.1,59,0,0,1,0
01:19:44,17.1,59,0,0,1,0
01:20:44,17.1,59,0,0,1,0
01:21:44,17.1,59,0,0,1,0
01:22:44,17.1,59,0,0,1,0
01:23:44,17.1,59,0,0,1,0
01:24:45,17.1,59,0,0,1,0
01:25:44,17.1,59,0,0,1,0
01:26:44,17.1,59,0,0,1,0
01:27:45,17.1,59,0,0,1,0
01:28:44,17,59,0,0,1,0
01:29:44,17,59,0,0,1,0
01:30:44,17,59,0,0,1,0
01:31:44,17,59,0,0,1,0
01:32:44,17.1,59,0,0,1,0
01:33:44,17.1,59,0,0,1,0
01:34:44,17.1,59,0,0,1,0
01:35:44,17.1,59,0,0,1,0
01:36:44,17.1,59,0,0,1,0
01:37:44,17,59,0,0,1,0
01:38:44,17,59,0,0,1,0
01:39:44,17,59,0,0,1,0
01:40:44,17,59,0,0,1,0
01:41:44,17,59,0,0,1,0
01:42:44,17,59,0,0,1,0
01:43:44,17,59,0,0,1,0
01:44:44,17.1,59,0,0,1,0
01:45:44,17.1,59,0,0,1,0
01:46:44,17.1,59,0,0,1,0
01:47:44,17,59,0,0,1,0
01:48:44,17,59,0,0,1,0
01:49:44,17,59,0,0,1,0
01:50:44,17,59,0,0,1,0
01:51:44,17,59,0,0,1,0
01:52:44,17,59,0,0,1,0
01:53:44,17,59,0,0,1,0
01:54:44,17,59,0,0,1,0
01:55:44,17,59,0,0,1,0
01:56:44,17,59,0,0,1,0
01:57:44,17,59,0,0,1,0
01:58:44,17,59,0,0,1,0
01:59:44,17,59,0,0,1,0
02:00:44,17,59,0,0,1,0
02:01:44,17,59,0,0,1,0
02:02:44,17,59,0,0,1,0
02:03:44,17,59,0,0,1,0
02:04:44,17,59,0,0,1,0
02:05:44,17,59,0,0,1,0
02:06:44,17,59,0,0,1,0
02:07:44,16.9,59,0,0,1,0
02:08:44,17,59,0,0,1,0
02:09:45,16.9,59,0,0,1,0
02:10:44,16.9,59,0,0,1,0
02:11:44,16.9,59,0,0,1,0
02:12:44,16.9,59,0,0,1,0
02:13:44,17,59,0,0,1,0
02:14:44,16.9,59,0,0,1,0
02:15:45,17,59,0,0,1,0
02:16:44,17,59,0,0,1,0
02:17:47,16.9,59,0,0,1,0
02:18:44,17,59,0,0,1,0
02:19:44,17,59,0,0,1,0
02:20:44,16.9,59,0,0,1,0
02:21:44,16.9,59,0,0,1,0
02:22:45,16.9,59,0,0,1,0
02:23:45,16.9,59,0,0,1,0
02:24:46,16.9,59,0,0,1,0
02:25:45,16.9,59,0,0,1,0
02:26:45,16.9,59,0,0,1,0
02:27:45,16.9,59,0,0,1,0
02:28:45,16.9,59,0,0,1,0
02:29:45,16.8,59,0,0,1,0
02:30:45,16.9,59,0,0,1,0
02:31:45,16.9,59,0,0,1,0
02:32:45,16.9,59,0,0,1,0
02:33:45,16.9,59,0,0,1,0
02:34:45,16.9,59,0,0,1,0
02:35:45,16.9,59,0,0,1,0
02:36:45,16.9,59,0,0,1,0
02:37:45,16.9,59,0,0,1,0
02:38:45,16.9,59,0,0,1,0
02:39:45,16.9,59,0,0,1,0
02:40:45,16.9,59,0,0,1,0
02:41:45,16.9,59,0,0,1,0
02:42:45,16.9,59,0,0,1,0
02:43:45,16.8,59,0,0,1,0
02:44:45,16.8,59,0,0,1,0
02:45:45,16.9,59,0,0,1,0
02:46:45,16.9,59,0,0,1,0
02:47:45,16.8,59,0,0,1,0
02:48:45,16.9,59,0,0,1,0
02:49:45,16.9,59,0,0,1,0
02:50:45,16.9,59,0,0,1,0
02:51:45,16.9,59,0,0,1,0
02:52:45,16.9,59,0,0,1,0
02:53:45,16.8,59,0,0,1,0
02:54:45,16.8,59,0,0,1,0
02:55:45,16.9,59,0,0,1,0
02:56:45,16.8,59,0,0,1,0
02:57:45,16.8,59,0,0,1,0
02:58:45,16.8,59,0,0,1,0
02:59:45,16.8,59,0,0,1,0
03:00:48,16.8,59,0,0,1,0
03:01:45,16.8,59,0,0,1,0
03:02:45,16.8,59,0,0,1,0
03:03:45,16.8,59,0,0,1,0
03:04:45,16.8,59,0,0,1,0
03:05:45,16.8,59,0,0,1,0
03:06:45,16.8,59,0,0,1,0
03:07:45,16.8,59,0,0,1,0
03:08:45,16.8,59,0,0,1,0
03:09:45,16.8,59,0,0,1,0
03:10:45,16.8,59,0,0,1,0
03:11:45,16.8,59,0,0,1,0
03:12:45,16.8,59,0,0,1,0
03:13:45,16.8,59,0,0,1,0
03:14:45,16.8,59,0,0,1,0
03:15:45,16.8,59,0,0,1,0
03:16:47,16.8,59,0,0,1,0
03:17:45,16.9,59,0,0,1,0
03:18:47,16.8,59,0,0,1,0
03:19:45,16.8,59,0,0,1,0
03:20:45,16.8,59,0,0,1,0
03:21:45,16.8,59,0,0,1,0
03:22:45,16.8,59,0,0,1,0
03:23:45,16.8,59,0,0,1,0
03:24:45,16.8,59,0,0,1,0
03:25:45,16.8,59,0,0,1,0
03:26:45,17.5,64,0,0,1,0
03:27:45,18.1,65,0,0,1,0
03:28:45,18.6,64,0,0,1,0
03:29:45,18.8,63,0,0,1,0
03:30:45,18.9,62,0,0,1,0
03:31:45,19,62,0,0,1,0
03:32:45,19.1,62,0,0,1,0
03:33:45,19.3,62,0,0,1,0
03:34:45,19.4,62,0,0,1,0
03:35:45,19.5,63,0,0,1,0
03:36:45,19.7,64,0,0,1,0
03:37:45,19.8,64,0,0,1,0
03:38:45,19.9,64,0,0,1,0
03:39:45,20,64,0,0,1,0
03:40:45,20.1,64,0,0,1,0
03:41:45,20.2,64,0,0,1,0
03:42:46,20.2,64,0,0,1,0
03:43:46,20.2,63,0,0,1,0
03:44:46,20.1,62,0,0,1,0
03:45:46,20.1,62,0,0,1,0
03:46:46,20.2,62,0,0,1,0
03:47:47,20.2,62,0,0,1,0
03:48:46,20.3,62,0,0,1,0
03:49:46,20.4,62,0,0,1,0
03:50:46,20.5,62,0,0,1,0
03:51:47,20.5,62,0,0,1,0
03:52:49,20.5,62,0,0,1,0
03:53:46,20.4,61,0,0,1,0
03:54:46,20.3,60,0,0,1,0
03:55:46,20.2,60,0,0,1,0
03:56:47,20.1,59,0,0,1,0
03:57:46,20.1,59,0,0,1,0
03:58:46,20.1,59,0,0,1,0
03:59:46,20.1,59,0,0,1,0
04:00:46,20.2,60,0,0,1,0
04:01:47,20.3,60,0,0,1,0
04:02:46,20.4,60,0,0,1,0
04:03:46,20.5,61,0,0,1,0
04:04:46,20.6,61,0,0,1,0
04:05:46,20.6,60,0,0,1,0
04:06:46,20.7,60,0,0,1,0
04:07:46,20.7,60,0,0,1,0
04:08:46,20.7,60,0,0,1,0
04:09:46,20.6,59,0,0,1,0
04:10:46,20.3,59,0,0,1,0
04:11:46,20.3,58,0,0,1,0
04:12:46,20.2,58,0,0,1,0
04:13:46,20.2,58,0,0,1,0
04:14:46,20.2,58,0,0,1,0
04:15:46,20.3,59,0,0,1,0
04:16:46,20.4,59,0,0,1,0
04:17:46,20.4,60,0,0,1,0
04:18:46,20.6,60,0,0,1,0
04:19:46,20.7,60,0,0,1,0
04:20:46,20.7,59,0,0,1,0
04:21:46,20.6,59,0,0,1,0
04:22:47,20.4,59,0,0,1,0
04:23:46,20.4,58,0,0,1,0
04:24:46,20.3,58,0,0,1,0
04:25:46,20.2,57,0,0,1,0
04:26:46,20.1,57,0,0,1,0
04:27:46,20.2,57,0,0,1,0
04:28:47,20.3,58,0,0,1,0
04:29:46,20.4,59,0,0,1,0
04:30:46,20.5,59,0,0,1,0
04:31:47,20.5,59,0,0,1,0
04:32:46,20.6,59,0,0,1,0
04:33:46,20.7,59,0,0,1,0
04:34:46,20.7,59,0,0,1,0
04:35:46,20.7,58,0,0,1,0
04:36:46,20.6,58,0,0,1,0
04:37:46,20.4,57,0,0,1,0
04:38:46,20.3,57,0,0,1,0
04:39:47,20.2,57,0,0,1,0
04:40:47,20.1,57,0,0,1,0
04:41:47,20.2,57,0,0,1,0
04:42:47,20.3,57,0,0,1,0
04:43:47,20.4,58,0,0,1,0
04:44:47,20.5,59,0,0,1,0
04:45:47,20.5,59,0,0,1,0
04:46:47,20.6,59,0,0,1,0
04:47:47,20.7,58,0,0,1,0
04:48:47,20.7,58,0,0,1,0
04:49:47,20.8,58,0,0,1,0
04:50:47,20.6,58,0,0,1,0
04:51:47,20.4,57,0,0,1,0
04:52:47,20.3,57,0,0,1,0
04:53:47,20.2,57,0,0,1,0
04:54:47,20.1,56,0,0,1,0
04:55:47,20,56,0,0,1,0
04:56:47,20.1,57,0,0,1,0
04:57:47,20.2,57,0,0,1,0
04:58:47,20.3,58,0,0,1,0
04:59:47,20.4,58,0,0,1,0
05:00:47,20.5,59,0,0,1,0
05:01:47,20.6,58,0,0,1,0
05:02:48,20.7,58,0,0,1,0
05:03:47,20.8,58,0,0,1,0
05:04:47,20.8,58,0,0,1,0
05:05:47,20.7,57,0,0,1,0
05:06:47,20.5,57,0,0,1,0
05:07:47,20.4,57,0,0,1,0
05:08:47,20.2,56,0,0,1,0
05:09:47,20.1,56,0,0,1,0
05:10:47,20.1,57,0,0,1,0
05:11:47,20.2,57,0,0,1,0
05:12:47,20.3,57,0,0,1,0
05:13:48,20.4,58,0,0,1,0
05:14:47,20.5,58,0,0,1,0
05:15:48,20.6,58,0,0,1,0
05:16:48,20.7,58,0,0,1,0
05:17:49,20.8,58,0,0,1,0
05:18:48,20.8,58,0,0,1,0
05:19:48,20.8,57,0,0,1,0
05:20:48,20.6,57,0,0,1,0
05:21:48,20.5,56,0,0,1,0
05:22:48,20.3,56,0,0,1,0
05:23:48,20.2,56,0,0,1,0
05:24:48,20.2,57,0,0,1,0
05:25:48,20.3,57,0,0,1,0
05:26:48,20.4,57,0,0,1,0
05:27:48,20.4,58,0,0,1,0
05:28:48,20.5,58,0,0,1,0
05:29:48,20.7,58,0,0,1,0
05:30:48,20.7,58,0,0,1,0
05:31:48,20.8,57,0,0,1,0
05:32:48,20.8,57,0,0,1,0
05:33:48,20.8,57,0,0,1,0
05:34:48,20.6,57,0,0,1,0
05:35:49,20.5,56,0,0,1,0
05:36:48,20.3,56,0,0,1,0
05:37:48,20.2,56,0,0,1,0
05:38:48,20.2,57,0,0,1,0
05:39:48,20.3,57,0,0,1,0
05:40:48,20.4,57,0,0,1,0
05:41:48,20.5,58,0,0,1,0
05:42:48,20.6,58,0,0,1,0
05:43:48,20.7,58,0,0,1,0
05:44:48,20.8,57,0,0,1,0
05:45:48,20.8,57,0,0,1,0
05:46:48,20.8,57,0,0,1,0
05:47:48,20.6,56,0,0,1,0
05:48:48,20.4,57,0,0,1,0
05:49:48,20.3,57,0,0,1,0
05:50:48,20.2,56,0,0,1,0
05:51:48,20.1,56,0,0,1,0
05:52:49,20.2,57,0,0,1,0
05:53:48,20.3,57,0,0,1,0
05:54:48,20.4,58,0,0,1,0
05:55:48,20.5,58,0,0,1,0
05:56:49,20.6,58,0,0,1,0
05:57:49,20.7,57,0,0,1,0
05:58:49,20.8,57,0,0,1,0
05:59:49,20.8,57,0,0,1,0
06:00:49,20.9,57,0,0,1,0
06:01:49,20.8,57,0,0,1,0
06:02:52,20.6,56,0,0,1,0
06:03:49,20.5,56,0,0,1,0
06:04:49,20.4,56,0,0,1,0
06:05:49,20.2,56,0,0,1,0
06:06:49,20.3,56,0,0,1,0
06:07:49,20.3,57,0,0,1,0
06:08:49,20.4,57,0,0,1,0
06:09:49,20.5,57,0,0,1,0
06:10:49,20.6,57,0,0,1,0
06:11:49,20.7,57,0,0,1,0
06:12:49,20.8,57,0,0,1,0
06:13:49,20.8,57,0,0,1,0
06:14:49,20.7,57,0,0,1,0
06:15:49,20.6,57,0,0,1,0
06:16:49,20.5,56,0,0,1,0
06:17:49,20.4,56,0,0,1,0
06:18:49,20.3,56,0,0,1,0
06:19:49,20.3,56,0,0,1,0
06:20:49,20.4,57,0,0,1,0
06:21:49,20.5,57,0,0,1,0
06:22:49,20.6,57,0,0,1,0
06:23:49,20.6,57,0,0,1,0
06:24:49,20.8,57,0,0,1,0
06:25:49,20.8,57,0,0,1,0
06:26:49,20.8,56,0,0,1,0
06:27:49,20.7,56,0,0,1,0
06:28:49,20.6,56,0,0,1,0
06:29:49,20.5,55,0,0,1,0
06:30:49,20.2,55,0,0,1,0
06:31:49,20.2,55,0,0,1,0
06:32:49,20.2,56,0,0,1,0
06:33:49,20.3,56,0,0,1,0
06:34:49,20.3,57,0,0,1,0
06:35:49,20.5,57,0,0,1,0
06:36:49,20.6,57,0,0,1,0
06:37:49,20.7,57,0,0,1,0
06:38:49,20.7,57,0,0,1,0
06:39:49,20.8,57,0,0,1,0
06:40:49,20.8,56,0,0,1,0
06:41:49,20.6,56,0,0,1,0
06:42:49,20.4,56,0,0,1,0
06:43:49,20.3,56,0,0,1,0
06:44:49,20.3,56,0,0,1,0
06:45:50,20.2,56,0,0,1,0
06:46:49,20.3,56,0,0,1,0
06:47:49,20.4,57,0,0,1,0
06:48:49,20.4,57,0,0,1,0
06:49:49,20.6,57,0,0,1,0
06:50:49,20.7,57,0,0,1,0
06:51:49,20.7,57,0,0,1,0
06:52:49,20.8,57,0,0,1,0
06:53:49,20.9,56,0,0,1,0
06:54:50,20.8,56,0,0,1,0
06:55:50,20.6,56,0,0,1,0
06:56:50,20.5,56,0,0,1,0
06:57:50,20.4,55,0,0,1,0
06:58:50,20.3,55,0,0,1,0
06:59:50,20.3,56,0,0,1,0
07:00:51,20.4,56,0,0,1,0
07:01:50,20.5,57,0,0,1,0
07:02:51,20.6,57,0,0,1,0
07:03:50,20.7,57,0,0,1,0
07:04:51,20.8,57,0,0,1,0
07:05:50,20.8,56,0,0,1,0
07:06:50,20.9,56,0,0,1,0
07:07:50,20.8,56,0,0,1,0
07:08:50,20.6,55,0,0,1,0
07:09:50,20.4,56,0,0,1,0
07:10:50,20.4,55,0,0,1,0
07:11:50,20.2,55,0,0,1,0
07:12:50,20.3,56,0,0,1,0
07:13:50,20.3,56,0,0,1,0
07:14:50,20.4,57,0,0,1,0
07:15:50,20.5,57,0,0,1,0
07:16:50,20.6,57,0,0,1,0
07:17:50,20.7,57,0,0,1,0
07:18:50,20.8,57,0,0,1,0
07:19:50,20.9,56,0,0,1,0
07:20:50,20.9,56,0,0,1,0
07:21:50,20.9,56,0,0,1,0
07:22:50,20.8,56,0,0,1,0
07:23:50,20.6,55,0,0,1,0
07:24:50,20.4,55,0,0,1,0
07:25:50,20.3,55,0,0,1,0
07:26:50,20.3,55,0,0,1,0
07:27:50,20.4,56,0,0,1,0
07:28:50,20.5,56,0,0,1,0
07:29:50,20.6,57,0,0,1,0
07:30:50,20.7,57,0,0,1,0
07:31:51,20.8,57,0,0,1,0
07:32:51,20.9,56,0,0,1,0
07:33:50,20.9,56,0,0,1,0
07:34:50,20.9,56,0,0,1,0
07:35:50,20.8,56,0,0,1,0
07:36:50,20.6,56,0,0,1,0
07:37:50,20.5,55,0,0,1,0
07:38:50,20.4,55,0,0,1,0
07:39:50,20.4,55,0,0,1,0
07:40:50,20.4,56,0,0,1,0
07:41:50,20.6,57,0,0,1,0
07:42:50,20.6,57,0,0,1,0
07:43:50,20.7,57,0,0,1,0
07:44:50,20.8,57,0,0,1,0
07:45:50,20.9,57,0,0,1,0
07:46:51,20.9,56,0,0,1,0
07:47:50,20.9,56,0,0,1,0
07:48:50,20.9,56,0,0,1,0
07:49:52,20.7,56,0,0,1,0
07:50:50,20.6,56,0,0,1,0
07:51:50,20.5,55,0,0,1,0
07:52:50,20.4,55,0,0,1,0
07:53:50,20.5,56,0,0,1,0
07:54:50,20.5,56,0,0,1,0
07:55:50,20.6,57,0,0,1,0
07:56:50,20.7,57,0,0,1,0
07:57:50,20.8,57,0,0,1,0
07:58:50,20.9,57,0,0,1,0
07:59:50,21,56,0,0,1,0
08:00:51,20.9,56,0,0,1,0
08:01:50,20.8,56,0,0,1,0
08:02:50,20.6,56,0,0,1,0
08:03:50,20.5,55,0,0,1,0
08:04:50,20.4,55,0,0,1,0
08:05:50,20.4,56,0,0,1,0
08:06:50,20.5,57,0,0,1,0
08:07:50,20.6,57,0,0,1,0
08:08:50,20.7,57,0,0,1,0
08:09:50,20.8,57,0,0,1,0
08:10:50,20.9,57,0,0,1,0
08:11:50,20.9,57,0,0,1,0
08:12:51,21,56,0,0,1,0
08:13:51,21.1,56,0,0,1,0
08:14:51,21,56,0,0,1,0
08:15:51,20.8,56,0,0,1,0
08:16:51,20.6,56,0,0,1,0
08:17:51,20.5,55,0,0,1,0
08:18:51,20.3,56,0,0,1,0
08:19:51,20.4,56,0,0,1,0
08:20:51,20.5,57,0,0,1,0
08:21:51,20.7,57,0,0,1,0
08:22:51,20.8,57,0,0,1,0
08:23:51,20.9,57,0,0,1,0
08:24:51,21,57,0,0,1,0
08:25:51,21,57,0,0,1,0
08:26:51,21,57,0,0,1,0
08:27:51,21,57,0,0,1,0
08:28:51,20.8,56,0,0,1,0
08:29:51,20.7,56,0,0,1,0
08:30:51,20.6,56,0,0,1,0
08:31:51,20.5,56,0,0,1,0
08:32:51,20.5,57,0,0,1,0
08:33:51,20.7,57,0,0,1,0
08:34:51,20.8,57,0,0,1,0
08:35:51,20.9,57,0,0,1,0
08:36:51,21,57,0,0,1,0
08:37:51,21.1,57,0,0,1,0
08:38:51,21.2,57,0,0,1,0
08:39:51,21.2,57,0,0,1,0
08:40:51,21.1,56,0,0,1,0
08:41:51,20.9,56,0,0,1,0
08:42:51,20.7,56,0,0,1,0
08:43:51,20.6,56,0,0,1,0
08:44:51,20.5,56,0,0,1,0
08:45:51,20.5,57,0,0,1,0
08:46:51,20.7,57,0,0,1,0
08:47:51,20.8,57,0,0,1,0
08:48:51,21,57,0,0,1,0
08:49:51,21.1,57,0,0,1,0
08:50:51,21.1,57,0,0,1,0
08:51:51,21.3,57,0,0,1,0
08:52:51,21.3,57,0,0,1,0
08:53:51,21.3,56,0,0,1,0
08:54:51,21.1,56,0,0,1,0
08:55:51,21,56,0,0,1,0
08:56:52,20.8,56,0,0,1,0
08:57:51,20.7,56,0,0,1,0
08:58:51,20.8,57,0,0,1,0
08:59:51,20.8,57,0,0,1,0
09:00:51,21,57,0,0,1,0
09:01:51,21.1,57,0,0,1,0
09:02:51,21.2,57,0,0,1,0
09:03:51,21.3,57,0,0,1,0
09:04:51,21.4,56,0,0,1,0
09:05:51,21.4,56,0,0,1,0
09:06:51,21.3,56,0,0,1,0
09:07:51,21.1,56,0,0,1,0
09:08:52,21,56,0,0,1,0
09:09:52,20.9,56,0,0,1,0
09:10:52,20.9,57,0,0,1,0
09:11:52,21,57,0,0,1,0
09:12:52,21.2,58,0,0,1,0
09:13:52,21.3,58,0,0,1,0
09:14:52,21.4,58,0,0,1,0
09:15:52,21.5,58,0,0,1,0
09:16:52,21.5,57,0,0,1,0
09:17:53,21.6,57,0,0,1,0
09:18:52,21.5,57,0,0,1,0
09:19:52,21.3,57,0,0,1,0
09:20:52,21.2,56,0,0,1,0
09:21:52,21.1,56,0,0,1,0
09:22:52,21,56,0,0,1,0
09:23:52,21.1,57,0,0,1,0
09:24:52,21.1,57,0,0,1,0
09:25:52,21.2,58,0,0,1,0
09:26:52,21.3,58,0,0,1,0
09:27:52,21.4,58,0,0,1,0
09:28:54,21.5,58,0,0,1,0
09:29:52,21.5,58,0,0,1,0
09:30:52,21.4,57,0,0,1,0
09:31:53,21.2,57,0,0,1,0
09:32:52,21.2,57,0,0,1,0
09:33:52,21.1,57,0,0,1,0
09:34:55,21.1,57,0,0,1,0
09:35:52,21,57,0,0,1,0
09:36:52,21.2,58,0,0,1,0
09:37:52,20.9,57,0,0,1,0
09:38:52,20.4,57,0,0,1,0
09:39:52,20.1,58,0,0,1,0
09:40:52,19.8,58,0,0,1,0
09:41:52,19.7,58,0,0,1,0
09:42:52,19.5,58,0,0,1,0
09:43:52,19.4,58,0,0,1,0
09:44:52,19.4,58,0,0,1,0
09:45:52,19.2,58,0,0,1,0
09:46:52,19.1,58,0,0,1,0
09:47:52,19.1,58,0,0,1,0
09:48:52,19.1,58,0,0,1,0
09:49:53,19,58,0,0,1,0
09:50:53,19,58,0,0,1,0
09:51:53,18.9,58,0,0,1,0
09:52:53,18.9,58,0,0,1,0
09:53:53,18.8,58,0,0,1,0
09:54:53,18.8,58,0,0,1,0
09:55:53,18.8,58,0,0,1,0
09:56:53,18.8,58,0,0,1,0
09:57:53,18.8,58,0,0,1,0
09:58:53,18.8,58,0,0,1,0
09:59:53,18.7,58,0,0,1,0
10:00:53,18.7,58,0,0,1,0
10:01:53,18.7,58,0,0,1,0
10:02:53,18.6,58,0,0,1,0
10:03:53,18.7,58,0,0,1,0
10:04:53,18.6,58,0,0,1,0
10:05:53,18.6,58,0,0,1,0
10:06:58,18.6,58,0,0,1,0
10:07:56,18.5,58,0,0,1,0
10:08:53,18.6,58,0,0,1,0
10:09:53,18.6,58,0,0,1,0
10:10:54,18.8,59,0,0,1,0
10:11:53,18.8,59,0,0,1,0
10:12:53,18.8,59,0,0,1,0
10:13:53,18.7,59,0,0,1,0
10:15:53,18.7,60,0,0,1,0
10:16:53,18.6,60,0,0,1,0
10:18:53,18.6,60,0,0,1,0
10:19:54,18.7,60,0,0,1,0
10:20:56,18.7,60,0,0,1,0
10:21:56,18.7,60,0,0,1,0
10:22:54,18.7,60,0,0,1,0
10:23:53,18.7,60,0,0,1,0
10:24:53,18.7,60,0,0,1,0
10:25:54,18.7,60,0,0,1,0
10:26:55,18.7,60,0,0,1,0
10:27:53,18.7,60,0,0,1,0
10:28:55,18.7,60,0,0,1,0
10:29:55,18.7,60,0,0,1,0
10:30:53,18.7,60,0,0,1,0
10:31:53,18.7,60,0,0,1,0
10:32:53,18.7,60,0,0,1,0
10:33:53,18.7,60,0,0,1,0
10:34:53,18.7,60,0,0,1,0
10:35:53,18.8,60,0,0,1,0
10:36:53,18.7,60,0,0,1,0
10:37:55,18.7,60,0,0,1,0
10:38:53,18.7,61,0,0,1,0
10:39:53,18.7,61,0,0,1,0
10:40:54,18.8,61,0,0,1,0
10:41:53,18.7,60,0,0,1,0
10:42:53,18.8,60,0,0,1,0
10:43:55,18.7,60,0,0,1,0
10:44:56,18.7,60,0,0,1,0
10:45:53,18.7,60,0,0,1,0
10:46:53,18.7,60,0,0,1,0
10:47:53,18.8,60,0,0,1,0
10:48:53,18.8,60,0,0,1,0
10:49:53,18.7,60,0,0,1,0
10:50:53,18.8,59,0,0,1,0
10:51:53,18.8,59,0,0,1,0
10:52:54,18.7,59,0,0,1,0
10:53:53,18.7,59,0,0,1,0
10:54:54,18.7,59,0,0,1,0
10:55:53,18.7,59,0,0,1,0
10:56:53,18.7,60,0,0,1,0
10:57:53,18.7,60,0,0,1,0
10:58:53,18.7,60,0,0,1,0
10:59:53,18.7,61,0,0,1,0
11:00:53,18.7,61,0,0,1,0
11:01:53,18.7,61,0,0,1,0
11:02:53,18.7,61,0,0,1,0
11:03:53,18.8,60,0,0,1,0
11:04:53,18.8,60,0,0,1,0
11:05:53,18.7,60,0,0,1,0
11:06:53,18.7,60,0,0,1,0
11:07:54,18.7,60,0,0,1,0
11:08:53,18.7,60,0,0,1,0
11:09:56,18.7,60,0,0,1,0
11:10:54,18.7,60,0,0,1,0
11:11:53,18.7,60,0,0,1,0
11:12:54,18.7,60,0,0,1,0
11:13:54,18.7,60,0,0,1,0
11:14:54,18.7,60,0,0,1,0
11:15:54,18.7,60,0,0,1,0
11:16:54,18.7,60,0,0,1,0
11:17:55,18.7,60,0,0,1,0
11:18:54,18.7,60,0,0,1,0
11:19:54,18.7,61,0,0,1,0
11:20:55,18.7,60,0,0,1,0
11:21:54,18.7,61,0,0,1,0
11:22:54,19.1,61,0,0,1,0
11:23:54,19.6,60,0,0,1,0
11:24:54,19.8,60,0,0,1,0
11:25:54,20,59,0,0,1,0
11:26:54,20.2,59,0,0,1,0
11:27:54,20.4,58,0,0,1,0
11:28:54,20.5,59,0,0,1,0
11:29:54,20.7,60,0,0,1,0
11:30:54,20.7,60,0,0,1,0
11:31:57,20.9,61,0,0,1,0
11:32:54,20.9,61,0,0,1,0
11:33:54,21,61,0,0,1,0
11:34:54,21,60,0,0,1,0
11:35:54,21,60,0,0,1,0
11:36:57,20.8,59,0,0,1,0
11:37:57,20.8,59,0,0,1,0
11:38:54,20.6,58,0,0,1,0
11:39:55,20.6,58,0,0,1,0
11:40:58,20.7,58,0,0,1,0
11:41:55,20.8,58,0,0,1,0
11:42:54,20.9,58,0,0,1,0
11:43:57,21,59,0,0,1,0
11:44:54,21.1,59,0,0,1,0
11:45:54,21.1,60,0,0,1,0
11:46:54,21.2,60,0,0,1,0
11:47:57,21.3,60,0,0,1,0
11:48:54,21.3,60,0,0,1,0
11:49:54,21.3,60,0,0,1,0
11:50:55,21.3,59,0,0,1,0
11:51:54,21.2,59,0,0,1,0
11:52:54,21.1,58,0,0,1,0
11:53:54,20.9,58,0,0,1,0
11:54:55,20.9,58,0,0,1,0
11:55:54,21,58,0,0,1,0
11:56:54,21.1,58,0,0,1,0
11:58:58,21.3,59,0,0,1,0
11:59:54,21.4,60,0,0,1,0
12:00:54,21.4,60,0,0,1,0
12:01:54,21.3,59,0,0,1,0
12:02:56,21.1,59,0,0,1,0
12:03:54,21.1,58,0,0,1,0
12:04:54,20.9,58,0,0,1,0
12:05:55,21,58,0,0,1,0
12:06:54,20.8,57,0,0,1,0
12:07:54,20.8,57,0,0,1,0
12:08:55,20.9,57,0,0,1,0
12:10:57,21.1,58,0,0,1,0
12:11:57,21.2,58,0,0,1,0
12:12:55,21.3,59,0,0,1,0
12:13:55,21.4,59,0,0,1,0
12:14:56,21.4,59,0,0,1,0
12:15:57,21.4,59,0,0,1,0
12:16:55,21.3,59,0,0,1,0
12:17:55,21.2,59,0,0,1,0
12:18:57,21,58,0,0,1,0
12:19:55,20.9,58,0,0,1,0
12:20:55,20.8,58,0,0,1,0
12:21:55,20.8,58,0,0,1,0
12:22:55,20.9,57,0,0,1,0
12:23:55,20.8,57,0,0,1,0
12:24:55,20.6,57,0,0,1,0
12:25:55,20.8,57,0,0,1,0
12:26:55,20.9,58,0,0,1,0
12:27:55,21,58,0,0,1,0
12:28:55,21.2,58,0,0,1,0
12:29:55,21.3,59,0,0,1,0
12:30:55,21.4,59,0,0,1,0
12:31:55,21.4,59,0,0,1,0
12:32:56,21.5,59,0,0,1,0
12:33:55,21.4,59,0,0,1,0
12:34:55,21.3,59,0,0,1,0
12:35:55,21.2,58,0,0,1,0
12:36:56,21.1,58,0,0,1,0
12:37:55,20.9,57,0,0,1,0
12:38:55,20.8,58,0,0,1,0
12:39:56,21,57,0,0,1,0
12:40:55,21.1,58,0,0,1,0
12:41:55,21.2,58,0,0,1,0
12:42:55,21.3,58,0,0,1,0
12:43:55,21.5,59,0,0,1,0
12:44:55,21.5,59,0,0,1,0
12:45:55,21.6,59,0,0,1,0
12:46:55,21.6,59,0,0,1,0
12:47:55,21.5,59,0,0,1,0
12:48:56,21.3,59,0,0,1,0
12:49:55,21.2,58,0,0,1,0
12:50:55,21.2,58,0,0,1,0
12:51:55,21.1,57,0,0,1,0
12:52:55,21,57,0,0,1,0
12:53:55,20.9,57,0,0,1,0
12:54:55,21.1,57,0,0,1,0
12:55:55,21.2,58,0,0,1,0
12:56:55,21.4,58,0,0,1,0
12:57:55,21.5,58,0,0,1,0
12:58:55,21.5,59,0,0,1,0
12:59:55,21.6,59,0,0,1,0
13:00:55,21.7,59,0,0,1,0
13:01:55,21.7,59,0,0,1,0
13:02:55,21.7,58,0,0,1,0
13:03:55,21.6,58,0,0,1,0
13:04:55,21.3,58,0,0,1,0
13:05:56,21.2,58,0,0,1,0
13:06:57,21.1,57,0,0,1,0
13:07:56,21,57,0,0,1,0
13:08:57,20.9,57,0,0,1,0
13:09:56,21,57,0,0,1,0
13:10:56,21.2,57,0,0,1,0
13:11:56,21.3,57,0,0,1,0
13:12:56,21.4,58,0,0,1,0
13:13:56,21.5,58,0,0,1,0
13:14:56,21.5,58,0,0,1,0
13:15:56,21.6,58,0,0,1,0
13:16:56,21.6,58,0,0,1,0
13:17:56,21.5,58,0,0,1,0
13:18:56,21.4,57,0,0,1,0
13:19:56,21.3,57,0,0,1,0
13:20:56,21.2,57,0,0,1,0
13:21:56,21.1,57,0,0,1,0
13:22:56,20.9,57,0,0,1,0
13:23:56,21.1,57,0,0,1,0
13:24:57,21.2,57,0,0,1,0
13:25:56,21.4,58,0,0,1,0
13:26:56,21.5,58,0,0,1,0
13:27:56,21.6,59,0,0,1,0
13:28:56,21.6,59,0,0,1,0
13:29:56,21.6,59,0,0,1,0
13:30:56,21.5,58,0,0,1,0
13:31:56,21.5,58,0,0,1,0
13:32:56,21.4,58,0,0,1,0
13:33:56,21.4,58,0,0,1,0
13:34:56,21.3,57,0,0,1,0
13:35:56,21.3,57,0,0,1,0
13:36:56,21.1,57,0,0,1,0
13:37:56,21.1,57,0,0,1,0
13:38:57,21.2,57,0,0,1,0
13:39:56,21.3,57,0,0,1,0
13:40:56,21.4,57,0,0,1,0
13:41:56,21.5,58,0,0,1,0
13:42:56,21.6,59,0,0,1,0
13:43:56,21.7,59,0,0,1,0
13:44:56,21.7,59,0,0,1,0
13:45:56,21.6,59,0,0,1,0
13:46:56,21.5,58,0,0,1,0
13:47:56,21.3,58,0,0,1,0
13:48:56,21.3,58,0,0,1,0
13:49:56,21.3,57,0,0,1,0
13:50:56,21.3,57,0,0,1,0
13:51:56,21.3,57,0,0,1,0
13:52:56,21.1,57,0,0,1,0
13:53:56,21,57,0,0,1,0
13:54:56,21,57,0,0,1,0
13:55:56,20.9,57,0,0,1,0
13:56:56,21,56,0,0,1,0
13:57:56,21.1,56,0,0,1,0
13:58:56,21.2,57,0,0,1,0
13:59:56,21.3,57,0,0,1,0
14:00:56,21.4,57,0,0,1,0
14:01:56,21.5,58,0,0,1,0
14:02:56,21.6,58,0,0,1,0
14:03:56,21.6,59,0,0,1,0
14:04:56,21.6,60,0,0,1,0
14:05:56,21.6,59,0,0,1,0
14:06:56,21.5,59,0,0,1,0
14:07:56,21.5,59,0,0,1,0
14:08:56,21.4,58,0,0,1,0
14:09:56,21.3,58,0,0,1,0
14:10:56,21.4,57,0,0,1,0
14:11:56,21.3,57,0,0,1,0
14:12:56,21.2,57,0,0,1,0
14:13:56,21.2,57,0,0,1,0
14:14:56,21.2,57,0,0,1,0
14:16:56,20.9,57,0,0,1,0
14:17:56,21,56,0,0,1,0
14:18:56,21,57,0,0,1,0
14:19:56,21.1,57,0,0,1,0
14:20:56,21.3,57,0,0,1,0
14:21:56,21.4,58,0,0,1,0
14:22:56,21.5,58,0,0,1,0
14:23:56,21.6,59,0,0,1,0
14:24:56,21.6,59,0,0,1,0
14:25:56,21.6,59,0,0,1,0
14:26:57,21.6,58,0,0,1,0
14:27:56,21.5,58,0,0,1,0
14:28:56,21.4,58,0,0,1,0
14:29:56,21.4,57,0,0,1,0
14:30:57,21.3,57,0,0,1,0
14:31:57,21.1,57,0,0,1,0
14:32:57,21.2,57,0,0,1,0
14:33:57,21.3,57,0,0,1,0
14:34:57,21.4,57,0,0,1,0
14:35:57,21.5,57,0,0,1,0
14:36:57,21.6,57,0,0,1,0
14:37:57,21.7,58,0,0,1,0
14:38:57,21.8,58,0,0,1,0
14:40:57,21.7,58,0,0,1,0
14:41:57,21.6,58,0,0,1,0
14:42:57,21.5,57,0,0,1,0
14:43:57,21.3,57,0,0,1,0
14:44:57,21.3,57,0,0,1,0
14:45:57,21.1,57,0,0,1,0
14:46:57,21.1,57,0,0,1,0
14:47:57,21.2,56,0,0,1,0
14:48:57,21,56,0,0,1,0
14:49:57,21,56,0,0,1,0
14:50:57,21,56,0,0,1,0
14:51:57,21.3,56,0,0,1,0
14:52:57,21.4,57,0,0,1,0
14:53:57,21.5,57,0,0,1,0
14:54:57,21.6,57,0,0,1,0
14:55:57,21.7,58,0,0,1,0
14:56:57,21.8,59,0,0,1,0
14:57:57,21.8,59,0,0,1,0
14:58:57,21.7,58,0,0,1,0
14:59:57,21.6,58,0,0,1,0
15:00:57,21.6,58,0,0,1,0
15:01:57,21.4,58,0,0,1,0
15:02:58,21.3,57,0,0,1,0
15:03:57,21.3,57,0,0,1,0
15:04:58,21.4,57,0,0,1,0
15:05:57,21.4,56,0,0,1,0
15:06:57,21.3,56,0,0,1,0
15:07:58,21.2,56,0,0,1,0
15:08:58,21.1,56,0,0,1,0
15:09:58,21.1,56,0,0,1,0
15:10:58,21.2,56,0,0,1,0
15:11:58,21.2,56,0,0,1,0
15:12:58,21.1,56,0,0,1,0
15:13:58,21,56,0,0,1,0
15:14:58,20.9,56,0,0,1,0
15:15:58,20.9,56,0,0,1,0
15:16:58,20.8,56,0,0,1,0
15:17:58,20.8,56,0,0,1,0
15:21:58,20.8,57,0,0,1,0
15:23:01,20.5,58,0,0,1,0
15:23:58,20.2,58,0,0,1,0
15:24:58,20.1,58,0,0,1,0
15:25:58,19.9,58,0,0,1,0
15:26:58,19.9,58,0,0,1,0
15:27:58,19.8,58,0,0,1,0
15:28:58,19.7,58,0,0,1,0
15:29:58,19.6,58,0,0,1,0
15:30:58,19.6,58,0,0,1,0
15:31:58,19.5,58,0,0,1,0
15:32:58,19.5,58,0,0,1,0
15:33:58,19.5,58,0,0,1,0
15:34:58,19.4,58,0,0,1,0
15:35:58,19.4,58,0,0,1,0
15:36:58,19.4,58,0,0,1,0
15:37:58,19.6,58,0,0,1,0
15:38:58,20.1,57,0,0,1,0
15:39:58,20.5,57,0,0,1,0
15:40:58,20.7,57,0,0,1,0
15:41:58,21,57,0,0,1,0
15:42:58,21.1,57,0,0,1,0
15:43:58,21.3,58,0,0,1,0
15:44:58,21.3,58,0,0,1,0
15:45:58,21.2,58,0,0,1,0
15:46:58,21.2,58,0,0,1,0
15:47:58,21.1,57,0,0,1,0
15:48:58,21,58,0,0,1,0
15:49:58,21,57,0,0,1,0
15:50:58,20.9,57,0,0,1,0
15:51:58,21,57,0,0,1,0
15:52:58,21,57,0,0,1,0
15:53:58,20.9,57,0,0,1,0
15:54:58,20.9,56,0,0,1,0
15:55:58,20.7,57,0,0,1,0
15:56:58,20.8,56,0,0,1,0
15:57:59,20.7,56,0,0,1,0
15:58:58,20.6,56,0,0,1,0
15:59:58,20.6,56,0,0,1,0
16:00:58,20.7,56,0,0,1,0
16:01:58,20.6,56,0,0,1,0
16:02:58,20.7,56,0,0,1,0
16:03:58,20.9,56,0,0,1,0
16:04:58,21,56,0,0,1,0
16:05:58,21.2,57,0,0,1,0
16:06:58,21.3,58,0,0,1,0
16:07:58,21.4,58,0,0,1,0
16:08:58,21.5,59,0,0,1,0
16:09:58,21.6,59,0,0,1,0
16:10:58,21.6,59,0,0,1,0
16:11:58,21.6,59,0,0,1,0
16:12:58,21.5,59,0,0,1,0
16:13:58,21.3,59,0,0,1,0
16:14:58,21.3,58,0,0,1,0
16:15:58,21.1,58,0,0,1,0
16:16:58,21.1,58,0,0,1,0
16:17:58,21,58,0,0,1,0
16:18:58,21,57,0,0,1,0
16:19:58,21,57,0,0,1,0
16:20:58,20.9,57,0,0,1,0
16:21:58,20.9,57,0,0,1,0
16:22:58,21,57,0,0,1,0
16:23:58,20.9,56,0,0,1,0
16:24:58,20.8,56,0,0,1,0
16:25:58,20.7,56,0,0,1,0
16:26:58,20.7,56,0,0,1,0
16:27:58,20.6,56,0,0,1,0
16:28:58,20.8,56,0,0,1,0
16:29:58,20.9,56,0,0,1,0
16:30:58,21,57,0,0,1,0
16:31:58,21.2,57,0,0,1,0
16:32:59,21.3,57,0,0,1,0
16:35:00,21.5,58,0,0,1,0
16:35:59,21.4,58,0,0,1,0
16:37:01,21.3,58,0,0,1,0
16:38:00,21.2,58,0,0,1,0
16:38:59,21.1,58,0,0,1,0
16:40:00,21,58,0,0,1,0
16:40:59,21,57,0,0,1,0
16:45:59,20.8,56,0,0,1,0
16:46:59,20.8,56,0,0,1,0
16:47:59,20.8,56,0,0,1,0
16:48:59,20.8,56,0,0,1,0
16:50:59,21.1,57,0,0,1,0
16:53:00,21.4,58,0,0,1,0
16:55:02,21.5,59,0,0,1,0
16:56:03,21.4,59,0,0,1,0
16:57:01,21.2,58,0,0,1,0
16:57:59,21.1,59,0,0,1,0
16:59:00,21,58,0,0,1,0
16:59:59,20.9,58,0,0,1,0
17:00:59,20.8,57,0,0,1,0
17:01:59,20.7,57,0,0,1,0
17:03:02,20.7,57,0,0,1,0
17:04:59,21.1,57,0,0,1,0
17:05:59,21.2,57,0,0,1,0
17:09:02,21.5,59,0,0,1,0
17:09:59,21.5,59,0,0,1,0
17:10:59,21.4,58,0,0,1,0
17:11:59,21.2,59,0,0,1,0
17:12:59,21.3,58,0,0,1,0
17:13:59,21.2,58,0,0,1,0
17:15:02,21.2,58,0,0,1,0
17:16:03,21.1,57,0,0,1,0
17:16:59,21,57,0,0,1,0
17:18:00,20.9,57,0,0,1,0
17:19:01,20.9,57,0,0,1,0
17:20:59,20.7,57,0,0,1,0
17:21:59,20.7,58,0,0,1,0
17:22:59,20.7,57,0,0,1,0
17:23:59,20.7,57,0,0,1,0
17:24:59,20.7,57,0,0,1,0
17:25:59,20.8,56,0,0,1,0
17:26:59,20.7,56,0,0,1,0
17:27:59,20.6,56,0,0,1,0
17:28:59,20.6,55,0,0,1,0
17:29:59,20.5,56,0,0,1,0
17:31:00,20.4,55,0,0,1,0
17:31:59,20.4,55,0,0,1,0
17:32:59,20.4,55,0,0,1,0
17:33:59,20.7,56,0,0,1,0
17:34:59,20.8,56,0,0,1,0
17:35:59,21,57,0,0,1,0
17:36:59,21.1,57,0,0,1,0
17:37:59,21.2,58,0,0,1,0
17:38:59,21.3,58,0,0,1,0
17:39:59,21.4,59,0,0,1,0
17:40:59,21.4,59,0,0,1,0
17:41:59,21.3,59,0,0,1,0
17:42:59,21.2,59,0,0,1,0
17:43:59,21.1,59,0,0,1,0
17:44:59,21.1,58,0,0,1,0
17:45:59,21,58,0,0,1,0
17:46:59,20.8,57,0,0,1,0
17:47:59,20.7,57,0,0,1,0
17:48:59,20.6,57,0,0,1,0
17:49:59,20.6,57,0,0,1,0
17:50:59,20.5,56,0,0,1,0
17:51:59,20.5,56,0,0,1,0
17:52:59,20.7,56,0,0,1,0
17:53:59,20.8,56,0,0,1,0
17:54:59,20.9,56,0,0,1,0
17:55:59,21.1,57,0,0,1,0
17:56:59,21.1,57,0,0,1,0
17:57:59,21.2,58,0,0,1,0
17:58:59,21.3,59,0,0,1,0
17:59:59,21.4,59,0,0,1,0
18:00:59,21.4,59,0,0,1,0
18:01:59,21.3,59,0,0,1,0
18:02:59,21.1,59,0,0,1,0
18:03:59,21.1,58,0,0,1,0
18:04:59,21,58,0,0,1,0
18:05:59,20.9,58,0,0,1,0
18:06:59,20.8,57,0,0,1,0
18:08:00,20.7,57,0,0,1,0
18:09:00,20.8,57,0,0,1,0
18:10:00,20.7,56,0,0,1,0
18:11:00,20.7,56,0,0,1,0
18:12:00,20.8,56,0,0,1,0
18:13:01,20.9,57,0,0,1,0
18:14:00,21,57,0,0,1,0
18:15:00,21.1,57,0,0,1,0
18:16:00,21.2,58,0,0,1,0
18:17:00,21.3,58,0,0,1,0
18:18:00,21.4,59,0,0,1,0
18:19:00,21.4,59,0,0,1,0
18:20:00,21.4,59,0,0,1,0
18:21:00,21.2,59,0,0,1,0
18:22:00,21.2,59,0,0,1,0
18:23:01,21,58,0,0,1,0
18:24:00,21,58,0,0,1,0
18:25:01,20.8,58,0,0,1,0
18:26:00,20.6,58,0,0,1,0
18:27:00,20.6,57,0,0,1,0
18:28:00,20.7,57,0,0,1,0
18:29:00,20.6,57,0,0,1,0
18:30:00,20.7,56,0,0,1,0
18:31:01,20.7,56,0,0,1,0
18:32:01,20.5,55,0,0,1,0
18:33:01,20.4,56,0,0,1,0
18:34:01,20.7,56,0,0,1,0
18:35:01,20.8,57,0,0,1,0
18:36:01,21,57,0,0,1,0
18:37:01,21.1,58,0,0,1,0
18:38:02,21.2,58,0,0,1,0
18:39:01,21.3,59,0,0,1,0
18:40:01,21.3,59,0,0,1,0
18:41:01,21.3,59,0,0,1,0
18:42:01,21.3,59,0,0,1,0
18:43:01,21.2,58,0,0,1,0
18:44:01,21.1,58,0,0,1,0
18:45:02,21,58,0,0,1,0
18:46:01,20.9,58,0,0,1,0
18:47:01,20.7,57,0,0,1,0
18:48:01,20.6,57,0,0,1,0
18:49:03,20.6,57,0,0,1,0
18:50:01,20.5,57,0,0,1,0
18:51:02,20.5,57,0,0,1,0
18:52:01,20.6,57,0,0,1,0
18:53:01,20.8,57,0,0,1,0
18:54:01,20.9,57,0,0,1,0
18:55:01,21.1,58,0,0,1,0
18:56:02,21.2,58,0,0,1,0
18:57:01,21.2,58,0,0,1,0
18:58:01,21.3,59,0,0,1,0
18:59:02,21.2,58,0,0,1,0
19:00:02,21.1,58,0,0,1,0
19:01:02,21,58,0,0,1,0
19:02:02,20.7,58,0,0,1,0
19:03:02,20.8,58,0,0,1,0
19:04:02,20.8,57,0,0,1,0
19:05:02,20.8,57,0,0,1,0
19:06:02,20.7,57,0,0,1,0
19:07:03,20.7,56,0,0,1,0
19:08:02,20.5,57,0,0,1,0
19:09:02,20.7,57,0,0,1,0
19:10:02,20.9,57,0,0,1,0
19:11:02,21,57,0,0,1,0
19:12:02,21.1,58,0,0,1,0
19:13:02,21.1,58,0,0,1,0
19:14:02,21.2,59,0,0,1,0
19:15:02,21.3,59,0,0,1,0
19:16:02,21.2,58,0,0,1,0
19:17:02,21.2,58,0,0,1,0
19:18:02,21,58,0,0,1,0
19:19:02,21,57,0,0,1,0
19:20:02,20.9,57,0,0,1,0
19:21:02,20.9,57,0,0,1,0
19:22:02,20.7,56,0,0,1,0
19:23:02,20.7,56,0,0,1,0
19:24:02,20.7,56,0,0,1,0
19:25:02,20.7,56,0,0,1,0
19:26:02,20.5,56,0,0,1,0
19:27:02,20.5,56,0,0,1,0
19:28:02,20.6,56,0,0,1,0
19:29:02,20.8,56,0,0,1,0
19:30:02,20.9,57,0,0,1,0
19:31:02,21,57,0,0,1,0
19:32:02,21,58,0,0,1,0
19:33:04,21.1,58,0,0,1,0
19:34:02,21.1,58,0,0,1,0
19:35:02,21.2,58,0,0,1,0
19:36:02,21,58,0,0,1,0
19:37:02,20.8,58,0,0,1,0
19:38:02,20.6,58,0,0,1,0
19:39:02,20.7,58,0,0,1,0
19:40:05,20.7,57,0,0,1,0
19:41:03,20.6,56,0,0,1,0
19:42:02,20.4,56,0,0,1,0
19:43:02,20.4,57,0,0,1,0
19:44:02,20.4,56,0,0,1,0
19:45:02,20.5,56,0,0,1,0
19:46:02,20.7,56,0,0,1,0
19:47:03,20.8,57,0,0,1,0
19:48:02,20.9,57,0,0,1,0
19:49:02,21,58,0,0,1,0
19:50:02,21.1,58,0,0,1,0
19:51:02,21.1,58,0,0,1,0
19:52:02,21.1,58,0,0,1,0
19:53:02,21.4,58,0,0,1,0
19:54:02,21.9,63,0,0,1,0
19:55:02,22.3,66,0,0,1,0
19:56:02,22.5,68,0,0,1,0
19:57:02,22.5,67,0,0,1,0
19:58:03,22.3,65,0,0,1,0
19:59:02,22.1,63,0,0,1,0
20:00:03,21.9,62,0,0,1,0
20:01:03,21.7,60,0,0,1,0
20:02:03,21.6,60,0,0,1,0
20:03:03,21.4,59,0,0,1,0
20:04:03,21.3,58,0,0,1,0
20:05:03,21.3,58,0,0,1,0
20:06:03,21.7,58,0,0,1,0
20:07:04,22.2,60,0,0,1,0
20:08:03,22.7,63,0,0,1,0
20:09:03,22.8,66,0,0,1,0
20:10:03,22.9,67,0,0,1,0
20:11:03,22.7,65,0,0,1,0
20:12:03,22.4,63,0,0,1,0
20:13:03,22.1,62,0,0,1,0
20:14:04,21.9,61,0,0,1,0
20:17:03,21.6,58,0,0,1,0
20:18:03,21.5,57,0,0,1,0
20:19:03,21.4,57,0,0,1,0
20:20:03,21.4,57,0,0,1,0
20:21:03,21.3,56,0,0,1,0
20:22:03,21.2,56,0,0,1,0
20:23:03,21.1,55,0,0,1,0
20:24:03,21,55,0,0,1,0
20:25:03,21,55,0,0,1,0
20:26:03,20.9,54,0,0,1,0
20:27:03,21,55,0,0,1,0
20:28:03,21,55,0,0,1,0
20:29:03,21.1,55,0,0,1,0
20:30:03,21.2,56,0,0,1,0
20:31:03,21.3,56,0,0,1,0
20:32:03,21.4,57,0,0,1,0
20:33:03,21.6,60,0,0,1,0
20:34:03,22.1,63,0,0,1,0
20:35:03,22.4,67,0,0,1,0
20:36:03,22.5,67,0,0,1,0
20:37:03,22.4,66,0,0,1,0
20:38:03,22.2,64,0,0,1,0
20:39:03,22,62,0,0,1,0
20:40:03,21.8,61,0,0,1,0
20:41:03,21.7,60,0,0,1,0
20:42:03,21.4,59,0,0,1,0
20:43:03,21.4,59,0,0,1,0
20:44:03,21.2,58,0,0,1,0
20:45:03,21.2,57,0,0,1,0
20:46:03,21,57,0,0,1,0
20:47:03,21.1,56,0,0,1,0
20:48:03,20.9,56,0,0,1,0
20:49:03,20.8,56,0,0,1,0
20:50:03,20.8,55,0,0,1,0
20:51:03,20.8,55,0,0,1,0
20:52:03,20.9,55,0,0,1,0
20:53:03,21,55,0,0,1,0
20:54:03,21.1,55,0,0,1,0
20:55:03,21.2,56,0,0,1,0
20:56:03,21.3,56,0,0,1,0
20:57:03,21.3,57,0,0,1,0
20:58:03,21.4,57,0,0,1,0
20:59:03,21.4,58,0,0,1,0
21:00:03,21.4,58,0,0,1,0
21:01:03,21.4,58,0,0,1,0
21:02:03,21.2,58,0,0,1,0
21:03:03,21,57,0,0,1,0
21:04:03,20.9,57,0,0,1,0
21:05:03,21,57,0,0,1,0
21:06:03,20.9,57,0,0,1,0
21:07:03,20.9,56,0,0,1,0
21:08:04,20.9,56,0,0,1,0
21:09:03,20.9,55,0,0,1,0
21:10:03,20.7,55,0,0,1,0
21:11:03,20.5,55,0,0,1,0
21:12:03,20.6,55,0,0,1,0
21:13:03,20.4,55,0,0,1,0
21:14:03,20.3,55,0,0,1,0
21:15:03,20.4,55,0,0,1,0
21:16:03,20.4,55,0,0,1,0
21:17:03,20.3,56,0,0,1,0
21:18:04,20.6,56,0,0,1,0
21:19:04,20.8,57,0,0,1,0
21:20:04,20.9,57,0,0,1,0
21:21:04,21,58,0,0,1,0
21:22:04,21,58,0,0,1,0
21:23:04,20.7,57,0,0,1,0
21:24:04,20.2,58,0,0,1,0
21:25:04,19.9,58,0,0,1,0
21:26:05,19.7,58,0,0,1,0
21:27:04,19.6,58,0,0,1,0
21:28:04,19.5,57,0,0,1,0
21:29:04,19.4,57,0,0,1,0
21:30:04,19.4,57,0,0,1,0
21:31:05,19.3,57,0,0,1,0
21:32:04,19.2,57,0,0,1,0
21:33:04,19.2,57,0,0,1,0
21:34:04,19.1,57,0,0,1,0
21:35:04,19.1,57,0,0,1,0
21:36:04,19,57,0,0,1,0
21:37:04,18.9,57,0,0,1,0
21:38:04,18.9,57,0,0,1,0
21:39:04,18.8,57,0,0,1,0
21:40:04,18.8,57,0,0,1,0
21:41:04,18.7,57,0,0,1,0
21:42:04,18.7,57,0,0,1,0
21:43:04,18.7,57,0,0,1,0
21:44:04,18.7,57,0,0,1,0
21:45:04,18.6,57,0,0,1,0
21:46:04,18.6,57,0,0,1,0
21:47:04,18.6,57,0,0,1,0
21:48:04,18.5,57,0,0,1,0
21:49:04,18.5,57,0,0,1,0
21:50:04,18.5,57,0,0,1,0
21:51:04,18.5,57,0,0,1,0
21:52:04,18.6,57,0,0,1,0
21:53:04,18.6,57,0,0,1,0
21:54:04,18.6,57,0,0,1,0
21:55:04,18.6,57,0,0,1,0
21:56:04,18.6,57,0,0,1,0
21:57:04,18.5,57,0,0,1,0
21:58:04,18.4,57,0,0,1,0
21:59:04,18.4,57,0,0,1,0
22:00:04,18.4,57,0,0,1,0
22:01:04,18.4,57,0,0,1,0
22:02:04,18.3,57,0,0,1,0
22:03:04,18.3,57,0,0,1,0
22:04:04,18.3,57,0,0,1,0
22:05:04,18.2,57,0,0,1,0
22:06:04,18.2,57,0,0,1,0
22:07:04,18.2,57,0,0,1,0
22:08:04,18.2,57,0,0,1,0
22:09:04,18.2,57,0,0,1,0
22:10:05,18.2,57,0,0,1,0
22:11:04,18.2,57,0,0,1,0
22:12:04,18.2,57,0,0,1,0
22:13:04,18.2,57,0,0,1,0
22:14:04,18.2,58,0,0,1,0
22:15:04,18.2,57,0,0,1,0
22:16:04,18.2,57,0,0,1,0
22:17:04,18.2,57,0,0,1,0
22:18:04,18.2,57,0,0,1,0
22:19:04,18.2,57,0,0,1,0
22:20:04,18.1,57,0,0,1,0
22:21:04,18.1,57,0,0,1,0
22:22:04,18.1,57,0,0,1,0
22:23:05,18.1,57,0,0,1,0
22:24:04,18.1,57,0,0,1,0
22:25:04,18.1,57,0,0,1,0
22:26:04,18.1,57,0,0,1,0
22:27:04,18.1,57,0,0,1,0
22:28:05,18.1,57,0,0,1,0
22:29:04,18.1,57,0,0,1,0
22:30:04,18,57,0,0,1,0
22:31:04,18.1,57,0,0,1,0
22:32:04,18.1,57,0,0,1,0
22:33:04,18,57,0,0,1,0
22:34:05,18,58,0,0,1,0
22:35:05,18,58,0,0,1,0
22:36:05,18,58,0,0,1,0
22:37:05,18,58,0,0,1,0
22:38:05,18.1,58,0,0,1,0
22:39:05,18.1,58,0,0,1,0
22:40:05,18.1,58,0,0,1,0
22:41:05,18.1,57,0,0,1,0
22:42:07,18,57,0,0,1,0
22:43:05,18.1,57,0,0,1,0
22:44:05,18.1,58,0,0,1,0
22:45:05,18,57,0,0,1,0
22:46:05,18,58,0,0,1,0
22:47:05,18,58,0,0,1,0
22:48:05,18,58,0,0,1,0
22:49:05,18,58,0,0,1,0
22:50:05,18,58,0,0,1,0
22:51:05,18,57,0,0,1,0
22:52:05,18,57,0,0,1,0
22:53:05,17.9,58,0,0,1,0
22:54:05,17.9,57,0,0,1,0
22:55:05,17.9,58,0,0,1,0
22:56:05,17.9,58,0,0,1,0
22:57:07,17.9,58,0,0,1,0
22:58:05,17.9,58,0,0,1,0
22:59:05,17.9,58,0,0,1,0
23:00:05,17.9,58,0,0,1,0
23:01:05,18,57,0,0,1,0
23:02:05,18,57,0,0,1,0
23:03:05,17.9,57,0,0,1,0
23:04:05,17.9,57,0,0,1,0
23:05:05,17.9,57,0,0,1,0
23:06:05,17.8,58,0,0,1,0
23:07:05,17.8,58,0,0,1,0
23:08:05,17.9,58,0,0,1,0
23:09:05,17.9,58,0,0,1,0
23:10:05,17.9,58,0,0,1,0
23:11:06,17.9,58,0,0,1,0
23:12:05,17.9,58,0,0,1,0
23:13:05,17.9,58,0,0,1,0
23:14:05,17.8,57,0,0,1,0
23:15:05,17.8,57,0,0,1,0
23:16:05,17.8,57,0,0,1,0
23:17:05,17.8,57,0,0,1,0
23:18:05,17.8,58,0,0,1,0
23:19:05,17.8,58,0,0,1,0
23:20:05,17.8,58,0,0,1,0
23:21:07,17.8,58,0,0,1,0
23:22:05,17.8,58,0,0,1,0
23:23:05,17.8,58,0,0,1,0
23:24:05,17.8,58,0,0,1,0
23:25:05,17.8,58,0,0,1,0
23:26:07,17.8,58,0,0,1,0
23:27:05,17.7,58,0,0,1,0
23:28:05,17.7,57,0,0,1,0
23:29:05,17.7,58,0,0,1,0
23:30:05,17.8,58,0,0,1,0
23:31:05,17.7,58,0,0,1,0
23:32:05,17.7,58,0,0,1,0
23:33:05,17.8,58,0,0,1,0
23:34:05,17.8,58,0,0,1,0
23:35:05,17.8,58,0,0,1,0
23:36:05,17.8,57,0,0,1,0
23:37:05,17.7,57,0,0,1,0
23:38:05,17.7,57,0,0,1,0
23:39:05,17.7,58,0,0,1,0
23:40:05,17.7,58,0,0,1,0
23:41:07,17.7,58,0,0,1,0
23:42:05,17.7,58,0,0,1,0
23:43:05,17.7,58,0,0,1,0
23:44:05,17.7,58,0,0,1,0
23:45:05,17.7,58,0,0,1,0
23:46:05,17.7,58,0,0,1,0
23:47:05,17.7,58,0,0,1,0
23:48:05,17.7,58,0,0,1,0
23:49:05,17.7,58,0,0,1,0
23:50:05,17.6,58,0,0,1,0
23:51:05,17.6,58,0,0,1,0
23:52:05,17.6,58,0,0,1,0
23:53:05,17.7,58,0,0,1,0
23:54:05,17.6,58,0,0,1,0
23:55:05,17.6,58,0,0,1,0
23:56:05,17.6,58,0,0,1,0
23:57:05,17.6,58,0,0,1,0
23:58:05,17.6,58,0,0,1,0
23:59:05,17.6,58,0,0,1,0
00:00:05,17.6,58,0,0,1,0
00:01:05,17.6,58,0,0,1,0
00:02:05,17.6,58,0,0,1,0
00:03:05,17.6,58,0,0,1,0
00:04:06,17.5,58,0,0,1,0
00:05:06,17.6,58,0,0,1,0
00:06:06,17.6,58,0,0,1,0
00:07:06,17.6,58,0,0,1,0
00:08:06,17.6,58,0,0,1,0
00:09:06,17.6,58,0,0,1,0
00:10:06,17.6,58,0,0,1,0
00:11:06,17.6,58,0,0,1,0
00:12:06,17.5,58,0,0,1,0
00:13:06,17.5,58,0,0,1,0
00:14:06,17.5,58,0,0,1,0
00:15:06,17.6,58,0,0,1,0
00:16:06,17.5,58,0,0,1,0
00:17:06,17.5,58,0,0,1,0
00:18:06,17.5,58,0,0,1,0
00:19:06,17.5,58,0,0,1,0
00:20:06,17.5,58,0,0,1,0
00:21:06,17.5,58,0,0,1,0
00:22:06,17.5,58,0,0,1,0
00:23:06,17.5,58,0,0,1,0
00:24:06,17.5,58,0,0,1,0
00:25:06,17.5,58,0,0,1,0
00:26:06,17.5,58,0,0,1,0
00:27:06,17.5,58,0,0,1,0
00:28:06,17.5,58,0,0,1,0
00:29:06,17.4,58,0,0,1,0
00:30:06,17.5,58,0,0,1,0
00:31:08,17.5,58,0,0,1,0
00:32:06,17.5,58,0,0,1,0
00:33:06,17.5,58,0,0,1,0
00:34:06,17.5,58,0,0,1,0
00:35:06,17.5,58,0,0,1,0
00:36:06,17.4,58,0,0,1,0
00:37:06,17.5,58,0,0,1,0
00:38:06,17.5,58,0,0,1,0
00:39:06,17.5,58,0,0,1,0
00:40:06,17.4,58,0,0,1,0
00:41:06,17.4,58,0,0,1,0
00:42:06,17.4,58,0,0,1,0
00:43:06,17.5,58,0,0,1,0
00:44:06,17.5,58,0,0,1,0
00:45:06,17.5,58,0,0,1,0
00:46:06,17.5,58,0,0,1,0
00:47:06,17.4,58,0,0,1,0
00:48:07,17.4,58,0,0,1,0
00:49:07,17.5,58,0,0,1,0
00:50:06,17.5,58,0,0,1,0
00:51:06,17.4,58,0,0,1,0
00:52:06,17.5,58,0,0,1,0
00:53:06,17.4,58,0,0,1,0
00:54:06,17.4,58,0,0,1,0
00:55:06,17.4,58,0,0,1,0
00:56:06,17.4,58,0,0,1,0
00:57:06,17.4,58,0,0,1,0
00:58:06,17.4,58,0,0,1,0
00:59:06,17.4,58,0,0,1,0
01:00:06,17.4,58,0,0,1,0
01:01:06,17.4,58,0,0,1,0
01:02:06,17.4,58,0,0,1,0
01:03:06,17.5,57,0,0,1,0
01:04:06,17.4,57,0,0,1,0
01:05:06,17.4,58,0,0,1,0
01:06:06,17.4,58,0,0,1,0
01:07:06,17.4,58,0,0,1,0
01:08:06,17.4,58,0,0,1,0
01:09:06,17.5,58,0,0,1,0
01:10:06,17.4,58,0,0,1,0
01:11:06,17.4,58,0,0,1,0
01:12:06,17.4,58,0,0,1,0
01:13:06,17.4,58,0,0,1,0
01:14:06,17.4,58,0,0,1,0
01:15:06,17.3,58,0,0,1,0
01:16:06,17.4,58,0,0,1,0
01:17:06,17.3,58,0,0,1,0
01:18:07,17.4,58,0,0,1,0
01:19:06,17.4,58,0,0,1,0
01:20:06,17.4,58,0,0,1,0
01:21:06,17.4,58,0,0,1,0
01:22:06,17.3,58,0,0,1,0
01:23:09,17.3,58,0,0,1,0
01:24:06,17.3,58,0,0,1,0
01:25:06,17.3,58,0,0,1,0
01:26:06,17.3,58,0,0,1,0
01:27:06,17.3,58,0,0,1,0
01:28:06,17.3,58,0,0,1,0
01:29:06,17.3,58,0,0,1,0
01:30:06,17.3,58,0,0,1,0
01:31:06,17.3,58,0,0,1,0
01:32:07,17.3,58,0,0,1,0
01:33:06,17.3,58,0,0,1,0
01:34:06,17.3,58,0,0,1,0
01:35:06,17.3,58,0,0,1,0
01:36:06,17.3,58,0,0,1,0
01:37:06,17.3,57,0,0,1,0
01:38:06,17.2,58,0,0,1,0
01:39:06,17.2,58,0,0,1,0
01:40:06,17.3,58,0,0,1,0
01:41:06,17.2,58,0,0,1,0
01:42:06,17.2,58,0,0,1,0
01:43:06,17.2,58,0,0,1,0
01:44:06,17.3,58,0,0,1,0
01:45:06,17.3,58,0,0,1,0
01:46:06,17.3,58,0,0,1,0
01:47:06,17.2,57,0,0,1,0
01:48:07,17.3,58,0,0,1,0
01:49:06,17.2,57,0,0,1,0
01:50:06,17.2,57,0,0,1,0
01:51:06,17.2,57,0,0,1,0
01:52:06,17.2,57,0,0,1,0
01:53:06,17.2,58,0,0,1,0
01:54:09,17.2,58,0,0,1,0
01:55:07,17.2,58,0,0,1,0
01:56:07,17.3,58,0,0,1,0
01:57:07,17.4,57,0,0,1,0
01:58:07,17.3,57,0,0,1,0
01:59:07,17.2,57,0,0,1,0
02:00:07,17.2,58,0,0,1,0
02:01:08,17.2,58,0,0,1,0
02:02:07,17.2,58,0,0,1,0
02:03:07,17.2,58,0,0,1,0
02:04:07,17.2,58,0,0,1,0
02:05:07,17.2,58,0,0,1,0
02:06:07,17.2,57,0,0,1,0
02:07:07,17.2,58,0,0,1,0
02:08:07,17.2,58,0,0,1,0
02:09:07,17.2,58,0,0,1,0
02:10:07,17.2,58,0,0,1,0
02:11:07,17.2,58,0,0,1,0
02:12:07,17.2,58,0,0,1,0
02:13:07,17.2,58,0,0,1,0
02:14:07,17.1,58,0,0,1,0
02:15:07,17.1,58,0,0,1,0
02:16:07,17.1,58,0,0,1,0
02:17:07,17.2,58,0,0,1,0
02:18:07,17.2,58,0,0,1,0
02:19:07,17.2,58,0,0,1,0
02:20:07,17.2,58,0,0,1,0
02:21:07,17.2,58,0,0,1,0
02:22:07,17.2,58,0,0,1,0
02:23:07,17.2,58,0,0,1,0
02:24:07,17.2,58,0,0,1,0
02:25:07,17.2,58,0,0,1,0
02:26:07,17.2,58,0,0,1,0
02:27:07,17.2,58,0,0,1,0
02:28:07,17.2,58,0,0,1,0
02:29:07,17.1,58,0,0,1,0
02:30:07,17.1,58,0,0,1,0
02:31:07,17.2,58,0,0,1,0
02:32:07,17.2,58,0,0,1,0
02:33:07,17.2,58,0,0,1,0
02:34:07,17.3,58,0,0,1,0
02:35:07,17.2,58,0,0,1,0
02:36:07,17.2,58,0,0,1,0
02:37:07,17.2,58,0,0,1,0
02:38:07,17.2,58,0,0,1,0
02:39:07,17.1,58,0,0,1,0
02:40:07,17.1,58,0,0,1,0
02:41:07,17.1,58,0,0,1,0
02:42:07,17.1,58,0,0,1,0
02:43:07,17.1,58,0,0,1,0
02:44:07,17.1,58,0,0,1,0
02:45:07,17.1,58,0,0,1,0
02:46:07,17.1,58,0,0,1,0
02:47:07,17.1,58,0,0,1,0
02:48:07,17.1,58,0,0,1,0
02:49:07,17.1,58,0,0,1,0
02:50:07,17.1,58,0,0,1,0
02:51:07,17.1,58,0,0,1,0
02:52:08,17.1,58,0,0,1,0
02:53:07,17.1,58,0,0,1,0
02:54:07,17.1,58,0,0,1,0
02:55:07,17,58,0,0,1,0
02:56:07,17,58,0,0,1,0
02:57:07,17.1,58,0,0,1,0
02:58:07,17.1,58,0,0,1,0
02:59:07,17,58,0,0,1,0
03:00:07,17.1,58,0,0,1,0
03:01:07,17,58,0,0,1,0
03:02:07,17.1,58,0,0,1,0
03:03:07,17,58,0,0,1,0
03:04:07,17,58,0,0,1,0
03:05:07,17,58,0,0,1,0
03:06:07,17,58,0,0,1,0
03:07:07,17,58,0,0,1,0
03:08:07,17,58,0,0,1,0
03:09:07,17,58,0,0,1,0
03:10:07,17,58,0,0,1,0
03:11:07,17,58,0,0,1,0
03:12:07,17,58,0,0,1,0
03:13:07,17,58,0,0,1,0
03:14:07,17,58,0,0,1,0
03:15:07,17,58,0,0,1,0
03:16:07,17,58,0,0,1,0
03:17:07,17,58,0,0,1,0
03:18:07,17,58,0,0,1,0
03:19:07,17,58,0,0,1,0
03:20:07,17,58,0,0,1,0
03:21:07,17,58,0,0,1,0
03:22:07,17,58,0,0,1,0
03:23:07,16.9,58,0,0,1,0
03:24:07,17,58,0,0,1,0
03:25:07,17,58,0,0,1,0
03:26:07,17,58,0,0,1,0
03:27:07,17,58,0,0,1,0
03:28:07,17,57,0,0,1,0
03:29:07,17,57,0,0,1,0
03:30:07,17,57,0,0,1,0
03:31:07,17,57,0,0,1,0
03:32:07,17,57,0,0,1,0
03:33:07,17,58,0,0,1,0
03:34:12,17,58,0,0,1,0
03:35:08,17,58,0,0,1,0
03:36:08,17,58,0,0,1,0
03:37:08,17,58,0,0,1,0
03:38:08,17,58,0,0,1,0
03:39:08,17,58,0,0,1,0
03:40:08,17,58,0,0,1,0
03:41:08,16.9,58,0,0,1,0
03:42:09,17,58,0,0,1,0
03:43:08,16.9,57,0,0,1,0
03:44:08,16.9,57,0,0,1,0
03:45:08,16.9,57,0,0,1,0
03:46:08,16.9,58,0,0,1,0
03:47:08,16.9,57,0,0,1,0
03:48:08,16.9,57,0,0,1,0
03:49:10,16.9,58,0,0,1,0
03:50:10,16.9,58,0,0,1,0
03:51:08,16.9,58,0,0,1,0
03:52:08,16.9,58,0,0,1,0
03:53:08,16.9,58,0,0,1,0
03:54:09,16.9,57,0,0,1,0
03:55:10,16.9,57,0,0,1,0
03:56:08,16.8,57,0,0,1,0
03:57:08,16.8,58,0,0,1,0
03:58:08,16.8,58,0,0,1,0
03:59:08,16.9,58,0,0,1,0
04:00:08,16.9,58,0,0,1,0
04:01:08,16.9,57,0,0,1,0
04:02:08,16.9,57,0,0,1,0
04:03:08,16.9,58,0,0,1,0
04:04:08,16.9,57,0,0,1,0
04:05:08,16.9,57,0,0,1,0
04:06:08,16.8,57,0,0,1,0
04:07:08,16.8,58,0,0,1,0
04:08:08,16.8,58,0,0,1,0
04:09:08,16.8,58,0,0,1,0
04:10:08,16.8,58,0,0,1,0
04:11:08,16.8,58,0,0,1,0
04:12:08,16.8,58,0,0,1,0
04:13:08,16.8,58,0,0,1,0
04:14:08,16.8,58,0,0,1,0
04:15:08,16.8,58,0,0,1,0
04:16:08,16.8,58,0,0,1,0
04:17:08,16.8,58,0,0,1,0
04:18:08,16.8,58,0,0,1,0
04:19:08,16.8,58,0,0,1,0
04:20:08,16.8,58,0,0,1,0
04:21:08,16.8,58,0,0,1,0
04:22:08,16.8,58,0,0,1,0
04:23:08,16.8,58,0,0,1,0
04:24:08,16.8,58,0,0,1,0
04:25:08,16.8,58,0,0,1,0
04:26:08,16.8,58,0,0,1,0
04:27:08,16.8,58,0,0,1,0
04:28:08,16.8,58,0,0,1,0
04:29:08,16.8,58,0,0,1,0
04:30:08,16.8,58,0,0,1,0
04:31:08,16.8,58,0,0,1,0
04:32:08,16.8,58,0,0,1,0
04:33:08,16.8,58,0,0,1,0
04:34:08,16.8,58,0,0,1,0
04:35:08,16.8,58,0,0,1,0
04:36:08,16.8,58,0,0,1,0
04:37:08,16.8,58,0,0,1,0
04:38:08,16.8,58,0,0,1,0
04:39:08,16.8,58,0,0,1,0
04:40:08,16.8,58,0,0,1,0
04:41:08,16.8,58,0,0,1,0
04:42:08,16.8,58,0,0,1,0
04:43:08,16.8,58,0,0,1,0
04:44:08,16.8,58,0,0,1,0
04:45:08,16.8,58,0,0,1,0
04:46:08,16.8,58,0,0,1,0
04:47:08,16.7,58,0,0,1,0
04:48:08,16.8,58,0,0,1,0
04:49:08,16.8,58,0,0,1,0
04:50:08,16.8,58,0,0,1,0
04:51:08,16.8,58,0,0,1,0
04:52:08,16.8,58,0,0,1,0
04:53:08,17.1,62,0,0,1,0
04:54:08,17.7,66,0,0,1,0
04:55:08,18.3,68,0,0,1,0
04:56:08,18.5,67,0,0,1,0
04:57:08,18.4,65,0,0,1,0
04:58:08,18.1,64,0,0,1,0
04:59:08,17.9,63,0,0,1,0
05:00:09,17.7,62,0,0,1,0
05:01:08,17.6,61,0,0,1,0
05:02:08,17.5,61,0,0,1,0
05:03:13,17.4,60,0,0,1,0
05:04:08,17.4,60,0,0,1,0
05:05:09,17.3,60,0,0,1,0
05:06:09,17.3,59,0,0,1,0
05:07:09,17.3,59,0,0,1,0
05:08:09,17.3,59,0,0,1,0
05:09:09,17.3,59,0,0,1,0
05:10:12,17.2,59,0,0,1,0
05:11:09,17.2,59,0,0,1,0
05:12:09,17.1,58,0,0,1,0
05:13:09,17.1,58,0,0,1,0
05:14:09,17.1,58,0,0,1,0
05:15:09,17,58,0,0,1,0
05:16:09,17,58,0,0,1,0
05:17:09,17,58,0,0,1,0
05:18:09,17,58,0,0,1,0
05:19:09,17,58,0,0,1,0
05:20:09,17,58,0,0,1,0
05:21:09,17,59,0,0,1,0
05:22:09,17.5,64,0,0,1,0
05:23:09,18.1,67,0,0,1,0
05:24:09,18.6,69,0,0,1,0
05:25:09,18.7,67,0,0,1,0
05:26:09,18.5,65,0,0,1,0
05:27:09,18.2,64,0,0,1,0
05:28:10,18,63,0,0,1,0
05:29:09,17.8,62,0,0,1,0
05:30:09,17.7,61,0,0,1,0
05:31:09,17.6,61,0,0,1,0
05:32:09,17.5,60,0,0,1,0
05:33:09,17.5,60,0,0,1,0
05:34:09,17.4,60,0,0,1,0
05:35:09,17.4,59,0,0,1,0
05:36:09,17.3,59,0,0,1,0
05:37:09,17.3,59,0,0,1,0
05:38:09,17.2,59,0,0,1,0
05:39:09,17.2,59,0,0,1,0
05:40:09,17.2,58,0,0,1,0
05:41:09,17.2,58,0,0,1,0
05:42:09,17.2,58,0,0,1,0
05:43:09,17.1,58,0,0,1,0
05:44:09,17.1,58,0,0,1,0
05:45:09,17.1,58,0,0,1,0
05:46:09,17.1,58,0,0,1,0
05:47:09,17.1,58,0,0,1,0
05:48:09,17.1,58,0,0,1,0
05:49:09,17.1,58,0,0,1,0
05:50:09,17,58,0,0,1,0
05:51:09,17,58,0,0,1,0
05:52:09,17,58,0,0,1,0
05:53:09,17,58,0,0,1,0
05:54:09,17,58,0,0,1,0
05:55:09,16.9,58,0,0,1,0
05:56:09,16.9,58,0,0,1,0
05:57:09,16.9,57,0,0,1,0
05:58:09,16.9,57,0,0,1,0
05:59:09,17,58,0,0,1,0
06:00:09,17.2,61,0,0,1,0
06:01:09,17.7,65,0,0,1,0
06:02:09,18.3,68,0,0,1,0
06:03:09,18.6,68,0,0,1,0
06:04:09,18.5,66,0,0,1,0
06:05:09,18.3,64,0,0,1,0
06:06:09,18,63,0,0,1,0
06:07:09,17.9,62,0,0,1,0
06:08:09,17.7,62,0,0,1,0
06:09:09,17.6,61,0,0,1,0
06:10:09,17.5,60,0,0,1,0
06:11:10,17.5,60,0,0,1,0
06:12:09,17.4,60,0,0,1,0
06:13:09,17.3,59,0,0,1,0
06:14:09,17.3,59,0,0,1,0
06:15:09,17.2,59,0,0,1,0
06:16:09,17.2,59,0,0,1,0
06:17:09,17.2,58,0,0,1,0
06:18:09,17.2,58,0,0,1,0
06:19:09,17.2,58,0,0,1,0
06:20:09,17.1,58,0,0,1,0
06:21:09,17.1,58,0,0,1,0
06:22:09,17.1,58,0,0,1,0
06:23:09,17,58,0,0,1,0
06:24:09,17,58,0,0,1,0
06:25:09,17.1,58,0,0,1,0
06:26:09,17,57,0,0,1,0
06:27:10,17,58,0,0,1,0
06:28:10,17,58,0,0,1,0
06:29:10,17,57,0,0,1,0
06:30:10,16.9,58,0,0,1,0
06:31:10,16.9,58,0,0,1,0
06:32:10,16.9,58,0,0,1,0
06:33:11,16.9,58,0,0,1,0
06:34:11,16.9,58,0,0,1,0
06:35:10,16.8,58,0,0,1,0
06:36:10,16.9,58,0,0,1,0
06:37:10,16.8,58,0,0,1,0
06:38:10,16.8,58,0,0,1,0
06:39:12,16.8,58,0,0,1,0
06:40:10,16.8,58,0,0,1,0
06:41:10,16.8,58,0,0,1,0
06:42:10,16.7,57,0,0,1,0
06:43:10,16.7,58,0,0,1,0
06:44:10,16.8,58,0,0,1,0
06:45:10,16.8,57,0,0,1,0
06:46:10,16.7,57,0,0,1,0
06:47:10,16.7,58,0,0,1,0
06:48:11,16.7,58,0,0,1,0
06:49:11,16.7,58,0,0,1,0
06:50:13,16.8,58,0,0,1,0
06:51:11,16.8,58,0,0,1,0
06:52:11,16.8,58,0,0,1,0
06:53:13,16.9,60,0,0,1,0
06:54:11,17.4,64,0,0,1,0
06:55:11,18,67,0,0,1,0
06:56:11,18.6,69,0,0,1,0
06:57:11,18.6,67,0,0,1,0
06:58:11,18.4,65,0,0,1,0
06:59:11,18.1,64,0,0,1,0
07:00:11,17.9,63,0,0,1,0
07:01:11,17.7,62,0,0,1,0
07:02:11,17.6,61,0,0,1,0
07:03:11,17.5,61,0,0,1,0
07:04:11,17.4,60,0,0,1,0
07:05:14,17.3,60,0,0,1,0
07:06:11,17.3,60,0,0,1,0
07:07:11,17.2,59,0,0,1,0
07:08:11,17.2,59,0,0,1,0
07:09:12,17.1,59,0,0,1,0
07:10:11,17.1,59,0,0,1,0
07:11:11,17.1,59,0,0,1,0
07:12:11,17.1,59,0,0,1,0
07:13:11,17.1,58,0,0,1,0
07:14:11,17.1,58,0,0,1,0
07:15:12,17.1,58,0,0,1,0
07:16:11,17.1,58,0,0,1,0
07:17:11,17,58,0,0,1,0
07:18:11,17,58,0,0,1,0
07:19:11,17,58,0,0,1,0
07:20:11,17,58,0,0,1,0
07:21:14,17,58,0,0,1,0
07:22:11,16.9,58,0,0,1,0
07:23:11,17,58,0,0,1,0
07:24:11,17,58,0,0,1,0
07:25:14,17,58,0,0,1,0
07:26:11,17,58,0,0,1,0
07:27:11,17,58,0,0,1,0
07:28:11,17,58,0,0,1,0
07:29:11,17,58,0,0,1,0
07:30:11,16.9,58,0,0,1,0
07:31:11,16.9,58,0,0,1,0
07:32:11,16.9,58,0,0,1,0
07:33:11,16.9,58,0,0,1,0
07:34:11,16.9,58,0,0,1,0
07:35:11,16.9,58,0,0,1,0
07:36:11,16.8,58,0,0,1,0
07:37:11,16.8,58,0,0,1,0
07:38:12,16.8,58,0,0,1,0
07:39:11,16.8,58,0,0,1,0
07:40:11,16.8,58,0,0,1,0
07:41:11,16.9,58,0,0,1,0
07:42:11,16.8,58,0,0,1,0
07:43:11,16.8,58,0,0,1,0
07:44:11,16.8,58,0,0,1,0
07:45:11,16.8,58,0,0,1,0
07:46:11,16.8,58,0,0,1,0
07:47:11,16.8,59,0,0,1,0
07:48:11,16.8,59,0,0,1,0
07:49:11,16.9,58,0,0,1,0
07:51:11,16.9,58,0,0,1,0
07:52:11,16.9,58,0,0,1,0
07:53:11,16.9,58,0,0,1,0
07:54:11,16.9,58,0,0,1,0
07:55:11,16.9,58,0,0,1,0
07:56:11,16.9,58,0,0,1,0
07:57:11,16.9,58,0,0,1,0
07:58:11,16.8,58,0,0,1,0
07:59:11,16.9,59,0,0,1,0
08:00:11,17.2,63,0,0,1,0
08:01:11,17.8,67,0,0,1,0
08:02:11,18.4,69,0,0,1,0
08:03:11,18.5,67,0,0,1,0
08:04:11,18.4,66,0,0,1,0
08:05:11,18.1,65,0,0,1,0
08:06:11,18,64,0,0,1,0
08:07:11,17.8,63,0,0,1,0
08:08:11,17.7,62,0,0,1,0
08:09:11,17.6,61,0,0,1,0
08:10:12,17.5,61,0,0,1,0
08:11:11,17.5,60,0,0,1,0
08:12:11,17.5,60,0,0,1,0
08:13:11,17.4,60,0,0,1,0
08:14:11,17.4,60,0,0,1,0
08:15:11,17.4,60,0,0,1,0
08:16:11,17.3,60,0,0,1,0
08:17:12,17.3,60,0,0,1,0
08:18:12,17.3,59,0,0,1,0
08:19:12,17.3,59,0,0,1,0
08:20:12,17.2,59,0,0,1,0
08:21:12,17.2,59,0,0,1,0
08:22:12,17.2,59,0,0,1,0
08:23:14,17.2,59,0,0,1,0
08:24:12,17.2,59,0,0,1,0
08:25:12,17.2,59,0,0,1,0
08:26:12,17.2,59,0,0,1,0
08:27:12,17.1,59,0,0,1,0
08:28:12,17.1,59,0,0,1,0
08:29:12,17.2,59,0,0,1,0
08:30:12,17.1,59,0,0,1,0
08:31:12,17.1,59,0,0,1,0
08:32:12,17.1,59,0,0,1,0
08:33:12,17.1,59,0,0,1,0
08:34:12,17.1,58,0,0,1,0
08:35:12,17.1,59,0,0,1,0
08:36:12,17.2,59,0,0,1,0
08:37:12,17.1,59,0,0,1,0
08:38:12,17.1,59,0,0,1,0
08:39:12,17.1,59,0,0,1,0
08:40:12,17.1,59,0,0,1,0
08:41:12,17.2,59,0,0,1,0
08:42:12,17.1,58,0,0,1,0
08:43:12,17.1,59,0,0,1,0
08:44:12,17.1,59,0,0,1,0
08:45:12,17.1,59,0,0,1,0
08:46:13,17.1,59,0,0,1,0
08:47:12,17.2,59,0,0,1,0
08:48:12,17.1,59,0,0,1,0
08:49:12,17.1,59,0,0,1,0
08:50:12,17.1,59,0,0,1,0
08:51:12,17.1,59,0,0,1,0
08:52:12,17.2,59,0,0,1,0
08:53:13,17.2,59,0,0,1,0
08:54:12,17.2,59,0,0,1,0
08:55:17,17.2,59,0,0,1,0
08:56:12,17.2,59,0,0,1,0
08:57:12,17.2,59,0,0,1,0
08:58:12,17.2,59,0,0,1,0
08:59:12,17.2,59,0,0,1,0
09:00:12,17.2,59,0,0,1,0
09:01:12,17.2,59,0,0,1,0
09:02:12,17.3,59,0,0,1,0
09:03:12,17.3,59,0,0,1,0
09:04:12,17.3,59,0,0,1,0
09:05:12,17.3,59,0,0,1,0
09:06:13,17.3,59,0,0,1,0
09:07:13,17.2,59,0,0,1,0
09:08:13,17.3,59,0,0,1,0
09:09:13,17.3,59,0,0,1,0
09:10:13,17.3,59,0,0,1,0
09:11:13,17.3,59,0,0,1,0
09:12:13,17.3,59,0,0,1,0
09:13:13,17.3,59,0,0,1,0
09:14:13,17.3,59,0,0,1,0
09:15:13,17.2,59,0,0,1,0
09:16:13,17.3,59,0,0,1,0
09:17:13,17.3,59,0,0,1,0
09:18:13,17.3,59,0,0,1,0
09:19:13,17.3,59,0,0,1,0
09:20:13,17.3,59,0,0,1,0
09:21:13,17.3,59,0,0,1,0
09:22:13,17.3,59,0,0,1,0
09:23:14,17.4,59,0,0,1,0
09:24:13,17.3,59,0,0,1,0
09:25:13,17.3,59,0,0,1,0
09:26:13,17.3,59,0,0,1,0
09:27:13,17.3,59,0,0,1,0
09:28:13,17.3,59,0,0,1,0
09:29:13,17.4,59,0,0,1,0
09:30:13,17.4,59,0,0,1,0
09:31:13,17.3,59,0,0,1,0
09:32:13,17.4,59,0,0,1,0
09:33:13,17.4,59,0,0,1,0
09:34:13,17.4,59,0,0,1,0
09:35:13,17.4,59,0,0,1,0
09:36:13,17.4,59,0,0,1,0
09:37:13,17.4,59,0,0,1,0
09:38:13,17.3,59,0,0,1,0
09:39:13,17.3,59,0,0,1,0
09:40:13,17.4,59,0,0,1,0
09:41:13,17.3,59,0,0,1,0
09:42:13,17.4,59,0,0,1,0
09:43:13,17.4,59,0,0,1,0
09:44:13,17.4,59,0,0,1,0
09:45:13,17.5,59,0,0,1,0
09:46:13,17.5,59,0,0,1,0
09:47:13,17.4,59,0,0,1,0
09:48:13,17.5,59,0,0,1,0
09:49:13,17.5,59,0,0,1,0
09:50:13,17.4,59,0,0,1,0
09:51:13,17.4,59,0,0,1,0
09:52:14,17.4,59,0,0,1,0
09:53:13,17.4,59,0,0,1,0
09:54:13,17.4,59,0,0,1,0
09:55:13,17.4,59,0,0,1,0
09:56:13,17.4,59,0,0,1,0
09:57:13,17.4,59,0,0,1,0
09:58:13,17.4,59,0,0,1,0
09:59:13,17.4,59,0,0,1,0
10:00:13,17.5,59,0,0,1,0
10:01:13,17.5,59,0,0,1,0
10:02:13,17.5,59,0,0,1,0
10:03:15,17.5,59,0,0,1,0
10:04:13,17.5,59,0,0,1,0
10:05:13,17.5,59,0,0,1,0
10:06:15,17.5,59,0,0,1,0
10:07:13,17.5,59,0,0,1,0
10:08:14,17.5,59,0,0,1,0
10:10:13,17.5,59,0,0,1,0
10:11:13,17.6,59,0,0,1,0
10:12:13,17.5,59,0,0,1,0
10:13:16,17.5,59,0,0,1,0
10:14:13,17.5,60,0,0,1,0
10:15:13,17.5,59,0,0,1,0
10:16:13,17.6,59,0,0,1,0
10:17:13,17.6,59,0,0,1,0
10:18:13,17.6,59,0,0,1,0
10:19:13,17.6,59,0,0,1,0
10:21:13,17.6,59,0,0,1,0
10:22:14,17.7,59,0,0,1,0
10:23:13,17.7,59,0,0,1,0
10:24:13,17.7,59,0,0,1,0
10:25:13,17.7,59,0,0,1,0
10:26:13,17.7,59,0,0,1,0
10:27:14,17.7,59,0,0,1,0
10:29:13,17.7,59,0,0,1,0
10:30:13,17.7,59,0,0,1,0
10:31:13,17.7,59,0,0,1,0
10:32:13,17.7,59,0,0,1,0
10:33:13,17.7,59,0,0,1,0
10:34:13,17.6,59,0,0,1,0
10:35:13,17.6,59,0,0,1,0
10:36:13,17.6,59,0,0,1,0
10:37:13,17.7,59,0,0,1,0
10:38:13,17.7,59,0,0,1,0
10:39:13,17.7,60,0,0,1,0
10:40:13,17.8,59,0,0,1,0
10:41:13,17.8,59,0,0,1,0
10:42:13,17.8,59,0,0,1,0
10:43:13,17.8,59,0,0,1,0
10:44:13,17.8,59,0,0,1,0
10:45:13,17.8,59,0,0,1,0
10:46:14,17.8,59,0,0,1,0
10:47:14,17.8,59,0,0,1,0
10:48:14,17.9,59,0,0,1,0
10:49:14,17.9,59,0,0,1,0
10:50:14,17.9,59,0,0,1,0
10:51:14,17.9,59,0,0,1,0
10:52:14,17.9,59,0,0,1,0
10:53:14,17.8,59,0,0,1,0
10:54:14,17.8,59,0,0,1,0
10:55:14,17.8,59,0,0,1,0
10:56:14,17.8,59,0,0,1,0
10:57:15,17.8,60,0,0,1,0
10:58:14,17.8,59,0,0,1,0
10:59:14,17.8,59,0,0,1,0
11:00:14,17.8,60,0,0,1,0
11:01:14,17.8,60,0,0,1,0
11:02:15,17.9,60,0,0,1,0
11:03:15,17.9,59,0,0,1,0
11:04:15,17.9,59,0,0,1,0
11:05:15,17.9,59,0,0,1,0
11:06:15,17.9,59,0,0,1,0
11:07:15,17.9,59,0,0,1,0
11:08:15,17.8,59,0,0,1,0
11:09:15,17.8,60,0,0,1,0
11:10:15,17.8,60,0,0,1,0
11:11:15,17.9,60,0,0,1,0
11:12:15,17.8,59,0,0,1,0
11:13:15,17.8,59,0,0,1,0
11:14:15,17.9,59,0,0,1,0
11:15:18,17.9,59,0,0,1,0
11:16:16,17.9,59,0,0,1,0
11:17:15,17.9,59,0,0,1,0
11:18:15,17.9,59,0,0,1,0
11:19:15,17.9,59,0,0,1,0
11:20:15,18,59,0,0,1,0
11:21:15,18,59,0,0,1,0
11:22:15,18,59,0,0,1,0
11:23:15,17.9,59,0,0,1,0
11:24:15,17.9,59,0,0,1,0
11:25:15,17.9,59,0,0,1,0
11:26:15,17.9,59,0,0,1,0
11:27:15,17.9,59,0,0,1,0
11:28:15,17.9,59,0,0,1,0
11:29:15,17.9,59,0,0,1,0
11:30:15,17.9,59,0,0,1,0
11:31:15,17.9,59,0,0,1,0
11:32:15,17.9,59,0,0,1,0
11:33:15,17.9,59,0,0,1,0
11:35:15,17.9,59,0,0,1,0
11:36:15,18,59,0,0,1,0
11:37:15,18,59,0,0,1,0
11:38:15,18,59,0,0,1,0
11:39:15,18,59,0,0,1,0
11:40:15,18,59,0,0,1,0
11:41:15,18,59,0,0,1,0
11:42:15,18.1,59,0,0,1,0
11:43:15,18,59,0,0,1,0
11:44:15,18,59,0,0,1,0
11:45:15,18,59,0,0,1,0
11:47:15,18.1,60,0,0,1,0
11:48:15,18.1,59,0,0,1,0
11:49:15,18.1,59,0,0,1,0
11:50:15,18.2,59,0,0,1,0
11:51:15,18.2,59,0,0,1,0
11:52:15,18.3,59,0,0,1,0
11:53:15,18.3,59,0,0,1,0
11:54:15,18.2,59,0,0,1,0
11:55:15,18.2,59,0,0,1,0
11:56:15,18.2,59,0,0,1,0
11:57:15,18.1,59,0,0,1,0
11:58:15,18.1,59,0,0,1,0
11:59:15,18,59,0,0,1,0
12:00:15,18.1,59,0,0,1,0
12:01:15,18,59,0,0,1,0
12:02:15,18.1,59,0,0,1,0
12:03:16,18.1,59,0,0,1,0
12:04:17,18.1,59,0,0,1,0
12:05:16,18.1,59,0,0,1,0
12:06:16,18.2,59,0,0,1,0
12:07:16,18.2,59,0,0,1,0
12:09:16,18.1,59,0,0,1,0
12:10:16,18.1,59,0,0,1,0
12:11:16,18.1,59,0,0,1,0
12:12:16,18.1,59,0,0,1,0
12:13:17,18.2,59,0,0,1,0
12:14:16,18.2,59,0,0,1,0
12:15:16,18.2,59,0,0,1,0
12:16:16,18.2,59,0,0,1,0
12:18:17,18.3,59,0,0,1,0
12:19:16,18.2,59,0,0,1,0
12:20:16,18.2,59,0,0,1,0
12:21:17,18.2,59,0,0,1,0
12:22:16,18.2,59,0,0,1,0
12:23:16,18.2,59,0,0,1,0
12:24:17,18.2,59,0,0,1,0
12:25:17,18.2,59,0,0,1,0
12:26:16,18.2,59,0,0,1,0
12:27:16,18.2,59,0,0,1,0
12:28:16,18.2,59,0,0,1,0
12:29:17,18.2,59,0,0,1,0
12:31:16,18.2,59,0,0,1,0
12:32:16,18.2,59,0,0,1,0
12:33:16,18.2,59,0,0,1,0
12:34:16,18.2,59,0,0,1,0
12:35:16,18.2,59,0,0,1,0
12:36:16,18.2,59,0,0,1,0
12:37:16,18.2,59,0,0,1,0
12:38:16,18.3,59,0,0,1,0
12:39:16,18.3,59,0,0,1,0
12:40:16,18.2,59,0,0,1,0
12:41:16,18.2,59,0,0,1,0
12:42:16,18.2,59,0,0,1,0
12:43:19,18.2,59,0,0,1,0
12:44:16,18.2,59,0,0,1,0
12:45:16,18.2,59,0,0,1,0
12:46:16,18.2,59,0,0,1,0
12:47:16,18.2,59,0,0,1,0
12:48:16,18.2,59,0,0,1,0
12:49:16,18.3,59,0,0,1,0
12:50:16,18.2,59,0,0,1,0
12:51:16,18.2,59,0,0,1,0
12:52:16,18.3,59,0,0,1,0
12:53:16,18.3,59,0,0,1,0
12:54:16,18.3,59,0,0,1,0
12:55:16,18.3,59,0,0,1,0
12:56:16,18.3,59,0,0,1,0
12:57:16,18.3,59,0,0,1,0
12:58:16,18.3,59,0,0,1,0
12:59:16,18.3,59,0,0,1,0
13:00:16,18.3,59,0,0,1,0
13:01:16,18.3,59,0,0,1,0
13:02:16,18.3,59,0,0,1,0
13:03:16,18.2,59,0,0,1,0
13:04:16,18.2,59,0,0,1,0
13:05:16,18.2,59,0,0,1,0
13:06:18,18.3,59,0,0,1,0
13:07:16,18.2,59,0,0,1,0
13:08:17,18.3,59,0,0,1,0
13:09:16,18.3,59,0,0,1,0
13:10:16,18.3,59,0,0,1,0
13:11:16,18.4,59,0,0,1,0
13:12:17,18.4,59,0,0,1,0
13:13:17,18.3,59,0,0,1,0
13:14:17,18.3,59,0,0,1,0
13:15:16,18.4,59,0,0,1,0
13:16:18,18.3,59,0,0,1,0
13:17:19,18.3,60,0,0,1,0
13:18:17,18.3,60,0,0,1,0
13:19:17,18.3,60,0,0,1,0
13:20:18,18.4,60,0,0,1,0
13:21:18,18.4,60,0,0,1,0
13:22:17,18.4,60,0,0,1,0
13:23:17,18.4,60,0,0,1,0
13:24:17,18.5,60,0,0,1,0
13:25:18,18.5,60,0,0,1,0
13:26:17,18.4,60,0,0,1,0
13:27:17,18.4,60,0,0,1,0
13:29:19,18.5,60,0,0,1,0
13:30:17,18.5,60,0,0,1,0
13:31:17,18.5,60,0,0,1,0
13:32:17,18.4,60,0,0,1,0
13:33:17,18.4,60,0,0,1,0
13:34:17,18.4,60,0,0,1,0
13:35:17,18.5,60,0,0,1,0
13:36:17,18.5,60,0,0,1,0
13:37:17,18.5,59,0,0,1,0
13:38:17,18.5,60,0,0,1,0
13:39:17,18.5,60,0,0,1,0
13:40:17,18.5,60,0,0,1,0
13:41:17,18.5,60,0,0,1,0
13:42:17,18.6,59,0,0,1,0
13:43:17,18.5,60,0,0,1,0
13:44:17,18.6,59,0,0,1,0
13:45:17,18.5,59,0,0,1,0
13:46:17,18.5,59,0,0,1,0
13:47:17,18.6,59,0,0,1,0
13:48:17,18.6,59,0,0,1,0
13:49:17,18.6,59,0,0,1,0
13:50:17,18.6,59,0,0,1,0
13:51:17,18.5,59,0,0,1,0
13:52:17,18.5,59,0,0,1,0
13:53:17,18.5,59,0,0,1,0
13:54:17,18.5,59,0,0,1,0
13:55:17,18.5,59,0,0,1,0
13:56:17,18.5,59,0,0,1,0
13:57:17,18.5,59,0,0,1,0
13:58:17,18.5,59,0,0,1,0
13:59:17,18.5,59,0,0,1,0
14:00:17,18.5,59,0,0,1,0
14:01:17,18.5,59,0,0,1,0
14:02:17,18.6,59,0,0,1,0
14:03:17,18.6,59,0,0,1,0
14:04:17,18.5,59,0,0,1,0
14:05:17,18.6,59,0,0,1,0
14:06:17,18.5,59,0,0,1,0
14:07:18,18.5,59,0,0,1,0
14:08:17,18.5,59,0,0,1,0
14:09:17,18.5,59,0,0,1,0
14:10:17,18.5,59,0,0,1,0
14:11:17,18.5,59,0,0,1,0
14:12:17,18.6,59,0,0,1,0
14:13:17,18.6,59,0,0,1,0
14:14:17,18.6,59,0,0,1,0
14:15:17,18.6,59,0,0,1,0
14:16:17,18.5,59,0,0,1,0
14:17:17,18.5,59,0,0,1,0
14:18:17,18.5,59,0,0,1,0
14:19:17,18.6,59,0,0,1,0
14:21:17,18.6,59,0,0,1,0
14:22:17,18.6,59,0,0,1,0
14:23:20,18.6,59,0,0,1,0
14:24:17,18.6,59,0,0,1,0
14:25:18,18.7,59,0,0,1,0
14:26:21,18.7,59,0,0,1,0
14:27:17,18.7,59,0,0,1,0
14:28:17,18.7,59,0,0,1,0
14:29:17,18.6,59,0,0,1,0
14:30:18,18.6,59,0,0,1,0
14:31:18,18.6,59,0,0,1,0
14:32:20,18.6,59,0,0,1,0
14:33:18,18.6,59,0,0,1,0
14:34:18,18.6,59,0,0,1,0
14:35:18,18.7,59,0,0,1,0
14:36:18,18.7,59,0,0,1,0
14:37:18,18.7,59,0,0,1,0
14:38:18,18.7,59,0,0,1,0
14:39:18,18.7,59,0,0,1,0
14:40:18,18.7,59,0,0,1,0
14:41:18,18.7,59,0,0,1,0
14:42:19,18.7,59,0,0,1,0
14:43:18,18.7,59,0,0,1,0
14:44:18,18.7,59,0,0,1,0
14:45:18,18.7,59,0,0,1,0
14:46:18,18.7,59,0,0,1,0
14:47:18,18.7,59,0,0,1,0
14:48:19,18.7,59,0,0,1,0
14:49:18,18.8,59,0,0,1,0
14:50:18,18.8,59,0,0,1,0
14:51:18,18.8,58,0,0,1,0
14:52:18,18.8,58,0,0,1,0
14:53:18,18.8,59,0,0,1,0
14:54:18,18.7,59,0,0,1,0
14:55:18,18.7,59,0,0,1,0
14:56:18,18.7,59,0,0,1,0
14:57:18,18.7,59,0,0,1,0
14:58:18,18.7,59,0,0,1,0
14:59:18,18.7,59,0,0,1,0
15:00:18,18.7,59,0,0,1,0
15:01:18,18.8,59,0,0,1,0
15:02:18,18.7,59,0,0,1,0
15:03:18,18.8,59,0,0,1,0
15:04:19,18.7,59,0,0,1,0
15:05:19,18.7,59,0,0,1,0
15:06:19,18.7,59,0,0,1,0
15:07:19,18.7,59,0,0,1,0
15:08:19,18.7,59,0,0,1,0
15:09:19,18.8,59,0,0,1,0
15:10:19,18.7,59,0,0,1,0
15:11:19,18.7,59,0,0,1,0
15:12:19,18.7,59,0,0,1,0
15:13:19,18.7,59,0,0,1,0
15:14:19,18.7,59,0,0,1,0
15:15:19,18.8,59,0,0,1,0
15:16:19,18.8,59,0,0,1,0
15:17:19,18.8,59,0,0,1,0
15:18:19,18.8,59,0,0,1,0
15:19:19,18.8,59,0,0,1,0
15:20:19,18.8,59,0,0,1,0
15:21:19,18.8,59,0,0,1,0
15:22:19,18.8,59,0,0,1,0
15:23:19,18.8,59,0,0,1,0
15:24:19,18.8,59,0,0,1,0
15:25:19,18.7,59,0,0,1,0
15:26:19,18.8,59,0,0,1,0
15:27:19,18.8,59,0,0,1,0
15:28:19,18.8,59,0,0,1,0
15:29:19,18.8,59,0,0,1,0
15:30:19,18.8,59,0,0,1,0
15:31:19,18.8,59,0,0,1,0
15:32:19,18.8,59,0,0,1,0
15:33:19,18.8,59,0,0,1,0
15:34:19,18.8,59,0,0,1,0
15:35:19,18.8,59,0,0,1,0
15:36:19,18.9,59,0,0,1,0
15:37:19,18.9,59,0,0,1,0
15:38:19,19,59,0,0,1,0
15:39:19,18.9,58,0,0,1,0
15:40:19,18.9,58,0,0,1,0
15:41:19,18.9,58,0,0,1,0
15:42:19,18.9,58,0,0,1,0
15:43:19,18.8,59,0,0,1,0
15:44:19,18.8,59,0,0,1,0
15:45:19,18.8,59,0,0,1,0
15:46:19,18.8,59,0,0,1,0
15:47:19,18.8,59,0,0,1,0
15:48:19,18.8,59,0,0,1,0
15:49:19,18.8,59,0,0,1,0
15:50:19,18.9,59,0,0,1,0
15:51:19,18.8,59,0,0,1,0
15:52:19,18.8,59,0,0,1,0
15:53:19,18.8,58,0,0,1,0
15:54:20,18.8,59,0,0,1,0
15:55:19,18.8,59,0,0,1,0
15:56:19,18.8,59,0,0,1,0
15:57:19,18.8,59,0,0,1,0
15:58:19,18.9,59,0,0,1,0
15:59:19,18.8,59,0,0,1,0
16:00:19,18.8,59,0,0,1,0
16:01:19,18.8,59,0,0,1,0
16:02:19,18.9,58,0,0,1,0
16:03:19,18.9,58,0,0,1,0
16:04:19,18.9,58,0,0,1,0
16:05:19,18.8,58,0,0,1,0
16:06:19,18.8,59,0,0,1,0
16:07:19,18.8,59,0,0,1,0
16:08:19,18.8,59,0,0,1,0
16:09:19,18.8,59,0,0,1,0
16:10:20,18.8,59,0,0,1,0
16:11:19,18.8,59,0,0,1,0
16:12:19,18.8,59,0,0,1,0
16:13:19,18.8,58,0,0,1,0
16:14:19,18.8,59,0,0,1,0
16:15:20,18.8,59,0,0,1,0
16:16:20,18.8,59,0,0,1,0
16:17:20,18.7,59,0,0,1,0
16:18:20,18.7,59,0,0,1,0
16:19:20,18.7,59,0,0,1,0
16:20:20,18.8,59,0,0,1,0
16:21:20,18.8,59,0,0,1,0
16:22:20,18.8,59,0,0,1,0
16:23:20,18.8,59,0,0,1,0
16:24:20,18.7,59,0,0,1,0
16:25:20,18.7,59,0,0,1,0
16:26:20,18.7,59,0,0,1,0
16:27:20,18.7,59,0,0,1,0
16:28:20,18.7,59,0,0,1,0
16:29:20,18.7,59,0,0,1,0
16:30:21,18.8,59,0,0,1,0
16:31:21,18.8,59,0,0,1,0
16:32:21,18.8,59,0,0,1,0
16:33:21,18.8,59,0,0,1,0
16:34:21,18.8,59,0,0,1,0
16:35:21,18.7,59,0,0,1,0
16:36:21,18.7,59,0,0,1,0
16:37:21,18.7,59,0,0,1,0
16:38:21,18.7,59,0,0,1,0
16:39:21,18.8,59,0,0,1,0
16:40:21,18.8,59,0,0,1,0
16:41:21,18.8,59,0,0,1,0
16:42:21,18.7,59,0,0,1,0
16:43:21,18.8,59,0,0,1,0
16:44:21,18.8,59,0,0,1,0
16:45:21,18.7,59,0,0,1,0
16:46:22,18.7,59,0,0,1,0
16:47:22,18.7,59,0,0,1,0
16:48:22,18.7,59,0,0,1,0
16:49:22,18.7,59,0,0,1,0
16:50:22,18.8,59,0,0,1,0
16:51:22,18.8,59,0,0,1,0
16:52:22,18.8,59,0,0,1,0
16:53:22,18.8,59,0,0,1,0
16:54:23,18.8,59,0,0,1,0
16:55:22,18.8,59,0,0,1,0
16:56:22,18.7,59,0,0,1,0
16:57:22,18.8,59,0,0,1,0
16:58:22,18.8,59,0,0,1,0
16:59:22,18.8,59,0,0,1,0
17:00:22,18.8,59,0,0,1,0
17:01:23,18.8,59,0,0,1,0
17:02:23,18.8,59,0,0,1,0
17:03:23,18.8,59,0,0,1,0
17:04:23,18.8,59,0,0,1,0
17:05:23,18.8,59,0,0,1,0
17:06:23,18.8,59,0,0,1,0
17:07:23,18.8,59,0,0,1,0
17:08:23,18.9,59,0,0,1,0
17:09:23,18.9,59,0,0,1,0
17:10:23,18.9,59,0,0,1,0
17:11:23,18.8,59,0,0,1,0
17:12:23,18.8,59,0,0,1,0
17:13:23,18.7,59,0,0,1,0
17:14:23,18.7,59,0,0,1,0
17:15:23,18.7,59,0,0,1,0
17:16:23,18.7,59,0,0,1,0
17:17:24,18.8,59,0,0,1,0
17:18:24,18.8,58,0,0,1,0
17:19:24,18.8,58,0,0,1,0
17:20:24,18.8,59,0,0,1,0
17:21:24,18.7,59,0,0,1,0
17:22:25,18.8,59,0,0,1,0
17:24:24,18.8,59,0,0,1,0
17:25:24,18.8,59,0,0,1,0
17:26:24,18.8,58,0,0,1,0
17:27:24,18.8,58,0,0,1,0
17:28:24,18.8,58,0,0,1,0
17:29:24,18.8,59,0,0,1,0
17:30:24,18.8,59,0,0,1,0
17:31:24,18.8,58,0,0,1,0
17:32:24,18.8,58,0,0,1,0
17:33:24,18.8,58,0,0,1,0
17:34:24,18.8,58,0,0,1,0
17:35:24,18.8,58,0,0,1,0
17:36:24,18.7,58,0,0,1,0
17:37:26,18.7,58,0,0,1,0
17:38:24,18.6,59,0,0,1,0
17:39:24,18.6,59,0,0,1,0
17:40:24,18.7,59,0,0,1,0
17:41:24,18.7,59,0,0,1,0
17:42:24,18.6,59,0,0,1,0
17:43:24,18.7,59,0,0,1,0
17:44:24,18.7,59,0,0,1,0
17:45:24,18.7,58,0,0,1,0
17:46:24,18.7,59,0,0,1,0
17:47:24,18.6,59,0,0,1,0
17:48:24,18.6,59,0,0,1,0
17:49:24,18.6,59,0,0,1,0
17:50:25,18.6,59,0,0,1,0
17:51:24,18.6,59,0,0,1,0
17:52:24,18.6,59,0,0,1,0
17:53:24,18.6,59,0,0,1,0
17:54:24,18.6,59,0,0,1,0
17:55:24,18.6,59,0,0,1,0
17:56:24,18.6,59,0,0,1,0
17:57:24,18.6,59,0,0,1,0
17:58:24,18.6,59,0,0,1,0
17:59:24,18.6,59,0,0,1,0
18:00:25,18.6,59,0,0,1,0
18:01:25,18.5,59,0,0,1,0
18:02:25,18.6,59,0,0,1,0
18:03:25,18.5,59,0,0,1,0
18:04:25,18.6,59,0,0,1,0
18:05:25,18.6,59,0,0,1,0
18:06:25,18.6,59,0,0,1,0
18:07:25,18.6,58,0,0,1,0
18:08:25,18.6,59,0,0,1,0
18:09:25,18.6,58,0,0,1,0
18:10:25,18.6,59,0,0,1,0
18:11:25,18.6,59,0,0,1,0
18:12:25,18.6,59,0,0,1,0
18:13:25,18.6,59,0,0,1,0
18:14:25,18.5,59,0,0,1,0
18:15:26,18.5,59,0,0,1,0
18:16:26,18.5,59,0,0,1,0
18:17:26,18.5,59,0,0,1,0
18:18:26,18.5,59,0,0,1,0
18:19:26,18.5,59,0,0,1,0
18:20:26,18.5,59,0,0,1,0
18:21:26,18.5,59,0,0,1,0
18:22:26,18.5,59,0,0,1,0
18:23:26,18.5,59,0,0,1,0
18:24:26,18.5,59,0,0,1,0
18:25:26,18.5,59,0,0,1,0
18:26:26,18.5,59,0,0,1,0
18:27:26,18.5,59,0,0,1,0
18:28:26,18.5,59,0,0,1,0
18:29:26,18.5,59,0,0,1,0
18:30:26,18.5,59,0,0,1,0
18:31:26,18.6,59,0,0,1,0
18:32:26,18.6,59,0,0,1,0
18:33:26,18.6,59,0,0,1,0
18:34:26,18.6,59,0,0,1,0
18:35:26,18.9,62,0,0,1,0
18:36:26,19.6,68,0,0,1,0
18:37:26,20.2,69,0,0,1,0
18:38:26,20.7,69,0,0,1,0
18:39:26,21,69,0,0,1,0
18:40:26,21.2,68,0,0,1,0
18:41:26,21.4,67,0,0,1,0
18:42:26,21.5,67,0,0,1,0
18:43:26,21.7,66,0,0,1,0
18:44:26,21.8,66,0,0,1,0
18:45:26,21.9,65,0,0,1,0
18:46:26,22,65,0,0,1,0
18:47:26,22,64,0,0,1,0
18:48:26,22.1,64,0,0,1,0
18:49:26,22.1,63,0,0,1,0
18:50:26,22.2,63,0,0,1,0
18:51:26,22.2,62,0,0,1,0
18:52:26,22.2,62,0,0,1,0
18:53:26,22.2,62,0,0,1,0
18:54:26,22.3,62,0,0,1,0
18:55:26,22.3,61,0,0,1,0
18:56:26,22.4,61,0,0,1,0
18:57:26,22.5,61,0,0,1,0
18:58:26,23,64,0,0,1,0
18:59:26,23.2,67,0,0,1,0
19:00:27,23.4,68,0,0,1,0
19:01:26,23.3,67,0,0,1,0
19:02:26,23.1,65,0,0,1,0
19:03:26,22.9,63,0,0,1,0
19:04:26,22.6,62,0,0,1,0
19:05:26,22.5,62,0,0,1,0
19:06:26,22.3,61,0,0,1,0
19:07:26,22.2,60,0,0,1,0
19:08:26,22.1,60,0,0,1,0
19:09:26,22,60,0,0,1,0
19:10:26,21.8,59,0,0,1,0
19:11:26,21.7,59,0,0,1,0
19:12:26,21.6,59,0,0,1,0
19:13:26,21.5,59,0,0,1,0
19:14:26,21.4,58,0,0,1,0
19:15:27,21.4,58,0,0,1,0
19:16:26,21.4,58,0,0,1,0
19:17:26,21.2,58,0,0,1,0
19:18:26,21.2,58,0,0,1,0
19:19:26,21.1,58,0,0,1,0
19:20:26,21,57,0,0,1,0
19:21:27,20.9,57,0,0,1,0
19:22:27,20.9,58,0,0,1,0
19:23:27,20.9,57,0,0,1,0
19:24:27,20.8,57,0,0,1,0
19:25:27,20.7,57,0,0,1,0
19:26:27,20.6,57,0,0,1,0
19:27:27,20.7,57,0,0,1,0
19:28:27,20.7,57,0,0,1,0
19:29:27,20.6,57,0,0,1,0
19:30:27,20.6,57,0,0,1,0
19:31:27,20.6,57,0,0,1,0
19:32:27,20.5,57,0,0,1,0
19:33:27,20.4,57,0,0,1,0
19:34:27,20.5,57,0,0,1,0
19:35:27,20.5,57,0,0,1,0
19:36:27,20.5,57,0,0,1,0
19:37:27,20.4,57,0,0,1,0
19:38:27,20.3,57,0,0,1,0
19:39:27,20.3,57,0,0,1,0
19:40:27,20.3,57,0,0,1,0
19:41:27,20.3,57,0,0,1,0
19:42:27,20.3,57,0,0,1,0
19:43:27,20.2,57,0,0,1,0
19:44:27,20.2,57,0,0,1,0
19:45:27,20.2,57,0,0,1,0
19:46:27,20.1,57,0,0,1,0
19:47:28,20.2,57,0,0,1,0
19:48:28,20.1,57,0,0,1,0
19:49:28,20,57,0,0,1,0
19:50:28,20,57,0,0,1,0
19:51:28,20,57,0,0,1,0
19:52:28,20,57,0,0,1,0
19:53:28,20,57,0,0,1,0
19:54:28,20,57,0,0,1,0
19:55:28,20.1,57,0,0,1,0
19:56:28,20.1,57,0,0,1,0
19:57:28,20.1,57,0,0,1,0
19:58:28,20,57,0,0,1,0
19:59:28,20,57,0,0,1,0
20:00:29,20,57,0,0,1,0
20:01:29,19.9,57,0,0,1,0
20:02:29,19.9,57,0,0,1,0
20:03:29,19.9,57,0,0,1,0
20:04:30,19.9,57,0,0,1,0
20:05:29,19.9,57,0,0,1,0
20:06:29,20,57,0,0,1,0
20:07:29,19.9,57,0,0,1,0
20:08:29,20,57,0,0,1,0
20:09:29,19.9,56,0,0,1,0
20:10:29,19.6,57,0,0,1,0
20:11:29,19.4,57,0,0,1,0
20:12:29,19.3,57,0,0,1,0
20:13:29,19.2,58,0,0,1,0
20:14:29,19.1,58,0,0,1,0
20:15:29,19.1,58,0,0,1,0
20:16:29,19,58,0,0,1,0
20:17:29,19,58,0,0,1,0
20:18:31,19,58,0,0,1,0
20:19:29,19,58,0,0,1,0
20:20:29,18.9,58,0,0,1,0
20:21:29,18.9,58,0,0,1,0
20:22:29,18.8,58,0,0,1,0
20:23:29,18.8,58,0,0,1,0
20:24:29,18.8,58,0,0,1,0
20:25:29,18.8,58,0,0,1,0
20:26:29,18.8,58,0,0,1,0
20:27:29,18.7,58,0,0,1,0
20:28:29,18.8,58,0,0,1,0
20:29:29,18.7,58,0,0,1,0
20:30:29,18.7,58,0,0,1,0
20:31:29,18.7,58,0,0,1,0
20:32:29,18.6,58,0,0,1,0
20:33:29,18.7,58,0,0,1,0
20:34:30,18.7,58,0,0,1,0
20:35:29,18.6,58,0,0,1,0
20:36:29,18.7,58,0,0,1,0
20:37:29,18.6,59,0,0,1,0
20:38:29,18.6,59,0,0,1,0
20:39:29,18.7,59,0,0,1,0
20:40:29,18.6,59,0,0,1,0
20:41:29,18.6,59,0,0,1,0
20:42:30,18.6,59,0,0,1,0
20:43:30,18.6,59,0,0,1,0
20:44:30,18.6,59,0,0,1,0
20:45:30,18.6,59,0,0,1,0
20:46:30,18.6,59,0,0,1,0
20:47:30,18.5,59,0,0,1,0
20:48:30,18.6,59,0,0,1,0
20:49:30,18.6,59,0,0,1,0
20:50:30,18.5,59,0,0,1,0
20:51:30,18.5,59,0,0,1,0
20:52:30,18.5,59,0,0,1,0
20:54:32,18.6,59,0,0,1,0
20:55:31,18.6,60,0,0,1,0
20:56:32,18.6,60,0,0,1,0
20:58:30,18.6,60,0,0,1,0
21:01:30,18.6,60,0,0,1,0
21:02:31,18.6,60,0,0,1,0
21:03:34,18.7,60,0,0,1,0
21:04:30,18.7,60,0,0,1,0
21:05:31,18.7,60,0,0,1,0
21:06:31,18.6,60,0,0,1,0
21:07:31,18.6,59,0,0,1,0
21:08:31,18.7,59,0,0,1,0
21:10:32,18.6,60,0,0,1,0
21:11:30,18.6,60,0,0,1,0
21:12:30,18.6,59,0,0,1,0
21:13:30,18.6,60,0,0,1,0
21:14:31,18.6,60,0,0,1,0
21:15:30,18.6,60,0,0,1,0
21:16:30,18.6,59,0,0,1,0
21:17:30,18.6,59,0,0,1,0
21:18:30,18.6,59,0,0,1,0
21:19:31,18.6,59,0,0,1,0
21:20:31,18.6,59,0,0,1,0
21:21:31,18.6,59,0,0,1,0
21:22:31,18.5,59,0,0,1,0
21:23:31,18.5,59,0,0,1,0
21:24:31,18.5,59,0,0,1,0
21:25:31,18.5,59,0,0,1,0
21:26:31,18.5,59,0,0,1,0
21:27:31,18.4,59,0,0,1,0
21:28:31,18.4,59,0,0,1,0
21:29:31,18.5,59,0,0,1,0
21:30:31,18.5,59,0,0,1,0
21:31:31,18.5,59,0,0,1,0
21:32:31,18.5,59,0,0,1,0
21:33:31,18.4,59,0,0,1,0
21:34:31,18.4,59,0,0,1,0
21:35:31,18.4,59,0,0,1,0
21:36:32,18.4,59,0,0,1,0
21:37:31,18.4,59,0,0,1,0
21:38:31,18.3,59,0,0,1,0
21:39:31,18.3,59,0,0,1,0
21:40:31,18.3,59,0,0,1,0
21:41:31,18.3,59,0,0,1,0
21:42:31,18.3,59,0,0,1,0
21:43:32,18.3,59,0,0,1,0
21:44:31,18.3,59,0,0,1,0
21:45:31,18.3,59,0,0,1,0
21:46:31,18.3,59,0,0,1,0
21:47:31,18.3,59,0,0,1,0
21:48:31,18.3,59,0,0,1,0
21:49:31,18.3,59,0,0,1,0
21:50:31,18.3,59,0,0,1,0
21:51:31,18.3,59,0,0,1,0
21:52:31,18.3,59,0,0,1,0
21:53:31,18.3,59,0,0,1,0
21:54:32,18.3,59,0,0,1,0
21:55:31,18.3,59,0,0,1,0
21:56:33,18.3,59,0,0,1,0
21:57:32,18.3,59,0,0,1,0
21:58:32,18.2,59,0,0,1,0
21:59:32,18.2,59,0,0,1,0
22:00:32,18.2,59,0,0,1,0
22:01:32,18.2,59,0,0,1,0
22:02:32,18.2,59,0,0,1,0
22:03:32,18.2,59,0,0,1,0
22:04:32,18.2,59,0,0,1,0
22:05:32,18.2,59,0,0,1,0
22:06:32,18.2,59,0,0,1,0
22:07:32,18.2,59,0,0,1,0
22:08:32,18.2,59,0,0,1,0
22:09:32,18.2,59,0,0,1,0
22:10:32,18.1,59,0,0,1,0
22:11:32,18.1,59,0,0,1,0
22:12:32,18.1,59,0,0,1,0
22:13:32,18.1,59,0,0,1,0
22:14:32,18.1,59,0,0,1,0
22:15:32,18.1,59,0,0,1,0
22:16:32,18.1,59,0,0,1,0
22:17:33,18.2,59,0,0,1,0
22:18:32,18.2,59,0,0,1,0
22:19:32,18.1,59,0,0,1,0
22:20:32,18.1,59,0,0,1,0
22:21:33,18.1,59,0,0,1,0
22:22:32,18.1,59,0,0,1,0
22:23:32,18.1,59,0,0,1,0
22:24:32,18.1,59,0,0,1,0
22:25:32,18.1,59,0,0,1,0
22:26:32,18.1,59,0,0,1,0
22:27:32,18.1,59,0,0,1,0
22:28:32,18,59,0,0,1,0
22:29:32,18,59,0,0,1,0
22:30:33,18,59,0,0,1,0
22:31:33,18.1,59,0,0,1,0
22:32:33,18.1,59,0,0,1,0
22:33:33,18.1,59,0,0,1,0
22:34:34,18.1,59,0,0,1,0
22:35:33,18.1,59,0,0,1,0
22:36:34,18,59,0,0,1,0
22:37:33,18,59,0,0,1,0
22:38:33,18,59,0,0,1,0
22:39:34,18,59,0,0,1,0
22:40:33,18,59,0,0,1,0
22:41:33,18,59,0,0,1,0
22:42:33,18,59,0,0,1,0
22:43:33,18,59,0,0,1,0
22:44:33,18,59,0,0,1,0
22:45:33,18,59,0,0,1,0
22:46:33,18,59,0,0,1,0
22:47:33,18,59,0,0,1,0
22:48:33,18,59,0,0,1,0
22:49:33,18,59,0,0,1,0
22:50:33,18,59,0,0,1,0
22:51:33,17.9,59,0,0,1,0
22:52:33,17.9,59,0,0,1,0
22:53:33,17.9,59,0,0,1,0
22:54:33,17.9,59,0,0,1,0
22:55:33,17.9,59,0,0,1,0
22:56:34,17.9,59,0,0,1,0
22:57:33,17.9,59,0,0,1,0
22:58:33,17.9,59,0,0,1,0
22:59:33,17.9,59,0,0,1,0
23:00:33,17.9,59,0,0,1,0
23:01:33,17.9,59,0,0,1,0
23:02:33,17.9,59,0,0,1,0
23:03:33,17.9,59,0,0,1,0
23:04:33,17.9,59,0,0,1,0
23:05:33,17.9,59,0,0,1,0
23:06:33,17.9,59,0,0,1,0
23:07:33,17.9,59,0,0,1,0
23:08:33,17.9,59,0,0,1,0
23:09:33,17.9,59,0,0,1,0
23:10:33,17.9,59,0,0,1,0
23:11:33,17.9,59,0,0,1,0
23:12:33,17.9,59,0,0,1,0
23:13:33,17.9,59,0,0,1,0
23:14:33,17.9,59,0,0,1,0
23:15:33,17.9,59,0,0,1,0
23:17:37,17.9,59,0,0,1,0
23:19:37,17.9,59,0,0,1,0
23:20:36,17.8,59,0,0,1,0
23:21:37,17.8,59,0,0,1,0
23:22:34,17.8,59,0,0,1,0
23:23:35,17.8,59,0,0,1,0
23:24:34,17.8,59,0,0,1,0
23:25:34,17.8,59,0,0,1,0
23:26:37,17.8,59,0,0,1,0
23:27:35,17.8,59,0,0,1,0
23:29:34,17.8,59,0,0,1,0
23:30:34,17.7,59,0,0,1,0
23:31:34,17.7,59,0,0,1,0
23:32:34,17.8,59,0,0,1,0
23:33:34,17.8,59,0,0,1,0
23:34:34,17.8,59,0,0,1,0
23:35:35,17.8,59,0,0,1,0
23:36:36,17.8,59,0,0,1,0
23:37:35,17.8,59,0,0,1,0
23:38:34,17.8,59,0,0,1,0
23:39:36,17.8,59,0,0,1,0
23:40:34,17.8,59,0,0,1,0
23:41:36,17.8,59,0,0,1,0
23:42:34,17.8,59,0,0,1,0
23:43:34,17.8,59,0,0,1,0
23:45:34,17.8,59,0,0,1,0
23:46:34,17.8,59,0,0,1,0
23:47:34,17.8,59,0,0,1,0
23:48:35,17.8,59,0,0,1,0
23:49:34,17.7,59,0,0,1,0
23:50:34,17.7,59,0,0,1,0
23:51:35,17.7,59,0,0,1,0
23:52:34,17.7,59,0,0,1,0
23:53:34,17.7,59,0,0,1,0
23:54:34,17.7,59,0,0,1,0
23:55:34,17.8,59,0,0,1,0
23:56:35,17.7,59,0,0,1,0
23:57:34,17.8,59,0,0,1,0
23:58:34,17.8,59,0,0,1,0
23:59:34,17.7,59,0,0,1,0
00:00:35,17.7,59,0,0,1,0
00:01:35,17.7,59,0,0,1,0
00:02:35,17.7,59,0,0,1,0
00:03:35,17.7,59,0,0,1,0
00:04:35,17.7,59,0,0,1,0
00:05:35,17.7,59,0,0,1,0
00:06:35,17.8,59,0,0,1,0
00:07:35,17.7,59,0,0,1,0
00:08:35,17.7,59,0,0,1,0
00:09:35,17.7,59,0,0,1,0
00:10:35,17.7,59,0,0,1,0
00:11:37,17.7,59,0,0,1,0
00:12:36,17.7,59,0,0,1,0
00:13:35,17.7,59,0,0,1,0
00:14:35,17.7,59,0,0,1,0
00:15:35,17.7,59,0,0,1,0
00:16:38,17.7,59,0,0,1,0
00:17:35,17.7,59,0,0,1,0
00:18:36,17.7,59,0,0,1,0
00:19:35,17.6,59,0,0,1,0
00:20:36,17.7,59,0,0,1,0
00:21:38,17.7,59,0,0,1,0
00:22:37,17.7,59,0,0,1,0
00:23:35,17.7,59,0,0,1,0
00:24:36,17.7,59,0,0,1,0
00:25:35,17.7,59,0,0,1,0
00:26:35,17.7,59,0,0,1,0
00:27:35,17.7,59,0,0,1,0
00:28:35,17.7,59,0,0,1,0
00:29:35,17.6,59,0,0,1,0
00:30:36,17.6,59,0,0,1,0
00:31:35,17.6,59,0,0,1,0
00:32:35,17.7,59,0,0,1,0
00:33:35,17.6,59,0,0,1,0
00:34:35,17.6,59,0,0,1,0
00:35:35,17.6,59,0,0,1,0
00:36:35,17.6,59,0,0,1,0
00:37:35,17.6,59,0,0,1,0
00:38:35,17.6,59,0,0,1,0
00:39:35,17.6,59,0,0,1,0
00:40:35,17.6,59,0,0,1,0
00:41:35,17.6,59,0,0,1,0
00:42:35,17.6,59,0,0,1,0
00:43:35,17.6,59,0,0,1,0
00:44:35,17.6,59,0,0,1,0
00:45:35,17.6,59,0,0,1,0
00:46:35,17.6,59,0,0,1,0
00:47:35,17.6,59,0,0,1,0
00:48:35,17.6,59,0,0,1,0
00:49:35,17.6,59,0,0,1,0
00:50:36,17.6,59,0,0,1,0
00:51:35,17.7,59,0,0,1,0
00:52:35,17.6,59,0,0,1,0
00:53:38,17.7,58,0,0,1,0
00:54:35,17.6,58,0,0,1,0
00:55:35,17.6,58,0,0,1,0
00:56:35,17.6,58,0,0,1,0
00:57:35,17.6,59,0,0,1,0
00:58:35,17.5,59,0,0,1,0
00:59:35,17.6,59,0,0,1,0
01:00:35,17.6,59,0,0,1,0
01:01:35,17.6,59,0,0,1,0
01:02:35,17.6,59,0,0,1,0
01:03:35,17.6,59,0,0,1,0
01:04:35,17.6,59,0,0,1,0
01:05:35,17.5,59,0,0,1,0
01:06:35,17.5,59,0,0,1,0
01:07:35,17.5,59,0,0,1,0
01:08:35,17.5,59,0,0,1,0
01:09:35,17.5,59,0,0,1,0
01:10:35,17.6,59,0,0,1,0
01:11:35,17.5,59,0,0,1,0
01:12:35,17.6,59,0,0,1,0
01:13:35,17.5,59,0,0,1,0
01:14:35,17.5,59,0,0,1,0
01:15:35,17.5,59,0,0,1,0
01:16:35,17.5,58,0,0,1,0
01:17:35,17.5,58,0,0,1,0
01:18:35,17.5,58,0,0,1,0
01:19:35,17.4,58,0,0,1,0
01:20:35,17.4,59,0,0,1,0
01:21:35,17.5,59,0,0,1,0
01:22:35,17.5,58,0,0,1,0
01:23:35,17.4,59,0,0,1,0
01:24:35,17.4,59,0,0,1,0
01:25:35,17.5,59,0,0,1,0
01:26:35,17.5,59,0,0,1,0
01:27:35,17.5,58,0,0,1,0
01:28:35,17.5,58,0,0,1,0
01:29:38,17.4,58,0,0,1,0
01:30:35,17.4,58,0,0,1,0
01:31:36,17.4,59,0,0,1,0
01:33:36,17.5,59,0,0,1,0
01:34:36,17.5,59,0,0,1,0
01:35:36,17.5,59,0,0,1,0
01:36:40,17.4,58,0,0,1,0
01:37:36,17.4,58,0,0,1,0
01:38:36,17.4,58,0,0,1,0
01:39:36,17.4,58,0,0,1,0
01:40:36,17.4,58,0,0,1,0
01:41:36,17.4,58,0,0,1,0
01:42:36,17.4,58,0,0,1,0
01:43:36,17.3,58,0,0,1,0
01:44:36,17.4,58,0,0,1,0
01:45:36,17.4,59,0,0,1,0
01:46:36,17.3,59,0,0,1,0
01:47:36,17.4,59,0,0,1,0
01:48:36,17.4,59,0,0,1,0
01:49:36,17.4,59,0,0,1,0
01:50:36,17.4,59,0,0,1,0
01:51:36,17.3,59,0,0,1,0
01:52:36,17.3,59,0,0,1,0
01:53:36,17.3,59,0,0,1,0
01:54:36,17.3,59,0,0,1,0
01:55:36,17.3,59,0,0,1,0
01:56:36,17.3,59,0,0,1,0
01:57:36,17.3,59,0,0,1,0
01:58:36,17.3,59,0,0,1,0
01:59:36,17.4,59,0,0,1,0
02:00:36,17.3,59,0,0,1,0
02:01:36,17.3,59,0,0,1,0
02:02:36,17.4,59,0,0,1,0
02:03:39,17.3,59,0,0,1,0
02:04:36,17.3,59,0,0,1,0
02:05:36,17.3,59,0,0,1,0
02:06:36,17.3,59,0,0,1,0
02:07:36,17.3,59,0,0,1,0
02:08:36,17.3,59,0,0,1,0
02:09:36,17.3,59,0,0,1,0
02:10:36,17.3,59,0,0,1,0
02:11:36,17.3,59,0,0,1,0
02:12:36,17.3,59,0,0,1,0
02:13:36,17.4,59,0,0,1,0
02:14:36,17.4,59,0,0,1,0
02:15:37,17.4,59,0,0,1,0
02:16:36,17.4,59,0,0,1,0
02:17:36,17.4,59,0,0,1,0
02:18:36,17.4,59,0,0,1,0
02:19:36,17.4,59,0,0,1,0
02:20:36,17.4,59,0,0,1,0
02:21:38,17.4,59,0,0,1,0
02:22:36,17.4,59,0,0,1,0
02:23:36,17.3,59,0,0,1,0
02:24:36,17.3,59,0,0,1,0
02:25:36,17.3,59,0,0,1,0
02:26:36,17.3,59,0,0,1,0
02:27:36,17.3,59,0,0,1,0
02:28:37,17.3,58,0,0,1,0
02:29:36,17.3,59,0,0,1,0
02:30:37,17.3,59,0,0,1,0
02:31:36,17.3,59,0,0,1,0
02:32:36,17.3,59,0,0,1,0
02:33:39,17.3,59,0,0,1,0
02:34:36,17.3,59,0,0,1,0
02:35:36,17.3,59,0,0,1,0
02:36:36,17.3,59,0,0,1,0
02:37:36,17.3,59,0,0,1,0
02:38:36,17.3,59,0,0,1,0
02:39:36,17.3,59,0,0,1,0
02:40:36,17.3,59,0,0,1,0
02:41:36,17.3,58,0,0,1,0
02:42:36,17.3,58,0,0,1,0
02:43:37,17.3,58,0,0,1,0
02:44:36,17.3,59,0,0,1,0
02:45:37,17.3,58,0,0,1,0
02:46:36,17.3,58,0,0,1,0
02:47:36,17.2,58,0,0,1,0
02:48:38,17.2,59,0,0,1,0
02:49:37,17.2,59,0,0,1,0
02:50:37,17.2,59,0,0,1,0
02:51:37,17.2,59,0,0,1,0
02:52:37,17.2,59,0,0,1,0
02:53:37,17.2,59,0,0,1,0
02:54:37,17.2,59,0,0,1,0
02:55:37,17.2,59,0,0,1,0
02:56:37,17.2,59,0,0,1,0
02:57:37,17.2,59,0,0,1,0
02:58:37,17.2,59,0,0,1,0
02:59:37,17.2,59,0,0,1,0
03:00:37,17.2,59,0,0,1,0
03:01:37,17.2,59,0,0,1,0
03:02:37,17.2,59,0,0,1,0
03:04:37,17.2,59,0,0,1,0
03:05:37,17.2,59,0,0,1,0
03:06:37,17.2,59,0,0,1,0
03:07:37,17.2,59,0,0,1,0
03:08:37,17.2,59,0,0,1,0
03:09:37,17.2,59,0,0,1,0
03:10:37,17.2,59,0,0,1,0
03:11:37,17.2,59,0,0,1,0
03:12:37,17.3,59,0,0,1,0
03:13:37,17.3,59,0,0,1,0
03:14:37,17.3,59,0,0,1,0
03:15:37,17.3,59,0,0,1,0
03:17:37,17.3,59,0,0,1,0
03:18:37,17.3,59,0,0,1,0
03:19:37,17.2,59,0,0,1,0
03:20:37,17.2,59,0,0,1,0
03:21:37,17.2,59,0,0,1,0
03:22:37,17.3,59,0,0,1,0
03:23:37,17.3,59,0,0,1,0
03:24:37,17.2,59,0,0,1,0
03:25:37,17.3,59,0,0,1,0
03:26:37,17.2,59,0,0,1,0
03:27:37,17.2,59,0,0,1,0
03:28:37,17.2,59,0,0,1,0
03:29:38,17.2,59,0,0,1,0
03:30:38,17.2,59,0,0,1,0
03:32:37,17.2,59,0,0,1,0
03:33:37,17.2,59,0,0,1,0
03:34:37,17.2,59,0,0,1,0
03:35:37,17.2,59,0,0,1,0
03:36:37,17.2,59,0,0,1,0
03:37:37,17.2,59,0,0,1,0
03:38:37,17.2,59,0,0,1,0
03:39:37,17.2,59,0,0,1,0
03:40:37,17.2,59,0,0,1,0
03:41:37,17.2,59,0,0,1,0
03:42:37,17.2,59,0,0,1,0
03:43:37,17.2,59,0,0,1,0
03:44:37,17.2,59,0,0,1,0
03:45:37,17.2,59,0,0,1,0
03:46:37,17.1,58,0,0,1,0
03:47:37,17.1,58,0,0,1,0
03:48:37,17.1,58,0,0,1,0
03:49:37,17.1,58,0,0,1,0
03:50:37,17.1,59,0,0,1,0
03:51:37,17.1,59,0,0,1,0
03:52:37,17.1,59,0,0,1,0
03:53:37,17.1,59,0,0,1,0
03:54:37,17,59,0,0,1,0
03:55:37,17.1,59,0,0,1,0
03:56:37,17.1,59,0,0,1,0
03:57:37,17.1,59,0,0,1,0
03:58:37,17.1,59,0,0,1,0
03:59:37,17.1,59,0,0,1,0
04:00:37,17.1,59,0,0,1,0
04:01:37,17.1,59,0,0,1,0
04:02:37,17.1,59,0,0,1,0
04:03:37,17.1,58,0,0,1,0
04:04:37,17.1,58,0,0,1,0
04:05:37,17.1,58,0,0,1,0
04:06:37,17,58,0,0,1,0
04:07:37,17,58,0,0,1,0
04:08:37,17.1,58,0,0,1,0
04:09:37,17,58,0,0,1,0
04:10:37,17,58,0,0,1,0
04:11:37,17,58,0,0,1,0
04:12:37,17.1,58,0,0,1,0
04:13:37,17.1,59,0,0,1,0
04:14:40,17.1,59,0,0,1,0
04:15:39,17.1,59,0,0,1,0
04:16:37,17.1,59,0,0,1,0
04:17:38,17.1,59,0,0,1,0
04:18:38,17.1,59,0,0,1,0
04:19:38,17,59,0,0,1,0
04:20:38,17,58,0,0,1,0
04:21:38,17,58,0,0,1,0
04:22:38,17.1,58,0,0,1,0
04:23:38,17,58,0,0,1,0
04:24:38,17,58,0,0,1,0
04:25:38,17,58,0,0,1,0
04:26:38,17,58,0,0,1,0
04:27:38,17,58,0,0,1,0
04:28:38,17,58,0,0,1,0
04:30:38,17,58,0,0,1,0
04:31:38,17,58,0,0,1,0
04:32:38,17,59,0,0,1,0
04:33:38,17,59,0,0,1,0
04:34:38,17,59,0,0,1,0
04:35:38,17,59,0,0,1,0
04:36:38,17,59,0,0,1,0
04:37:38,17,59,0,0,1,0
04:38:41,17,58,0,0,1,0
04:39:38,17,58,0,0,1,0
04:40:38,17,58,0,0,1,0
04:41:38,17,58,0,0,1,0
04:42:38,17,58,0,0,1,0
04:43:38,17,58,0,0,1,0
04:44:38,17,59,0,0,1,0
04:45:39,17,58,0,0,1,0
04:46:38,17,58,0,0,1,0
04:47:38,17,58,0,0,1,0
04:48:38,17,58,0,0,1,0
04:49:40,16.9,58,0,0,1,0
04:50:38,16.9,58,0,0,1,0
04:51:38,17,59,0,0,1,0
04:52:38,17,59,0,0,1,0
04:53:38,17,59,0,0,1,0
04:54:38,17,59,0,0,1,0
04:55:38,16.9,59,0,0,1,0
04:56:38,16.9,59,0,0,1,0
04:57:38,16.9,59,0,0,1,0
04:58:38,16.9,59,0,0,1,0
04:59:38,16.9,59,0,0,1,0
05:00:38,16.9,59,0,0,1,0
05:01:38,16.9,59,0,0,1,0
05:02:38,17,59,0,0,1,0
05:03:41,16.9,59,0,0,1,0
05:04:38,16.9,59,0,0,1,0
05:05:38,17,59,0,0,1,0
05:06:38,16.9,59,0,0,1,0
05:07:38,16.9,59,0,0,1,0
05:08:38,17,59,0,0,1,0
05:09:38,16.9,58,0,0,1,0
05:10:38,17,59,0,0,1,0
05:11:38,16.9,59,0,0,1,0
05:12:38,17,59,0,0,1,0
05:13:38,17,59,0,0,1,0
05:14:38,17,59,0,0,1,0
05:15:38,17,59,0,0,1,0
05:16:38,17,59,0,0,1,0
05:17:38,17,59,0,0,1,0
05:18:38,17,59,0,0,1,0
05:19:41,17,59,0,0,1,0
05:20:38,17,59,0,0,1,0
05:21:38,17,59,0,0,1,0
05:22:38,17,59,0,0,1,0
05:23:38,17,58,0,0,1,0
05:24:38,17,58,0,0,1,0
05:25:38,16.9,59,0,0,1,0
05:26:38,16.9,59,0,0,1,0
05:27:39,17,59,0,0,1,0
05:28:38,17,59,0,0,1,0
05:29:38,16.9,59,0,0,1,0
05:30:38,16.9,59,0,0,1,0
05:31:38,17,60,0,0,1,0
05:32:38,17.5,64,0,0,1,0
05:33:38,18.2,67,0,0,1,0
05:34:39,18.7,69,0,0,1,0
05:35:39,18.8,67,0,0,1,0
05:36:39,18.5,65,0,0,1,0
05:37:39,18.2,64,0,0,1,0
05:38:39,18,63,0,0,1,0
05:39:39,17.8,63,0,0,1,0
05:40:39,17.7,62,0,0,1,0
05:42:39,17.6,61,0,0,1,0
05:43:40,17.5,60,0,0,1,0
05:44:39,17.5,60,0,0,1,0
05:45:39,17.4,60,0,0,1,0
05:46:39,17.4,60,0,0,1,0
05:47:39,17.4,60,0,0,1,0
05:48:39,17.3,59,0,0,1,0
05:49:39,17.3,59,0,0,1,0
05:50:39,17.3,59,0,0,1,0
05:51:39,17.2,59,0,0,1,0
05:52:39,17.2,59,0,0,1,0
05:53:39,17.2,59,0,0,1,0
05:54:39,17.2,59,0,0,1,0
05:55:39,17.2,59,0,0,1,0
05:56:39,17.2,59,0,0,1,0
05:57:39,17.1,59,0,0,1,0
05:58:39,17.1,59,0,0,1,0
05:59:39,17.2,59,0,0,1,0
06:00:39,17.1,59,0,0,1,0
06:01:39,17.1,59,0,0,1,0
06:02:39,17.1,59,0,0,1,0
06:03:39,17.1,59,0,0,1,0
06:04:39,17.1,58,0,0,1,0
06:05:39,17.1,59,0,0,1,0
06:06:39,17,58,0,0,1,0
06:07:39,17,58,0,0,1,0
06:08:39,17,59,0,0,1,0
06:09:39,17,59,0,0,1,0
06:10:39,17,59,0,0,1,0
06:11:39,17,59,0,0,1,0
06:13:39,17,59,0,0,1,0
06:14:39,17,59,0,0,1,0
06:15:39,17,59,0,0,1,0
06:16:39,17,59,0,0,1,0
06:17:39,17,59,0,0,1,0
06:18:39,17,59,0,0,1,0
06:19:39,17,59,0,0,1,0
06:20:39,17,59,0,0,1,0
06:21:39,17,59,0,0,1,0
06:22:39,17,59,0,0,1,0
06:23:39,16.9,59,0,0,1,0
06:24:40,16.9,59,0,0,1,0
06:25:39,16.9,59,0,0,1,0
06:26:39,16.9,59,0,0,1,0
06:27:39,17,59,0,0,1,0
06:28:39,16.9,58,0,0,1,0
06:29:39,16.9,58,0,0,1,0
06:30:42,16.9,58,0,0,1,0
06:31:39,16.9,59,0,0,1,0
06:32:39,16.9,59,0,0,1,0
06:33:39,16.9,59,0,0,1,0
06:34:43,16.9,59,0,0,1,0
06:35:39,16.9,59,0,0,1,0
06:36:39,16.9,59,0,0,1,0
06:37:40,16.9,59,0,0,1,0
06:38:39,16.9,59,0,0,1,0
06:39:39,16.9,59,0,0,1,0
06:40:39,16.9,58,0,0,1,0
06:41:39,16.9,59,0,0,1,0
06:42:40,16.9,59,0,0,1,0
06:44:40,16.9,59,0,0,1,0
06:45:41,16.9,58,0,0,1,0
06:46:40,16.9,58,0,0,1,0
06:47:40,16.9,58,0,0,1,0
06:48:40,16.9,58,0,0,1,0
06:49:40,16.9,58,0,0,1,0
06:50:40,16.9,59,0,0,1,0
06:51:40,16.9,59,0,0,1,0
06:52:40,16.9,59,0,0,1,0
06:53:40,16.9,59,0,0,1,0
06:54:40,16.9,59,0,0,1,0
06:55:40,17,59,0,0,1,0
06:56:40,16.9,59,0,0,1,0
06:57:40,16.9,59,0,0,1,0
06:58:40,16.9,59,0,0,1,0
06:59:40,16.9,59,0,0,1,0
07:00:40,16.9,59,0,0,1,0
07:01:40,16.9,59,0,0,1,0
07:02:40,16.9,59,0,0,1,0
07:03:43,16.9,59,0,0,1,0
07:04:40,16.9,59,0,0,1,0
07:05:40,16.9,59,0,0,1,0
07:06:40,16.9,59,0,0,1,0
07:07:40,17,59,0,0,1,0
07:08:40,17,59,0,0,1,0
07:09:40,17,59,0,0,1,0
07:10:40,16.9,59,0,0,1,0
07:11:40,16.9,59,0,0,1,0
07:12:40,16.9,59,0,0,1,0
07:13:40,16.9,59,0,0,1,0
07:14:40,16.9,59,0,0,1,0
07:15:40,16.9,59,0,0,1,0
07:16:40,16.9,59,0,0,1,0
07:17:42,17,59,0,0,1,0
07:18:40,16.9,59,0,0,1,0
07:19:40,16.9,59,0,0,1,0
07:20:40,16.9,59,0,0,1,0
07:21:40,16.9,59,0,0,1,0
07:22:40,17,59,0,0,1,0
07:23:40,17,59,0,0,1,0
07:24:40,17,59,0,0,1,0
07:25:40,17,59,0,0,1,0
07:26:40,17,59,0,0,1,0
07:27:40,17,59,0,0,1,0
07:28:40,17,59,0,0,1,0
07:29:40,17,59,0,0,1,0
07:30:40,17,59,0,0,1,0
07:31:40,17,59,0,0,1,0
07:32:40,17,60,0,0,1,0
07:33:40,17,60,0,0,1,0
07:34:40,17.1,59,0,0,1,0
07:35:40,17,60,0,0,1,0
07:36:40,17,60,0,0,1,0
07:37:40,17,59,0,0,1,0
07:38:40,17,59,0,0,1,0
07:39:40,17,59,0,0,1,0
07:40:41,17,59,0,0,1,0
07:41:40,17.1,59,0,0,1,0
07:42:40,17.1,59,0,0,1,0
07:43:40,17.1,59,0,0,1,0
07:44:40,17.1,59,0,0,1,0
07:45:40,17.1,59,0,0,1,0
07:46:40,17.1,59,0,0,1,0
07:47:40,17.1,59,0,0,1,0
07:48:40,17.1,59,0,0,1,0
07:49:40,17.1,59,0,0,1,0
07:50:40,17,59,0,0,1,0
07:51:40,17,59,0,0,1,0
07:52:43,17,60,0,0,1,0
07:53:40,17.1,60,0,0,1,0
07:54:40,17.1,60,0,0,1,0
07:55:40,17.1,60,0,0,1,0
07:56:40,17.1,60,0,0,1,0
07:57:40,17.1,60,0,0,1,0
07:58:40,17.1,60,0,0,1,0
07:59:40,17.1,60,0,0,1,0
08:00:40,17.1,60,0,0,1,0
08:01:43,17.2,60,0,0,1,0
08:02:40,17.2,60,0,0,1,0
08:03:40,17.2,60,0,0,1,0
08:04:40,17.2,60,0,0,1,0
08:05:40,17.2,60,0,0,1,0
08:06:42,17.2,60,0,0,1,0
08:07:40,17.2,60,0,0,1,0
08:08:40,17.2,60,0,0,1,0
08:09:40,17.2,60,0,0,1,0
08:10:41,17.2,60,0,0,1,0
08:11:41,17.2,60,0,0,1,0
08:12:41,17.2,60,0,0,1,0
08:13:41,17.2,60,0,0,1,0
08:14:41,17.2,60,0,0,1,0
08:15:41,17.2,60,0,0,1,0
08:16:42,17.2,60,0,0,1,0
08:17:41,17.2,60,0,0,1,0
08:18:41,17.2,60,0,0,1,0
08:19:41,17.2,60,0,0,1,0
08:20:41,17.2,60,0,0,1,0
08:21:41,17.2,60,0,0,1,0
08:22:41,17.3,60,0,0,1,0
08:23:42,17.3,60,0,0,1,0
08:24:41,17.3,60,0,0,1,0
08:25:42,17.3,60,0,0,1,0
08:26:41,17.3,60,0,0,1,0
08:27:41,17.3,60,0,0,1,0
08:28:41,17.3,60,0,0,1,0
08:29:41,17.3,60,0,0,1,0
08:30:41,17.3,60,0,0,1,0
08:31:41,17.3,60,0,0,1,0
08:32:41,17.3,60,0,0,1,0
08:33:42,17.4,60,0,0,1,0
08:34:41,17.4,60,0,0,1,0
08:35:41,17.4,60,0,0,1,0
08:36:41,17.4,60,0,0,1,0
08:37:41,17.4,60,0,0,1,0
08:38:41,17.3,60,0,0,1,0
08:39:42,17.4,60,0,0,1,0
08:40:41,17.4,60,0,0,1,0
08:41:42,17.4,60,0,0,1,0
08:42:41,17.4,60,0,0,1,0
08:43:41,17.4,60,0,0,1,0
08:44:41,17.4,60,0,0,1,0
08:45:41,17.4,60,0,0,1,0
08:46:42,17.3,60,0,0,1,0
08:47:42,17.4,60,0,0,1,0
08:48:44,17.4,60,0,0,1,0
08:49:42,17.4,60,0,0,1,0
08:50:43,17.4,60,0,0,1,0
08:51:42,17.4,60,0,0,1,0
08:52:42,17.4,60,0,0,1,0
08:53:42,17.4,60,0,0,1,0
08:54:42,17.4,60,0,0,1,0
08:55:42,17.4,60,0,0,1,0
08:56:42,17.4,60,0,0,1,0
08:57:42,17.4,60,0,0,1,0
08:58:42,17.4,60,0,0,1,0
08:59:42,17.4,60,0,0,1,0
09:00:42,17.5,60,0,0,1,0
09:01:42,17.5,60,0,0,1,0
09:02:42,17.5,60,0,0,1,0
09:03:42,17.5,60,0,0,1,0
09:04:42,17.5,60,0,0,1,0
09:05:42,17.5,60,0,0,1,0
09:06:42,17.6,60,0,0,1,0
09:07:42,17.5,60,0,0,1,0
09:08:42,17.5,60,0,0,1,0
09:09:42,17.5,60,0,0,1,0
09:10:42,17.5,60,0,0,1,0
09:11:43,17.5,60,0,0,1,0
09:12:42,17.5,60,0,0,1,0
09:13:42,17.5,60,0,0,1,0
09:14:42,17.5,60,0,0,1,0
09:15:42,17.5,60,0,0,1,0
09:16:42,17.5,60,0,0,1,0
09:17:42,17.5,60,0,0,1,0
09:18:42,17.6,60,0,0,1,0
09:19:43,17.9,60,0,0,1,0
09:20:43,17.8,60,0,0,1,0
09:21:42,17.8,60,0,0,1,0
09:22:42,17.7,60,0,0,1,0
09:23:42,17.7,60,0,0,1,0
09:24:42,17.7,60,0,0,1,0
09:25:42,17.7,60,0,0,1,0
09:26:42,17.6,60,0,0,1,0
09:27:42,17.7,60,0,0,1,0
09:28:42,17.7,60,0,0,1,0
09:29:42,17.7,60,0,0,1,0
09:30:43,17.7,61,0,0,1,0
09:31:42,17.7,61,0,0,1,0
09:32:42,17.7,61,0,0,1,0
09:33:42,17.8,62,0,0,1,0
09:34:42,17.8,61,0,0,1,0
09:35:42,17.8,61,0,0,1,0
09:36:42,17.8,61,0,0,1,0
09:37:42,17.8,61,0,0,1,0
09:38:42,17.8,61,0,0,1,0
09:39:43,17.8,61,0,0,1,0
09:40:43,17.8,61,0,0,1,0
09:41:43,17.8,60,0,0,1,0
09:42:43,17.8,61,0,0,1,0
09:43:44,17.8,60,0,0,1,0
09:44:43,17.8,60,0,0,1,0
09:45:44,17.8,60,0,0,1,0
09:46:43,17.8,60,0,0,1,0
09:47:43,17.8,60,0,0,1,0
09:48:43,17.8,60,0,0,1,0
09:49:43,17.8,60,0,0,1,0
09:50:43,17.8,60,0,0,1,0
09:51:43,17.8,60,0,0,1,0
09:52:43,17.8,60,0,0,1,0
09:53:43,17.9,60,0,0,1,0
09:54:44,17.9,60,0,0,1,0
09:55:44,17.8,60,0,0,1,0
09:56:44,17.8,60,0,0,1,0
09:57:44,17.9,60,0,0,1,0
09:58:45,17.8,60,0,0,1,0
09:59:44,17.9,60,0,0,1,0
10:00:44,17.9,60,0,0,1,0
10:01:44,17.9,60,0,0,1,0
10:02:44,17.8,60,0,0,1,0
10:03:44,17.8,60,0,0,1,0
10:04:44,17.9,60,0,0,1,0
10:05:44,17.9,60,0,0,1,0
10:06:44,17.9,60,0,0,1,0
10:07:44,17.9,60,0,0,1,0
10:08:44,17.9,60,0,0,1,0
10:09:45,17.9,61,0,0,1,0
10:10:45,17.9,60,0,0,1,0
10:13:45,17.9,60,0,0,1,0
10:14:45,18,60,0,0,1,0
10:15:47,18,60,0,0,1,0
10:16:45,18,60,0,0,1,0
10:17:45,18,60,0,0,1,0
10:18:45,18,60,0,0,1,0
10:19:45,18,60,0,0,1,0
10:20:45,18,60,0,0,1,0
10:21:46,18,60,0,0,1,0
10:22:45,18,60,0,0,1,0
10:23:45,18,60,0,0,1,0
10:24:45,18,60,0,0,1,0
10:25:45,18,60,0,0,1,0
10:26:45,18,60,0,0,1,0
10:27:45,18,60,0,0,1,0
10:28:46,18,60,0,0,1,0
10:29:45,18,61,0,0,1,0
10:30:46,18.1,60,0,0,1,0
10:31:48,18.4,62,0,0,1,0
10:32:46,18.5,60,0,0,1,0
10:33:45,18.4,60,0,0,1,0
10:34:45,18.3,60,0,0,1,0
10:35:46,18.3,60,0,0,1,0
10:36:46,18.2,60,0,0,1,0
10:37:47,18.2,60,0,0,1,0
10:38:47,18.2,60,0,0,1,0
10:39:46,18.2,60,0,0,1,0
10:41:46,18.2,60,0,0,1,0
10:42:46,18.2,60,0,0,1,0
10:43:47,18.2,60,0,0,1,0
10:44:46,18.2,60,0,0,1,0
10:45:46,18.1,60,0,0,1,0
10:46:46,18.1,60,0,0,1,0
10:47:46,18.1,60,0,0,1,0
10:48:47,18.1,60,0,0,1,0
10:49:46,18.2,60,0,0,1,0
10:50:46,18.2,60,0,0,1,0
10:52:46,18.3,60,0,0,1,0
10:53:48,18.3,60,0,0,1,0
10:54:46,18.3,60,0,0,1,0
10:55:46,18.3,60,0,0,1,0
10:56:46,18.2,60,0,0,1,0
10:57:46,18.2,60,0,0,1,0
10:58:46,18.2,60,0,0,1,0
10:59:47,18.2,60,0,0,1,0
11:00:46,18.2,60,0,0,1,0
11:01:46,18.2,60,0,0,1,0
11:02:46,18.2,60,0,0,1,0
11:03:46,18.2,60,0,0,1,0
11:04:47,18.2,59,0,0,1,0
11:05:46,18.2,59,0,0,1,0
11:07:47,18.1,59,0,0,1,0
11:08:49,18.2,60,0,0,1,0
11:09:46,18.2,59,0,0,1,0
11:10:46,18.2,59,0,0,1,0
11:11:46,18.2,59,0,0,1,0
11:12:49,18.2,60,0,0,1,0
11:13:46,18.2,60,0,0,1,0
11:14:47,18.2,59,0,0,1,0
11:15:46,18.2,59,0,0,1,0
11:16:46,18.2,59,0,0,1,0
11:17:49,18.2,59,0,0,1,0
11:18:46,18.2,59,0,0,1,0
11:19:46,18.3,59,0,0,1,0
11:20:46,18.3,59,0,0,1,0
11:21:46,18.3,59,0,0,1,0
11:22:47,18.3,59,0,0,1,0
11:23:46,18.3,59,0,0,1,0
11:24:47,18.3,59,0,0,1,0
11:25:46,18.3,59,0,0,1,0
11:26:46,18.3,59,0,0,1,0
11:27:46,18.3,59,0,0,1,0
11:28:46,18.3,60,0,0,1,0
11:29:46,18.2,60,0,0,1,0
11:30:46,18.3,59,0,0,1,0
11:31:47,18.3,59,0,0,1,0
11:32:46,18.3,59,0,0,1,0
11:33:50,18.3,59,0,0,1,0
11:34:46,18.3,59,0,0,1,0
11:35:47,18.3,60,0,0,1,0
11:36:46,18.8,61,0,0,1,0
11:37:46,19.3,62,0,0,1,0
11:38:46,19.3,61,0,0,1,0
11:39:47,19.1,61,0,0,1,0
11:40:46,18.9,61,0,0,1,0
11:41:46,18.8,61,0,0,1,0
11:42:46,18.7,61,0,0,1,0
11:44:46,18.6,60,0,0,1,0
11:45:46,18.6,60,0,0,1,0
11:46:46,18.5,60,0,0,1,0
11:47:46,18.5,60,0,0,1,0
11:48:46,18.5,60,0,0,1,0
11:49:46,18.6,60,0,0,1,0
11:50:46,18.6,61,0,0,1,0
11:51:46,18.6,61,0,0,1,0
11:52:46,18.6,61,0,0,1,0
11:53:47,18.6,61,0,0,1,0
11:54:47,18.6,61,0,0,1,0
11:55:46,18.6,60,0,0,1,0
11:56:46,18.6,60,0,0,1,0
11:57:48,18.6,60,0,0,1,0
11:58:46,18.6,60,0,0,1,0
11:59:47,18.6,60,0,0,1,0
12:00:47,18.6,60,0,0,1,0
12:01:47,18.6,60,0,0,1,0
12:02:47,18.5,60,0,0,1,0
12:03:47,18.5,60,0,0,1,0
12:04:47,18.5,60,0,0,1,0
12:05:47,18.5,60,0,0,1,0
12:06:47,18.5,60,0,0,1,0
12:07:47,18.6,60,0,0,1,0
12:08:47,18.6,60,0,0,1,0
12:09:47,18.6,60,0,0,1,0
12:10:47,18.6,60,0,0,1,0
12:11:47,18.7,61,0,0,1,0
12:12:47,18.7,61,0,0,1,0
12:13:47,18.9,61,0,0,1,0
12:14:47,19.5,61,0,0,1,0
12:16:47,19,60,0,0,1,0
12:17:47,19,60,0,0,1,0
12:18:47,18.8,60,0,0,1,0
12:19:47,18.8,60,0,0,1,0
12:20:47,18.7,60,0,0,1,0
12:21:47,18.7,60,0,0,1,0
12:22:48,18.6,60,0,0,1,0
12:23:47,18.6,60,0,0,1,0
12:24:47,18.6,60,0,0,1,0
12:25:47,18.6,60,0,0,1,0
12:26:47,18.6,60,0,0,1,0
12:27:47,18.6,60,0,0,1,0
12:28:47,18.6,60,0,0,1,0
12:29:47,18.6,60,0,0,1,0
12:30:47,18.7,60,0,0,1,0
12:31:47,18.6,59,0,0,1,0
12:32:47,18.6,60,0,0,1,0
12:33:47,18.6,60,0,0,1,0
12:34:47,18.6,60,0,0,1,0
12:35:47,18.6,60,0,0,1,0
12:36:49,18.5,60,0,0,1,0
12:37:47,18.6,60,0,0,1,0
12:38:47,18.6,60,0,0,1,0
12:39:47,18.5,60,0,0,1,0
12:40:47,18.6,60,0,0,1,0
12:41:47,18.6,60,0,0,1,0
12:42:47,18.6,60,0,0,1,0
12:43:47,18.5,60,0,0,1,0
12:44:47,18.5,60,0,0,1,0
12:45:47,18.5,60,0,0,1,0
12:46:47,18.5,60,0,0,1,0
12:47:47,18.5,60,0,0,1,0
12:48:47,18.5,60,0,0,1,0
12:49:47,18.5,60,0,0,1,0
12:50:47,18.6,60,0,0,1,0
12:51:47,18.6,60,0,0,1,0
12:52:47,18.6,60,0,0,1,0
12:53:47,18.5,60,0,0,1,0
12:54:47,18.5,60,0,0,1,0
12:55:47,18.5,60,0,0,1,0
12:56:47,18.5,60,0,0,1,0
12:57:47,18.5,60,0,0,1,0
12:58:47,18.5,60,0,0,1,0
12:59:47,18.5,60,0,0,1,0
13:00:47,18.5,60,0,0,1,0
13:01:47,18.5,60,0,0,1,0
13:02:47,18.5,60,0,0,1,0
13:03:47,18.6,60,0,0,1,0
13:04:47,18.5,60,0,0,1,0
13:05:47,18.5,60,0,0,1,0
13:06:47,18.5,60,0,0,1,0
13:07:47,18.5,59,0,0,1,0
13:08:47,18.5,59,0,0,1,0
13:09:47,18.5,59,0,0,1,0
13:10:48,18.5,59,0,0,1,0
13:11:48,18.5,59,0,0,1,0
13:12:48,18.5,59,0,0,1,0
13:13:48,18.5,59,0,0,1,0
13:14:48,18.5,59,0,0,1,0
13:15:48,18.5,60,0,0,1,0
13:16:48,18.5,60,0,0,1,0
13:17:48,18.5,60,0,0,1,0
13:18:48,18.5,60,0,0,1,0
13:19:48,18.5,60,0,0,1,0
13:20:48,18.5,59,0,0,1,0
13:21:48,18.5,59,0,0,1,0
13:22:48,18.5,60,0,0,1,0
13:23:48,18.5,59,0,0,1,0
13:24:48,18.5,59,0,0,1,0
13:25:48,18.5,59,0,0,1,0
13:26:48,18.5,59,0,0,1,0
13:27:51,18.5,59,0,0,1,0
13:28:48,18.6,59,0,0,1,0
13:29:52,18.6,59,0,0,1,0
13:33:50,18.6,59,0,0,1,0
13:34:50,18.6,60,0,0,1,0
13:35:49,18.6,60,0,0,1,0
13:37:48,18.6,60,0,0,1,0
13:38:48,18.6,60,0,0,1,0
13:39:48,18.7,60,0,0,1,0
13:40:48,18.7,60,0,0,1,0
13:41:48,18.7,60,0,0,1,0
13:42:52,18.7,60,0,0,1,0
13:43:51,18.7,60,0,0,1,0
13:45:49,18.7,60,0,0,1,0
13:47:52,18.7,60,0,0,1,0
13:48:53,18.8,60,0,0,1,0
13:49:48,18.8,60,0,0,1,0
13:50:48,18.8,60,0,0,1,0
13:51:48,18.8,60,0,0,1,0
13:52:48,18.9,60,0,0,1,0
13:53:48,18.8,60,0,0,1,0
13:54:48,18.9,60,0,0,1,0
13:55:48,18.9,60,0,0,1,0
13:56:48,18.9,61,0,0,1,0
13:57:48,18.9,61,0,0,1,0
13:58:49,18.9,61,0,0,1,0
13:59:48,19.6,68,0,0,1,0
14:00:48,20.4,71,0,0,1,1
14:01:48,21,70,0,0,1,1
14:02:48,20.8,67,0,0,1,0
14:03:48,20.5,66,0,0,1,0
14:04:48,20.2,65,0,0,1,0
14:05:48,20,65,0,0,1,0
14:06:48,19.9,64,0,0,1,0
14:07:48,19.8,64,0,0,1,0
14:08:48,19.7,63,0,0,1,0
14:09:48,19.7,63,0,0,1,0
14:10:48,19.7,62,0,0,1,0
14:11:48,19.6,62,0,0,1,0
14:12:48,19.6,62,0,0,1,0
14:13:48,19.5,61,0,0,1,0
14:14:48,19.5,61,0,0,1,0
14:15:49,19.5,61,0,0,1,0
14:16:48,19.4,61,0,0,1,0
14:17:48,19.4,60,0,0,1,0
14:18:48,19.4,60,0,0,1,0
14:19:48,19.3,60,0,0,1,0
14:20:48,19.3,60,0,0,1,0
14:21:48,19.3,60,0,0,1,0
14:22:48,19.3,60,0,0,1,0
14:23:48,19.3,60,0,0,1,0
14:24:48,19.3,60,0,0,1,0
14:25:48,19.3,60,0,0,1,0
14:26:48,19.2,60,0,0,1,0
14:27:48,19.2,60,0,0,1,0
14:28:50,19.3,59,0,0,1,0
14:29:48,19.2,59,0,0,1,0
14:30:50,19.2,59,0,0,1,0
14:31:48,19.2,59,0,0,1,0
14:32:49,19.2,59,0,0,1,0
14:33:48,19.1,59,0,0,1,0
14:34:48,19.1,59,0,0,1,0
14:35:48,19.1,59,0,0,1,0
14:36:48,19,58,0,0,1,0
14:37:49,19,58,0,0,1,0
14:38:49,19,58,0,0,1,0
14:39:49,19,59,0,0,1,0
14:40:49,18.9,58,0,0,1,0
14:41:49,18.9,58,0,0,1,0
14:42:49,18.9,58,0,0,1,0
14:43:49,18.9,58,0,0,1,0
14:44:49,18.9,58,0,0,1,0
14:45:49,18.8,58,0,0,1,0
14:46:51,18.9,58,0,0,1,0
14:47:50,18.8,58,0,0,1,0
14:48:49,18.9,58,0,0,1,0
14:49:49,18.8,58,0,0,1,0
14:50:49,18.8,58,0,0,1,0
14:51:49,18.8,58,0,0,1,0
14:52:49,18.8,58,0,0,1,0
14:53:49,18.8,58,0,0,1,0
14:54:49,18.8,58,0,0,1,0
14:55:49,18.8,58,0,0,1,0
14:56:49,18.8,58,0,0,1,0
14:57:49,18.8,58,0,0,1,0
14:58:53,18.8,58,0,0,1,0
14:59:50,18.8,58,0,0,1,0
15:00:52,18.8,58,0,0,1,0
15:01:49,18.8,59,0,0,1,0
15:02:49,18.7,59,0,0,1,0
15:03:52,18.8,58,0,0,1,0
15:04:49,18.7,58,0,0,1,0
15:05:49,18.6,58,0,0,1,0
15:06:49,18.7,58,0,0,1,0
15:08:49,18.8,58,0,0,1,0
15:09:49,18.9,59,0,0,1,0
15:10:49,18.9,58,0,0,1,0
15:11:49,18.8,58,0,0,1,0
15:12:49,18.7,57,0,0,1,0
15:13:49,18.6,57,0,0,1,0
15:14:49,18.6,57,0,0,1,0
15:15:49,18.5,57,0,0,1,0
15:16:49,18.5,57,0,0,1,0
15:17:49,18.4,57,0,0,1,0
15:18:49,18.4,57,0,0,1,0
15:19:49,18.5,58,0,0,1,0
15:20:53,18.4,57,0,0,1,0
15:21:50,18.4,57,0,0,1,0
15:22:50,18.4,57,0,0,1,0
15:23:50,18.3,57,0,0,1,0
15:24:50,18.4,57,0,0,1,0
15:25:50,18.3,57,0,0,1,0
15:26:50,18.3,57,0,0,1,0
15:27:50,18.3,57,0,0,1,0
15:28:50,18.3,57,0,0,1,0
15:29:50,18.3,57,0,0,1,0
15:30:50,18.3,57,0,0,1,0
15:31:50,18.3,57,0,0,1,0
15:32:50,18.3,57,0,0,1,0
15:33:53,18.3,57,0,0,1,0
15:34:50,18.2,57,0,0,1,0
15:35:50,18.2,57,0,0,1,0
15:36:50,18.2,57,0,0,1,0
15:37:50,18.2,57,0,0,1,0
15:38:50,18.2,57,0,0,1,0
15:39:50,18.2,57,0,0,1,0
15:40:50,18.2,57,0,0,1,0
15:41:50,18.2,57,0,0,1,0
15:42:50,18.2,57,0,0,1,0
15:43:50,18.4,57,0,0,1,0
15:44:50,18.3,57,0,0,1,0
15:45:50,18.3,57,0,0,1,0
15:46:50,18.2,57,0,0,1,0
15:47:50,18.2,57,0,0,1,0
15:48:50,18.1,57,0,0,1,0
15:49:50,18.2,57,0,0,1,0
15:50:50,18.2,57,0,0,1,0
15:51:50,18.1,57,0,0,1,0
15:52:50,18.2,57,0,0,1,0
15:53:50,18.2,57,0,0,1,0
15:54:50,18.2,57,0,0,1,0
15:55:50,18.2,57,0,0,1,0
15:56:50,18.1,57,0,0,1,0
15:57:50,18.4,57,0,0,1,0
15:58:50,19,57,0,0,1,0
15:59:51,19.4,56,0,0,1,0
16:00:50,19.6,56,0,0,1,0
16:01:50,19.7,55,0,0,1,0
16:02:50,19.7,55,0,0,1,0
16:03:50,19.7,55,0,0,1,0
16:04:50,19.8,55,0,0,1,0
16:05:50,19.8,55,0,0,1,0
16:06:50,19.8,55,0,0,1,0
16:07:50,19.8,55,0,0,1,0
16:08:50,19.8,55,0,0,1,0
16:09:50,19.9,55,0,0,1,0
16:10:50,19.9,55,0,0,1,0
16:11:50,19.9,55,0,0,1,0
16:12:50,19.9,55,0,0,1,0
16:13:50,19.8,55,0,0,1,0
16:14:50,19.9,56,0,0,1,0
16:15:50,19.7,56,0,0,1,0
16:16:50,19.9,56,0,0,1,0
16:17:50,20,56,0,0,1,0
16:18:50,20,55,0,0,1,0
16:19:50,19.9,56,0,0,1,0
16:20:50,20,55,0,0,1,0
16:21:50,19.9,56,0,0,1,0
16:22:50,19.9,55,0,0,1,0
16:23:50,19.9,55,0,0,1,0
16:24:50,19.9,55,0,0,1,0
16:25:50,19.9,55,0,0,1,0
16:26:50,19.9,55,0,0,1,0
16:27:50,20,55,0,0,1,0
16:28:51,20.1,55,0,0,1,0
16:29:52,20,55,0,0,1,0
16:30:50,20,55,0,0,1,0
16:31:50,19.9,55,0,0,1,0
16:32:50,19.8,55,0,0,1,0
16:33:50,19.8,55,0,0,1,0
16:34:50,19.8,55,0,0,1,0
16:35:50,19.7,55,0,0,1,0
16:36:50,19.6,55,0,0,1,0
16:37:50,19.5,56,0,0,1,0
16:38:55,19.2,56,0,0,1,0
16:39:50,19,57,0,0,1,0
16:40:50,18.9,57,0,0,1,0
16:41:50,18.8,57,0,0,1,0
16:42:50,18.8,57,0,0,1,0
16:43:50,18.7,57,0,0,1,0
16:44:50,18.6,57,0,0,1,0
16:45:50,18.6,58,0,0,1,0
16:46:50,18.5,58,0,0,1,0
16:47:50,18.5,58,0,0,1,0
16:48:50,18.5,58,0,0,1,0
16:49:50,18.4,58,0,0,1,0
16:50:50,18.4,58,0,0,1,0
16:51:50,18.5,58,0,0,1,0
16:52:50,18.5,58,0,0,1,0
16:53:50,18.5,58,0,0,1,0
16:54:51,18.4,58,0,0,1,0
16:55:51,18.5,58,0,0,1,0
16:56:51,18.4,58,0,0,1,0
16:57:51,18.4,58,0,0,1,0
16:58:51,18.4,58,0,0,1,0
16:59:51,18.4,58,0,0,1,0
17:00:51,18.3,58,0,0,1,0
17:01:51,18.3,58,0,0,1,0
17:02:51,18.3,58,0,0,1,0
17:03:54,18.3,58,0,0,1,0
17:04:51,18.3,58,0,0,1,0
17:05:51,18.3,58,0,0,1,0
17:06:51,18.3,58,0,0,1,0
17:07:51,18.3,58,0,0,1,0
17:08:51,18.3,59,0,0,1,0
17:09:51,18.3,58,0,0,1,0
17:10:51,18.3,58,0,0,1,0
17:11:51,18.3,58,0,0,1,0
17:12:51,18.3,59,0,0,1,0
17:13:52,18.3,58,0,0,1,0
17:14:51,18.3,58,0,0,1,0
17:15:51,18.3,58,0,0,1,0
17:16:51,18.3,58,0,0,1,0
17:17:51,18.3,58,0,0,1,0
17:18:51,18.3,58,0,0,1,0
17:19:51,18.2,58,0,0,1,0
17:20:51,18.2,58,0,0,1,0
17:21:52,18.2,58,0,0,1,0
17:22:56,18.2,58,0,0,1,0
17:23:51,18.2,58,0,0,1,0
17:24:51,18.2,58,0,0,1,0
17:25:51,18.2,58,0,0,1,0
17:26:51,18.2,58,0,0,1,0
17:27:51,18.2,58,0,0,1,0
17:28:51,18.2,58,0,0,1,0
17:29:51,18.2,58,0,0,1,0
17:30:51,18.2,58,0,0,1,0
17:31:51,18.2,58,0,0,1,0
17:32:51,18.2,58,0,0,1,0
17:33:51,18.2,58,0,0,1,0
17:34:51,18.1,58,0,0,1,0
17:35:51,18.1,58,0,0,1,0
17:36:51,18.2,58,0,0,1,0
17:37:51,18.1,58,0,0,1,0
17:38:51,18.2,58,0,0,1,0
17:39:53,18.1,58,0,0,1,0
17:40:51,18.1,58,0,0,1,0
17:41:51,18.1,58,0,0,1,0
17:42:51,18.1,58,0,0,1,0
17:43:51,18.1,58,0,0,1,0
17:44:51,18.1,58,0,0,1,0
17:45:55,18,58,0,0,1,0
17:46:51,18,58,0,0,1,0
17:47:51,18,58,0,0,1,0
17:48:51,18,58,0,0,1,0
17:49:51,18,58,0,0,1,0
17:50:51,18,58,0,0,1,0
17:51:51,18,58,0,0,1,0
17:52:52,18,58,0,0,1,0
17:53:51,18,58,0,0,1,0
17:54:51,18,58,0,0,1,0
17:55:56,18,58,0,0,1,0
17:56:51,17.9,58,0,0,1,0
17:57:51,17.9,59,0,0,1,0
17:58:52,18,59,0,0,1,0
17:59:51,18,59,0,0,1,0
18:00:51,18,59,0,0,1,0
18:01:51,18,59,0,0,1,0
18:02:51,18,59,0,0,1,0
18:03:51,18,59,0,0,1,0
18:04:51,18,59,0,0,1,0
18:05:51,18,59,0,0,1,0
18:06:51,18,59,0,0,1,0
18:07:51,18,59,0,0,1,0
18:08:51,17.9,59,0,0,1,0
18:09:53,18,59,0,0,1,0
18:10:52,18,58,0,0,1,0
18:11:52,17.9,59,0,0,1,0
18:12:51,17.9,58,0,0,1,0
18:13:54,18,58,0,0,1,0
18:14:51,18,59,0,0,1,0
18:15:51,18,58,0,0,1,0
18:16:51,17.9,59,0,0,1,0
18:17:51,17.9,59,0,0,1,0
18:18:51,17.9,58,0,0,1,0
18:19:51,17.9,59,0,0,1,0
18:20:52,17.9,59,0,0,1,0
18:21:52,17.9,59,0,0,1,0
18:22:52,17.9,58,0,0,1,0
18:23:52,17.9,58,0,0,1,0
18:24:53,17.9,59,0,0,1,0
18:25:52,17.9,59,0,0,1,0
18:26:52,17.9,58,0,0,1,0
18:27:52,17.9,58,0,0,1,0
18:28:52,17.9,58,0,0,1,0
18:29:52,17.9,58,0,0,1,0
18:30:52,17.9,58,0,0,1,0
18:32:52,17.8,58,0,0,1,0
18:33:52,17.8,58,0,0,1,0
18:34:52,17.8,58,0,0,1,0
18:35:52,17.8,58,0,0,1,0
18:36:52,17.8,58,0,0,1,0
18:37:52,17.8,58,0,0,1,0
18:38:52,17.8,58,0,0,1,0
18:39:54,17.8,58,0,0,1,0
18:40:53,17.8,58,0,0,1,0
18:41:52,17.8,58,0,0,1,0
18:42:53,17.8,58,0,0,1,0
18:43:52,17.8,58,0,0,1,0
18:44:52,17.8,58,0,0,1,0
18:45:52,17.8,58,0,0,1,0
18:46:52,17.8,58,0,0,1,0
18:47:52,17.8,58,0,0,1,0
18:48:52,18.1,60,0,0,1,0
18:49:52,18.7,63,0,0,1,0
18:50:52,19.3,65,0,0,1,0
18:51:52,19.7,66,0,0,1,0
18:52:52,19.6,65,0,0,1,0
18:53:52,19.3,64,0,0,1,0
18:54:52,19.1,63,0,0,1,0
18:55:53,18.8,62,0,0,1,0
18:56:53,18.7,62,0,0,1,0
18:57:52,18.5,61,0,0,1,0
18:58:52,18.4,61,0,0,1,0
18:59:52,18.3,61,0,0,1,0
19:00:52,18.2,60,0,0,1,0
19:01:52,18.2,60,0,0,1,0
19:02:52,18.3,60,0,0,1,0
19:03:52,18.2,60,0,0,1,0
19:04:53,18.1,59,0,0,1,0
19:05:52,18.1,59,0,0,1,0
19:06:52,18,59,0,0,1,0
19:07:52,18,59,0,0,1,0
19:08:52,18,59,0,0,1,0
19:09:52,18,59,0,0,1,0
19:10:52,18,59,0,0,1,0
19:11:52,18,59,0,0,1,0
19:12:53,17.9,59,0,0,1,0
19:14:53,17.9,59,0,0,1,0
19:15:53,17.9,59,0,0,1,0
19:16:53,17.9,59,0,0,1,0
19:17:53,17.9,59,0,0,1,0
19:18:53,17.9,59,0,0,1,0
19:19:53,17.9,59,0,0,1,0
19:20:53,17.9,59,0,0,1,0
19:21:53,17.9,59,0,0,1,0
19:22:53,17.8,59,0,0,1,0
19:23:53,17.8,59,0,0,1,0
19:24:53,17.8,59,0,0,1,0
19:25:53,17.7,59,0,0,1,0
19:26:53,17.7,59,0,0,1,0
19:27:53,17.7,59,0,0,1,0
19:28:53,17.7,59,0,0,1,0
19:29:53,17.7,59,0,0,1,0
19:30:53,17.7,59,0,0,1,0
19:31:53,17.7,59,0,0,1,0
19:32:53,17.7,59,0,0,1,0
19:33:53,17.7,59,0,0,1,0
19:34:53,17.7,59,0,0,1,0
19:35:53,17.7,59,0,0,1,0
19:36:53,17.7,59,0,0,1,0
19:37:53,17.7,59,0,0,1,0
19:38:53,17.7,59,0,0,1,0
19:39:53,17.8,59,0,0,1,0
19:40:53,17.7,59,0,0,1,0
19:41:53,17.8,59,0,0,1,0
19:42:53,17.7,59,0,0,1,0
19:43:53,17.7,59,0,0,1,0
19:44:53,17.7,59,0,0,1,0
19:45:53,17.7,59,0,0,1,0
19:46:53,17.7,59,0,0,1,0
19:47:53,17.7,58,0,0,1,0
19:48:53,17.7,58,0,0,1,0
19:49:53,17.7,58,0,0,1,0
19:50:53,17.7,58,0,0,1,0
19:51:53,17.6,58,0,0,1,0
19:52:53,17.6,59,0,0,1,0
19:53:53,17.6,59,0,0,1,0
19:54:53,17.6,58,0,0,1,0
19:55:53,17.6,59,0,0,1,0
19:56:53,17.6,59,0,0,1,0
19:57:53,17.6,59,0,0,1,0
19:58:53,17.5,59,0,0,1,0
19:59:53,17.6,59,0,0,1,0
20:00:53,17.6,58,0,0,1,0
20:01:53,17.5,59,0,0,1,0
20:02:53,17.5,59,0,0,1,0
20:03:53,17.5,59,0,0,1,0
20:04:53,17.5,58,0,0,1,0
20:05:53,17.5,58,0,0,1,0
20:06:53,17.5,58,0,0,1,0
20:07:54,17.5,58,0,0,1,0
20:08:53,17.5,58,0,0,1,0
20:09:55,17.5,58,0,0,1,0
20:10:53,17.5,58,0,0,1,0
20:11:53,17.5,58,0,0,1,0
20:12:53,17.5,58,0,0,1,0
20:13:53,17.5,59,0,0,1,0
20:14:53,17.5,58,0,0,1,0
20:15:53,17.5,58,0,0,1,0
20:16:53,17.5,58,0,0,1,0
20:17:55,17.5,58,0,0,1,0
20:18:54,17.5,58,0,0,1,0
20:19:53,17.5,58,0,0,1,0
20:20:53,17.5,59,0,0,1,0
20:21:53,17.5,58,0,0,1,0
20:22:53,17.5,59,0,0,1,0
20:23:54,17.4,58,0,0,1,0
20:24:54,17.4,58,0,0,1,0
20:25:54,17.5,58,0,0,1,0
20:26:54,17.4,58,0,0,1,0
20:27:54,17.4,58,0,0,1,0
20:28:54,17.4,58,0,0,1,0
20:29:54,17.4,58,0,0,1,0
20:30:54,17.4,59,0,0,1,0
20:31:54,17.4,59,0,0,1,0
20:32:54,17.4,59,0,0,1,0
20:33:54,17.4,58,0,0,1,0
20:34:54,17.4,58,0,0,1,0
20:35:54,17.4,58,0,0,1,0
20:36:54,17.4,58,0,0,1,0
20:37:54,17.4,58,0,0,1,0
20:38:54,17.4,58,0,0,1,0
20:39:54,17.4,58,0,0,1,0
20:40:54,17.4,59,0,0,1,0
20:41:54,17.4,59,0,0,1,0
20:42:54,17.4,59,0,0,1,0
20:43:54,17.3,58,0,0,1,0
20:44:54,17.4,59,0,0,1,0
20:45:54,17.4,59,0,0,1,0
20:46:54,17.4,59,0,0,1,0
20:47:54,17.3,59,0,0,1,0
20:48:54,17.4,59,0,0,1,0
20:49:54,17.4,59,0,0,1,0
20:50:54,17.4,59,0,0,1,0
20:51:54,17.4,59,0,0,1,0
20:52:54,17.4,59,0,0,1,0
20:55:54,17.4,59,0,0,1,0
20:56:54,17.4,59,0,0,1,0
20:57:54,17.4,59,0,0,1,0
20:58:54,17.3,59,0,0,1,0
20:59:54,17.4,59,0,0,1,0
21:01:54,17.4,59,0,0,1,0
21:02:54,17.4,59,0,0,1,0
21:03:54,17.4,59,0,0,1,0
21:04:54,17.3,59,0,0,1,0
21:05:54,17.3,59,0,0,1,0
21:06:54,17.3,59,0,0,1,0
21:07:54,17.3,59,0,0,1,0
21:08:54,17.3,59,0,0,1,0
21:09:54,17.3,59,0,0,1,0
21:10:54,17.3,59,0,0,1,0
21:11:54,17.3,59,0,0,1,0
21:12:54,17.4,59,0,0,1,0
21:13:54,17.3,59,0,0,1,0
21:14:54,17.3,59,0,0,1,0
21:15:54,17.3,59,0,0,1,0
21:16:54,17.3,59,0,0,1,0
21:18:57,17.3,59,0,0,1,0
21:19:54,17.3,59,0,0,1,0
21:20:54,17.4,59,0,0,1,0
21:21:54,17.4,59,0,0,1,0
21:22:54,17.4,59,0,0,1,0
21:23:54,17.4,60,0,0,1,0
21:24:54,17.4,59,0,0,1,0
21:25:54,17.4,59,0,0,1,0
21:26:55,17.4,60,0,0,1,0
21:27:54,17.4,60,0,0,1,0
21:28:54,17.4,60,0,0,1,0
21:29:54,17.4,60,0,0,1,0
21:30:54,17.4,60,0,0,1,0
21:31:54,17.4,60,0,0,1,0
21:32:54,17.4,60,0,0,1,0
21:33:54,17.4,60,0,0,1,0
21:34:54,17.4,59,0,0,1,0
21:35:54,17.3,59,0,0,1,0
21:36:54,17.3,59,0,0,1,0
21:37:54,17.3,59,0,0,1,0
21:38:54,17.3,59,0,0,1,0
21:39:54,17.3,59,0,0,1,0
21:40:54,17.3,59,0,0,1,0
21:41:54,17.3,59,0,0,1,0
21:42:54,17.2,59,0,0,1,0
21:43:54,17.3,59,0,0,1,0
21:44:54,17.3,59,0,0,1,0
21:45:55,17.3,59,0,0,1,0
21:46:55,17.3,59,0,0,1,0
21:47:55,17.3,59,0,0,1,0
21:48:55,17.3,59,0,0,1,0
21:49:55,17.2,59,0,0,1,0
21:50:55,17.2,59,0,0,1,0
21:51:55,17.3,59,0,0,1,0
21:52:55,17.3,59,0,0,1,0
21:53:55,17.3,59,0,0,1,0
21:54:55,17.2,59,0,0,1,0
21:55:55,17.2,59,0,0,1,0
21:56:55,17.2,59,0,0,1,0
21:57:55,17.2,59,0,0,1,0
21:58:55,17.2,59,0,0,1,0
22:00:55,17.3,60,0,0,1,0
22:01:55,17.2,60,0,0,1,0
22:02:55,17.2,60,0,0,1,0
22:03:55,17.3,60,0,0,1,0
22:04:55,17.3,60,0,0,1,0
22:05:55,17.3,60,0,0,1,0
22:06:55,17.3,59,0,0,1,0
22:07:55,17.3,59,0,0,1,0
22:08:55,17.3,60,0,0,1,0
22:09:55,17.3,60,0,0,1,0
22:10:55,17.3,60,0,0,1,0
22:11:55,17.3,60,0,0,1,0
22:12:55,17.3,60,0,0,1,0
22:13:55,17.3,60,0,0,1,0
22:14:55,17.3,60,0,0,1,0
22:15:55,17.3,60,0,0,1,0
22:16:55,17.3,60,0,0,1,0
22:17:55,17.3,60,0,0,1,0
22:18:55,17.3,60,0,0,1,0
22:19:55,17.3,60,0,0,1,0
22:20:55,17.3,60,0,0,1,0
22:21:55,17.3,60,0,0,1,0
22:22:55,17.3,59,0,0,1,0
22:23:55,17.3,59,0,0,1,0
22:24:55,17.3,60,0,0,1,0
22:25:55,17.3,59,0,0,1,0
22:26:55,17.3,59,0,0,1,0
22:27:55,17.2,59,0,0,1,0
22:28:55,17.2,59,0,0,1,0
22:29:55,17.2,59,0,0,1,0
22:30:55,17.2,59,0,0,1,0
22:31:55,17.2,59,0,0,1,0
22:32:55,17.2,59,0,0,1,0
22:33:55,17.2,59,0,0,1,0
22:34:55,17.2,59,0,0,1,0
22:35:55,17.2,60,0,0,1,0
22:36:55,17.2,60,0,0,1,0
22:37:55,17.2,60,0,0,1,0
22:38:55,17.2,60,0,0,1,0
22:39:55,17.2,60,0,0,1,0
22:40:55,17.2,60,0,0,1,0
22:41:55,17.2,60,0,0,1,0
22:42:55,17.2,60,0,0,1,0
22:43:55,17.2,60,0,0,1,0
22:44:55,17.2,60,0,0,1,0
22:45:57,17.2,60,0,0,1,0
22:46:55,17.1,60,0,0,1,0
22:47:55,17.1,60,0,0,1,0
22:48:55,17.2,60,0,0,1,0
22:49:56,17.2,59,0,0,1,0
22:50:55,17.2,59,0,0,1,0
22:51:56,17.2,59,0,0,1,0
22:52:58,17.2,60,0,0,1,0
22:53:55,17.2,60,0,0,1,0
22:54:55,17.2,59,0,0,1,0
22:55:55,17.2,60,0,0,1,0
22:56:55,17.2,60,0,0,1,0
22:57:56,17.2,60,0,0,1,0
22:58:55,17.2,59,0,0,1,0
22:59:55,17.2,59,0,0,1,0
23:00:55,17.1,59,0,0,1,0
23:01:56,17.1,60,0,0,1,0
23:02:55,17.1,60,0,0,1,0
23:03:57,17.1,60,0,0,1,0
23:04:57,17.1,59,0,0,1,0
23:05:55,17.1,60,0,0,1,0
23:06:55,17.1,59,0,0,1,0
23:07:56,17.1,59,0,0,1,0
23:08:55,17.1,59,0,0,1,0
23:09:55,17.1,59,0,0,1,0
23:10:55,17.1,59,0,0,1,0
23:11:55,17,59,0,0,1,0
23:12:55,17.1,59,0,0,1,0
23:13:55,17.1,59,0,0,1,0
23:14:55,17.1,59,0,0,1,0
23:15:55,17.1,59,0,0,1,0
23:16:55,17.1,60,0,0,1,0
23:17:56,17.1,59,0,0,1,0
23:18:56,17.1,59,0,0,1,0
23:19:56,17.1,59,0,0,1,0
23:20:56,17.1,59,0,0,1,0
23:21:56,17.1,59,0,0,1,0
23:22:56,17,59,0,0,1,0
23:23:56,17,59,0,0,1,0
23:24:56,17,59,0,0,1,0
23:25:56,17,59,0,0,1,0
23:27:56,17,59,0,0,1,0
23:28:56,17.1,59,0,0,1,0
23:29:56,17,59,0,0,1,0
23:30:56,17,59,0,0,1,0
23:31:56,17,59,0,0,1,0
23:32:56,17,59,0,0,1,0
23:33:56,17,59,0,0,1,0
23:34:56,17,59,0,0,1,0
23:35:56,17,59,0,0,1,0
23:36:56,17,59,0,0,1,0
23:37:56,17.1,59,0,0,1,0
23:38:56,17,59,0,0,1,0
23:39:56,17,59,0,0,1,0
23:40:56,17,59,0,0,1,0
23:41:56,17,59,0,0,1,0
23:42:56,17,59,0,0,1,0
23:43:56,17,59,0,0,1,0
23:44:56,17,59,0,0,1,0
23:45:56,17,59,0,0,1,0
23:46:56,17,59,0,0,1,0
23:47:56,17,59,0,0,1,0
23:48:56,16.9,60,0,0,1,0
23:49:56,17,60,0,0,1,0
23:50:56,17,60,0,0,1,0
23:51:56,16.9,60,0,0,1,0
23:52:56,16.9,60,0,0,1,0
23:53:56,17,59,0,0,1,0
23:54:57,17,59,0,0,1,0
23:55:56,17,59,0,0,1,0
23:56:56,17,59,0,0,1,0
23:57:56,17,59,0,0,1,0
23:58:56,17,59,0,0,1,0
23:59:56,17,59,0,0,1,0
00:00:56,16.9,59,0,0,1,0
00:01:56,16.9,59,0,0,1,0
00:02:56,16.9,59,0,0,1,0
00:03:56,16.9,59,0,0,1,0
00:04:56,16.9,59,0,0,1,0
00:05:56,16.9,59,0,0,1,0
00:06:56,16.9,59,0,0,1,0
00:07:56,16.9,59,0,0,1,0
00:08:56,16.9,59,0,0,1,0
00:09:57,16.9,59,0,0,1,0
00:10:56,16.9,59,0,0,1,0
00:11:56,16.9,59,0,0,1,0
00:12:56,16.9,59,0,0,1,0
00:13:56,16.9,59,0,0,1,0
00:14:57,16.9,59,0,0,1,0
00:15:57,16.9,59,0,0,1,0
00:16:57,16.9,59,0,0,1,0
00:17:57,17,59,0,0,1,0
00:18:57,17,59,0,0,1,0
00:19:57,16.9,59,0,0,1,0
00:20:57,16.9,59,0,0,1,0
00:21:57,16.9,59,0,0,1,0
00:22:57,16.9,59,0,0,1,0
00:23:57,16.9,59,0,0,1,0
00:24:57,16.9,59,0,0,1,0
00:25:57,16.9,59,0,0,1,0
00:26:57,16.9,60,0,0,1,0
00:27:57,16.9,59,0,0,1,0
00:28:57,16.9,59,0,0,1,0
00:29:57,16.9,59,0,0,1,0
00:30:57,16.9,59,0,0,1,0
00:31:57,16.9,59,0,0,1,0
00:32:57,16.9,59,0,0,1,0
00:33:57,16.9,59,0,0,1,0
00:34:57,16.9,59,0,0,1,0
00:35:57,16.9,60,0,0,1,0
00:36:57,16.9,60,0,0,1,0
00:38:01,16.9,59,0,0,1,0
00:38:57,16.9,59,0,0,1,0
00:39:57,16.9,59,0,0,1,0
00:40:57,16.8,59,0,0,1,0
00:41:57,16.8,59,0,0,1,0
00:42:57,16.8,59,0,0,1,0
00:43:57,16.9,59,0,0,1,0
00:44:57,16.9,59,0,0,1,0
00:45:59,16.8,59,0,0,1,0
00:46:59,16.9,59,0,0,1,0
00:47:57,16.9,59,0,0,1,0
00:48:57,16.9,59,0,0,1,0
00:49:57,16.8,59,0,0,1,0
00:50:57,16.9,59,0,0,1,0
00:51:57,16.8,59,0,0,1,0
00:53:00,16.8,59,0,0,1,0
00:53:57,16.8,59,0,0,1,0
00:54:57,16.8,59,0,0,1,0
00:55:57,16.8,59,0,0,1,0
00:56:57,16.9,59,0,0,1,0
00:57:57,16.8,59,0,0,1,0
00:58:57,16.8,59,0,0,1,0
00:59:57,16.9,59,0,0,1,0
01:00:57,16.8,59,0,0,1,0
01:01:57,16.8,59,0,0,1,0
01:02:57,16.8,59,0,0,1,0
01:03:57,16.8,59,0,0,1,0
01:04:57,16.8,59,0,0,1,0
01:05:57,16.8,59,0,0,1,0
01:06:57,16.8,59,0,0,1,0
01:07:57,16.8,59,0,0,1,0
01:08:57,16.8,59,0,0,1,0
01:09:59,16.7,59,0,0,1,0
01:10:57,16.8,59,0,0,1,0
01:11:57,16.7,59,0,0,1,0
01:12:57,16.8,59,0,0,1,0
01:13:57,16.7,59,0,0,1,0
01:14:57,16.8,59,0,0,1,0
01:15:57,16.8,59,0,0,1,0
01:16:57,16.8,59,0,0,1,0
01:17:57,16.8,59,0,0,1,0
01:18:57,16.8,59,0,0,1,0
01:19:58,16.7,59,0,0,1,0
01:20:58,16.8,59,0,0,1,0
01:21:58,16.8,59,0,0,1,0
01:22:57,16.8,59,0,0,1,0
01:24:58,16.7,59,0,0,1,0
01:25:58,16.7,59,0,0,1,0
01:29:01,16.7,59,0,0,1,0
01:37:58,16.7,59,0,0,1,0
01:38:57,16.6,59,0,0,1,0
01:39:57,16.6,59,0,0,1,0
01:40:57,16.7,59,0,0,1,0
01:41:57,16.7,59,0,0,1,0
01:42:59,16.7,59,0,0,1,0
01:44:57,16.7,59,0,0,1,0
01:45:57,16.6,59,0,0,1,0
01:46:58,16.7,59,0,0,1,0
01:47:57,16.6,59,0,0,1,0
01:48:57,16.6,59,0,0,1,0
01:49:57,16.7,59,0,0,1,0
01:50:57,16.6,59,0,0,1,0
01:51:57,16.6,59,0,0,1,0
01:52:58,16.6,59,0,0,1,0
01:53:57,16.6,59,0,0,1,0
01:54:57,16.6,59,0,0,1,0
01:55:57,16.7,59,0,0,1,0
01:56:57,16.7,59,0,0,1,0
01:57:57,16.6,59,0,0,1,0
01:58:58,16.6,59,0,0,1,0
01:59:58,16.6,59,0,0,1,0
02:00:58,16.6,59,0,0,1,0
02:01:58,16.6,59,0,0,1,0
02:02:58,16.6,59,0,0,1,0
02:04:59,16.6,59,0,0,1,0
02:05:59,16.6,59,0,0,1,0
02:06:58,16.6,59,0,0,1,0
02:07:59,16.6,59,0,0,1,0
02:08:59,16.6,59,0,0,1,0
02:09:58,16.6,59,0,0,1,0
02:10:58,16.6,59,0,0,1,0
02:11:58,16.6,59,0,0,1,0
02:12:58,16.5,59,0,0,1,0
02:14:02,16.6,59,0,0,1,0
02:15:00,16.6,59,0,0,1,0
02:16:00,16.6,59,0,0,1,0
02:18:00,16.5,59,0,0,1,0
02:20:59,16.5,59,0,0,1,0
02:22:00,16.5,59,0,0,1,0
02:23:02,16.5,59,0,0,1,0
02:23:58,16.5,59,0,0,1,0
02:24:58,16.5,59,0,0,1,0
02:25:58,16.5,59,0,0,1,0
02:26:58,16.5,59,0,0,1,0
02:27:58,16.5,59,0,0,1,0
02:28:58,16.5,59,0,0,1,0
02:29:58,16.6,59,0,0,1,0
02:30:58,16.5,59,0,0,1,0
02:31:58,16.5,59,0,0,1,0
02:32:58,16.5,59,0,0,1,0
02:33:58,16.5,59,0,0,1,0
02:34:58,16.5,59,0,0,1,0
02:35:58,16.5,59,0,0,1,0
02:36:58,16.5,59,0,0,1,0
02:37:58,16.5,59,0,0,1,0
02:38:58,16.5,59,0,0,1,0
02:39:58,16.5,59,0,0,1,0
02:40:58,16.5,59,0,0,1,0
02:41:58,16.6,60,0,0,1,0
02:42:58,17,65,0,0,1,0
02:43:58,17.7,68,0,0,1,0
02:44:58,18.3,69,0,0,1,0
02:45:58,18.3,67,0,0,1,0
02:46:58,18,66,0,0,1,0
02:47:58,17.7,65,0,0,1,0
02:48:58,17.6,64,0,0,1,0
02:49:58,17.4,63,0,0,1,0
02:50:58,17.3,62,0,0,1,0
02:51:58,17.2,62,0,0,1,0
02:53:01,17.1,61,0,0,1,0
02:53:58,17,61,0,0,1,0
02:54:58,17,61,0,0,1,0
02:55:58,17,61,0,0,1,0
02:56:58,16.9,60,0,0,1,0
02:57:58,16.9,60,0,0,1,0
02:58:58,16.9,60,0,0,1,0
02:59:58,16.9,60,0,0,1,0
03:00:58,16.8,60,0,0,1,0
03:01:58,16.8,60,0,0,1,0
03:02:58,16.8,60,0,0,1,0
03:03:58,16.8,60,0,0,1,0
03:04:58,16.8,59,0,0,1,0
03:05:58,16.8,59,0,0,1,0
03:06:58,16.7,59,0,0,1,0
03:07:59,16.8,59,0,0,1,0
03:08:58,16.8,59,0,0,1,0
03:09:58,16.8,59,0,0,1,0
03:10:58,16.8,59,0,0,1,0
03:11:58,16.7,59,0,0,1,0
03:12:58,16.7,59,0,0,1,0
03:13:58,16.7,59,0,0,1,0
03:14:58,16.7,59,0,0,1,0
03:15:58,16.7,59,0,0,1,0
03:16:58,16.7,59,0,0,1,0
03:17:58,16.7,59,0,0,1,0
03:18:59,16.7,59,0,0,1,0
03:19:58,16.6,59,0,0,1,0
03:20:58,16.6,59,0,0,1,0
03:21:58,16.6,59,0,0,1,0
03:23:01,16.6,59,0,0,1,0
03:23:58,16.6,59,0,0,1,0
03:24:58,16.6,59,0,0,1,0
03:25:58,16.6,59,0,0,1,0
03:26:58,16.6,59,0,0,1,0
03:27:58,16.6,59,0,0,1,0
03:28:58,16.6,59,0,0,1,0
03:29:58,16.6,59,0,0,1,0
03:30:58,16.6,59,0,0,1,0
03:31:58,16.8,63,0,0,1,0
03:32:58,17.5,67,0,0,1,0
03:33:58,18.1,69,0,0,1,0
03:34:59,18.6,70,0,0,1,0
03:35:58,18.5,68,0,0,1,0
03:36:58,18.2,66,0,0,1,0
03:38:00,17.9,65,0,0,1,0
03:38:59,17.7,64,0,0,1,0
03:39:59,17.5,63,0,0,1,0
03:40:59,17.4,62,0,0,1,0
03:41:59,17.3,62,0,0,1,0
03:42:59,17.2,62,0,0,1,0
03:43:59,17.2,61,0,0,1,0
03:44:59,17.1,61,0,0,1,0
03:45:59,17,61,0,0,1,0
03:46:59,17,61,0,0,1,0
03:47:59,17,61,0,0,1,0
03:48:59,17,60,0,0,1,0
03:49:59,16.9,60,0,0,1,0
03:50:59,16.9,60,0,0,1,0
03:51:59,16.9,60,0,0,1,0
03:52:59,16.8,60,0,0,1,0
03:53:59,16.8,60,0,0,1,0
03:54:59,16.8,60,0,0,1,0
03:56:00,16.8,60,0,0,1,0
03:56:59,16.8,60,0,0,1,0
03:57:59,16.9,59,0,0,1,0
03:58:59,16.8,60,0,0,1,0
03:59:59,16.8,59,0,0,1,0
04:00:59,16.8,59,0,0,1,0
04:01:59,16.8,59,0,0,1,0
04:02:59,16.8,59,0,0,1,0
04:03:59,16.8,59,0,0,1,0
04:04:59,16.8,59,0,0,1,0
04:05:59,16.8,59,0,0,1,0
04:06:59,16.7,59,0,0,1,0
04:07:59,16.7,59,0,0,1,0
04:08:59,16.7,59,0,0,1,0
04:09:59,16.7,59,0,0,1,0
04:10:59,16.7,59,0,0,1,0
04:11:59,16.7,59,0,0,1,0
04:12:59,16.7,59,0,0,1,0
04:13:59,16.6,59,0,0,1,0
04:14:59,16.6,59,0,0,1,0
04:15:59,16.6,59,0,0,1,0
04:16:59,16.7,59,0,0,1,0
04:17:59,16.6,59,0,0,1,0
04:18:59,16.6,59,0,0,1,0
04:19:59,16.6,59,0,0,1,0
04:20:59,16.6,59,0,0,1,0
04:21:59,16.6,59,0,0,1,0
04:22:59,16.6,59,0,0,1,0
04:23:59,16.8,63,0,0,1,0
04:24:59,17.4,67,0,0,1,0
04:25:59,18,69,0,0,1,0
04:26:59,18.5,71,0,0,1,1
04:27:59,18.8,70,0,0,1,0
04:28:59,18.5,67,0,0,1,0
04:29:59,18.2,66,0,0,1,0
04:30:59,17.9,65,0,0,1,0
04:31:59,17.7,64,0,0,1,0
04:32:59,17.5,63,0,0,1,0
04:33:59,17.5,62,0,0,1,0
04:34:59,17.3,62,0,0,1,0
04:35:59,17.3,62,0,0,1,0
04:36:59,17.2,61,0,0,1,0
04:38:01,17.2,61,0,0,1,0
04:38:59,17.1,61,0,0,1,0
04:39:59,17.1,60,0,0,1,0
04:40:59,17,60,0,0,1,0
04:41:59,17,60,0,0,1,0
04:42:59,17,60,0,0,1,0
04:44:00,17,60,0,0,1,0
04:45:00,16.9,60,0,0,1,0
04:46:00,16.9,60,0,0,1,0
04:47:00,16.9,60,0,0,1,0
04:48:00,16.9,60,0,0,1,0
04:49:00,16.8,59,0,0,1,0
04:50:00,16.8,59,0,0,1,0
04:51:00,16.8,59,0,0,1,0
04:52:00,16.8,59,0,0,1,0
04:53:00,16.7,59,0,0,1,0
04:54:00,16.8,59,0,0,1,0
04:55:00,16.7,59,0,0,1,0
04:56:00,16.7,59,0,0,1,0
04:57:00,16.7,59,0,0,1,0
04:58:00,16.6,59,0,0,1,0
04:59:00,16.7,59,0,0,1,0
05:00:00,16.6,59,0,0,1,0
05:01:00,16.7,59,0,0,1,0
05:02:00,16.6,59,0,0,1,0
05:03:00,16.6,59,0,0,1,0
05:04:04,16.6,59,0,0,1,0
05:05:00,16.6,59,0,0,1,0
05:06:00,16.6,59,0,0,1,0
05:07:00,16.6,59,0,0,1,0
05:08:00,16.6,59,0,0,1,0
05:09:00,16.6,59,0,0,1,0
05:10:00,16.6,59,0,0,1,0
05:11:00,16.5,59,0,0,1,0
05:12:00,16.5,59,0,0,1,0
05:13:00,16.6,59,0,0,1,0
05:14:00,16.6,59,0,0,1,0
05:15:00,16.5,59,0,0,1,0
05:16:00,16.5,59,0,0,1,0
05:17:00,16.5,59,0,0,1,0
05:19:00,16.5,59,0,0,1,0
05:20:02,16.5,59,0,0,1,0
05:21:00,16.5,59,0,0,1,0
05:22:00,16.5,59,0,0,1,0
05:23:00,16.5,59,0,0,1,0
05:24:00,16.5,59,0,0,1,0
05:25:00,16.4,59,0,0,1,0
05:26:00,16.4,59,0,0,1,0
05:27:00,16.5,59,0,0,1,0
05:28:00,16.5,59,0,0,1,0
05:29:00,16.5,59,0,0,1,0
05:30:00,16.5,59,0,0,1,0
05:31:00,16.4,59,0,0,1,0
05:32:00,16.4,59,0,0,1,0
05:33:03,16.4,59,0,0,1,0
05:34:00,16.4,59,0,0,1,0
05:35:00,16.4,59,0,0,1,0
05:36:00,16.4,59,0,0,1,0
05:37:00,16.6,62,0,0,1,0
05:38:00,17.3,67,0,0,1,0
05:39:00,18,69,0,0,1,0
05:40:00,18.5,71,0,0,1,1
05:41:00,18.8,72,0,0,1,1
05:42:00,18.9,71,0,0,1,1
05:43:00,18.6,69,0,0,1,0
05:44:00,18.3,67,0,0,1,0
05:45:00,18,66,0,0,1,0
05:46:00,17.8,65,0,0,1,0
05:47:00,17.6,64,0,0,1,0
05:48:00,17.5,63,0,0,1,0
05:49:00,17.4,62,0,0,1,0
05:50:00,17.3,62,0,0,1,0
05:51:00,17.3,61,0,0,1,0
05:52:00,17.3,61,0,0,1,0
05:53:03,17.2,61,0,0,1,0
05:54:00,17.1,61,0,0,1,0
05:55:00,17,60,0,0,1,0
05:56:00,17,60,0,0,1,0
05:57:00,16.9,60,0,0,1,0
05:58:00,16.9,60,0,0,1,0
05:59:00,16.9,60,0,0,1,0
06:00:00,16.9,60,0,0,1,0
06:01:00,16.9,60,0,0,1,0
06:02:00,16.9,60,0,0,1,0
06:03:03,16.8,59,0,0,1,0
06:04:00,16.8,59,0,0,1,0
06:05:00,16.8,59,0,0,1,0
06:06:00,16.8,59,0,0,1,0
06:07:03,16.8,59,0,0,1,0
06:08:00,16.7,59,0,0,1,0
06:09:00,16.6,59,0,0,1,0
06:10:00,16.6,59,0,0,1,0
06:11:00,16.6,59,0,0,1,0
06:12:00,16.6,59,0,0,1,0
06:13:00,16.6,59,0,0,1,0
06:14:00,16.6,59,0,0,1,0
06:15:00,16.6,59,0,0,1,0
06:16:00,16.6,59,0,0,1,0
06:17:00,16.6,59,0,0,1,0
06:18:02,16.6,59,0,0,1,0
06:19:00,16.6,59,0,0,1,0
06:20:00,16.5,59,0,0,1,0
06:21:03,16.5,59,0,0,1,0
06:22:02,16.5,59,0,0,1,0
06:23:01,16.8,63,0,0,1,0
06:24:01,17.5,67,0,0,1,0
06:25:03,18,69,0,0,1,0
06:26:01,18.5,71,0,0,1,1
06:27:01,18.9,72,0,0,1,1
06:28:01,18.8,69,0,0,1,0
06:29:01,18.4,67,0,0,1,0
06:30:01,18.1,66,0,0,1,0
06:31:01,17.9,65,0,0,1,0
06:32:01,17.7,64,0,0,1,0
06:33:01,17.6,63,0,0,1,0
06:34:01,17.5,62,0,0,1,0
06:35:01,17.4,62,0,0,1,0
06:36:01,17.3,62,0,0,1,0
06:37:02,17.2,61,0,0,1,0
06:38:01,17.2,61,0,0,1,0
06:39:01,17.1,60,0,0,1,0
06:40:01,17.1,60,0,0,1,0
06:41:01,17,60,0,0,1,0
06:42:01,17,60,0,0,1,0
06:43:01,16.9,60,0,0,1,0
06:44:01,16.9,60,0,0,1,0
06:45:01,16.9,60,0,0,1,0
06:46:01,16.8,60,0,0,1,0
06:47:01,16.8,59,0,0,1,0
06:48:01,16.8,59,0,0,1,0
06:49:01,16.8,59,0,0,1,0
06:50:01,16.7,59,0,0,1,0
06:51:01,16.7,59,0,0,1,0
06:52:01,16.7,59,0,0,1,0
06:53:01,16.6,59,0,0,1,0
06:54:01,16.6,59,0,0,1,0
06:55:01,16.6,59,0,0,1,0
06:56:01,16.7,59,0,0,1,0
06:57:01,16.6,59,0,0,1,0
06:58:01,16.6,59,0,0,1,0
06:59:01,16.6,59,0,0,1,0
07:00:01,16.6,59,0,0,1,0
07:01:01,16.6,59,0,0,1,0
07:02:01,16.6,59,0,0,1,0
07:03:01,16.6,59,0,0,1,0
07:04:01,16.6,59,0,0,1,0
07:05:01,16.5,59,0,0,1,0
07:06:01,16.5,59,0,0,1,0
07:07:01,16.5,59,0,0,1,0
07:08:01,16.5,59,0,0,1,0
07:09:01,16.5,59,0,0,1,0
07:10:01,16.5,59,0,0,1,0
07:11:01,16.5,59,0,0,1,0
07:12:01,16.5,59,0,0,1,0
07:13:01,16.5,59,0,0,1,0
07:14:01,16.5,60,0,0,1,0
07:15:01,16.9,64,0,0,1,0
07:16:01,17.6,68,0,0,1,0
07:17:01,18.2,70,0,0,1,0
07:18:01,18.4,70,0,0,1,0
07:19:01,18.3,67,0,0,1,0
07:20:01,18,66,0,0,1,0
07:21:01,17.7,65,0,0,1,0
07:22:02,17.6,64,0,0,1,0
07:23:06,17.4,63,0,0,1,0
07:24:04,17.3,63,0,0,1,0
07:25:01,17.2,62,0,0,1,0
07:26:01,17.2,61,0,0,1,0
07:27:01,17.1,61,0,0,1,0
07:28:01,17,61,0,0,1,0
07:29:01,17,61,0,0,1,0
07:30:01,17,60,0,0,1,0
07:31:01,16.9,60,0,0,1,0
07:32:02,16.9,60,0,0,1,0
07:33:02,16.9,60,0,0,1,0
07:34:02,16.9,60,0,0,1,0
07:35:02,16.9,60,0,0,1,0
07:36:02,16.9,60,0,0,1,0
07:37:02,16.8,60,0,0,1,0
07:38:03,16.8,60,0,0,1,0
07:39:02,16.8,60,0,0,1,0
07:40:02,16.8,60,0,0,1,0
07:41:02,16.7,60,0,0,1,0
07:42:02,16.8,60,0,0,1,0
07:43:02,16.7,60,0,0,1,0
07:44:02,16.7,60,0,0,1,0
07:45:02,16.8,60,0,0,1,0
07:46:02,16.7,59,0,0,1,0
07:47:02,16.7,59,0,0,1,0
07:48:02,16.7,60,0,0,1,0
07:49:02,16.7,59,0,0,1,0
07:50:02,16.7,60,0,0,1,0
07:51:02,16.7,60,0,0,1,0
07:52:03,16.7,60,0,0,1,0
07:54:02,16.7,59,0,0,1,0
07:55:02,16.7,59,0,0,1,0
07:56:04,16.7,60,0,0,1,0
07:57:02,16.6,59,0,0,1,0
07:58:02,16.6,60,0,0,1,0
07:59:02,16.6,59,0,0,1,0
08:00:02,16.6,60,0,0,1,0
08:01:02,16.6,60,0,0,1,0
08:02:02,16.7,60,0,0,1,0
08:03:02,16.6,60,0,0,1,0
08:04:02,16.6,60,0,0,1,0
08:05:02,16.6,60,0,0,1,0
08:06:02,16.9,60,0,0,1,0
08:07:02,16.9,60,0,0,1,0
08:08:05,16.9,60,0,0,1,0
08:09:02,16.9,61,0,0,1,0
08:10:02,17,62,0,0,1,0
08:11:02,17,62,0,0,1,0
08:12:02,17.1,63,0,0,1,0
08:13:02,17.1,63,0,0,1,0
08:14:02,17.1,63,0,0,1,0
08:15:02,17.1,64,0,0,1,0
08:16:02,17.1,64,0,0,1,0
08:17:02,17.2,64,0,0,1,0
08:18:02,17.2,64,0,0,1,0
08:19:02,17.2,63,0,0,1,0
08:20:02,17.2,63,0,0,1,0
08:21:02,17.2,63,0,0,1,0
08:22:04,17.3,62,0,0,1,0
08:23:02,17.2,62,0,0,1,0
08:24:02,17.2,62,0,0,1,0
08:25:02,17.2,62,0,0,1,0
08:26:02,17.2,62,0,0,1,0
08:27:02,17.2,62,0,0,1,0
08:28:02,17.2,61,0,0,1,0
08:29:02,17.2,61,0,0,1,0
08:30:02,17.2,61,0,0,1,0
08:31:02,17.2,61,0,0,1,0
08:32:02,17.3,61,0,0,1,0
08:33:02,17.2,61,0,0,1,0
08:34:02,17.2,61,0,0,1,0
08:35:02,17.2,61,0,0,1,0
08:36:02,17.1,61,0,0,1,0
08:37:02,17.2,61,0,0,1,0
08:38:02,17.1,61,0,0,1,0
08:39:02,17.1,61,0,0,1,0
08:40:02,17.1,61,0,0,1,0
08:41:02,17.2,61,0,0,1,0
08:42:02,17.2,61,0,0,1,0
08:43:02,17.2,61,0,0,1,0
08:44:02,17.2,61,0,0,1,0
08:45:02,17.2,61,0,0,1,0
08:46:02,17.2,60,0,0,1,0
08:47:03,17.2,60,0,0,1,0
08:48:03,17.2,61,0,0,1,0
08:49:03,17.2,61,0,0,1,0
08:50:03,17.3,61,0,0,1,0
08:51:03,17.3,62,0,0,1,0
08:52:03,17.3,62,0,0,1,0
08:53:03,17.4,63,0,0,1,0
08:54:06,17.4,63,0,0,1,0
08:55:03,17.4,63,0,0,1,0
08:56:03,17.4,64,0,0,1,0
08:57:03,17.4,64,0,0,1,0
08:58:03,17.4,64,0,0,1,0
08:59:03,17.4,64,0,0,1,0
09:00:03,17.5,64,0,0,1,0
09:01:03,17.5,64,0,0,1,0
09:02:03,17.5,64,0,0,1,0
09:03:06,17.6,64,0,0,1,0
09:04:03,17.6,64,0,0,1,0
09:05:03,17.6,64,0,0,1,0
09:06:03,17.7,64,0,0,1,0
09:07:03,17.8,63,0,0,1,0
09:08:03,17.7,63,0,0,1,0
09:09:06,17.6,62,0,0,1,0
09:10:03,17.6,62,0,0,1,0
09:11:03,17.6,62,0,0,1,0
09:12:03,17.5,62,0,0,1,0
09:13:03,17.5,62,0,0,1,0
09:14:03,17.5,62,0,0,1,0
09:15:03,17.5,62,0,0,1,0
09:16:03,17.5,62,0,0,1,0
09:17:03,17.5,62,0,0,1,0
09:18:03,17.5,62,0,0,1,0
09:19:03,17.6,62,0,0,1,0
09:20:03,17.6,62,0,0,1,0
09:21:03,17.6,62,0,0,1,0
09:22:03,17.6,62,0,0,1,0
09:23:03,17.6,62,0,0,1,0
09:24:03,17.6,62,0,0,1,0
09:25:03,17.6,62,0,0,1,0
09:26:03,17.6,62,0,0,1,0
09:27:03,17.6,62,0,0,1,0
09:28:03,17.6,62,0,0,1,0
09:29:03,17.6,62,0,0,1,0
09:30:03,17.7,62,0,0,1,0
09:31:03,17.7,62,0,0,1,0
09:32:06,17.6,62,0,0,1,0
09:33:03,17.6,62,0,0,1,0
09:34:03,17.7,62,0,0,1,0
09:35:04,17.6,62,0,0,1,0
09:36:03,17.6,62,0,0,1,0
09:37:05,17.7,62,0,0,1,0
09:38:03,17.7,62,0,0,1,0
09:39:03,17.7,62,0,0,1,0
09:40:03,17.7,62,0,0,1,0
09:41:03,17.7,62,0,0,1,0
09:42:03,17.8,62,0,0,1,0
09:43:08,17.8,62,0,0,1,0
09:44:03,17.7,62,0,0,1,0
09:45:03,17.8,62,0,0,1,0
09:46:03,17.8,62,0,0,1,0
09:47:03,17.8,62,0,0,1,0
09:48:03,17.8,62,0,0,1,0
09:49:03,17.8,61,0,0,1,0
09:50:05,17.8,62,0,0,1,0
09:51:03,17.8,62,0,0,1,0
09:52:03,17.8,62,0,0,1,0
09:53:03,17.8,62,0,0,1,0
09:54:03,17.8,62,0,0,1,0
09:55:03,17.8,62,0,0,1,0
09:56:03,17.8,62,0,0,1,0
09:57:03,17.8,61,0,0,1,0
09:58:03,17.8,61,0,0,1,0
09:59:03,17.8,61,0,0,1,0
10:00:03,17.8,61,0,0,1,0
10:01:03,17.8,61,0,0,1,0
10:02:03,17.8,61,0,0,1,0
10:03:03,17.8,62,0,0,1,0
10:04:03,17.8,62,0,0,1,0
10:05:03,17.8,62,0,0,1,0
10:06:03,17.8,62,0,0,1,0
10:07:03,17.8,62,0,0,1,0
10:08:03,17.9,62,0,0,1,0
10:10:03,17.8,61,0,0,1,0
10:11:03,17.8,61,0,0,1,0
10:12:03,17.8,61,0,0,1,0
10:13:03,17.8,61,0,0,1,0
10:14:03,17.9,61,0,0,1,0
10:15:03,17.9,61,0,0,1,0
10:16:03,17.9,62,0,0,1,0
10:17:03,17.9,62,0,0,1,0
10:18:03,17.9,62,0,0,1,0
10:19:03,17.9,62,0,0,1,0
10:20:03,17.9,62,0,0,1,0
10:21:03,18,62,0,0,1,0
10:22:03,17.9,61,0,0,1,0
10:23:03,17.9,61,0,0,1,0
10:24:03,17.9,61,0,0,1,0
10:25:03,17.9,61,0,0,1,0
10:26:03,18,61,0,0,1,0
10:27:03,17.9,61,0,0,1,0
10:28:03,17.9,61,0,0,1,0
10:29:03,17.9,62,0,0,1,0
10:30:03,18.2,63,0,0,1,0
10:31:03,18.5,62,0,0,1,0
10:32:03,18.3,62,0,0,1,0
10:33:03,18.3,62,0,0,1,0
10:34:03,18.2,62,0,0,1,0
10:35:03,18.2,62,0,0,1,0
10:36:03,18.2,62,0,0,1,0
10:37:03,18.2,62,0,0,1,0
10:38:03,18.2,62,0,0,1,0
10:39:03,18.2,62,0,0,1,0
10:40:03,18.2,62,0,0,1,0
10:41:03,18.2,63,0,0,1,0
10:42:03,18.2,63,0,0,1,0
10:43:03,18.2,63,0,0,1,0
10:44:03,18.2,63,0,0,1,0
10:45:03,18.2,63,0,0,1,0
10:46:03,18.3,63,0,0,1,0
10:47:03,18.2,63,0,0,1,0
10:48:04,18.3,62,0,0,1,0
10:49:03,18.3,63,0,0,1,0
10:50:04,18.3,62,0,0,1,0
10:51:04,18.3,62,0,0,1,0
10:52:04,18.3,62,0,0,1,0
10:53:04,18.3,62,0,0,1,0
10:54:07,18.3,62,0,0,1,0
10:55:04,18.3,62,0,0,1,0
10:56:04,18.3,63,0,0,1,0
10:57:04,18.3,62,0,0,1,0
10:58:04,18.3,62,0,0,1,0
10:59:04,18.3,62,0,0,1,0
11:00:04,18.3,62,0,0,1,0
11:01:04,18.3,62,0,0,1,0
11:02:04,18.3,62,0,0,1,0
11:03:04,18.3,62,0,0,1,0
11:04:04,18.3,62,0,0,1,0
11:05:04,18.3,62,0,0,1,0
11:06:04,18.3,62,0,0,1,0
11:07:04,18.3,62,0,0,1,0
11:08:04,18.3,62,0,0,1,0
11:09:04,18.4,62,0,0,1,0
11:10:04,18.3,62,0,0,1,0
11:11:04,18.4,62,0,0,1,0
11:12:04,18.4,62,0,0,1,0
11:13:04,18.4,62,0,0,1,0
11:14:04,18.3,62,0,0,1,0
11:15:04,18.4,62,0,0,1,0
11:16:04,18.4,62,0,0,1,0
11:17:04,18.4,62,0,0,1,0
11:18:04,18.4,62,0,0,1,0
11:19:04,18.4,62,0,0,1,0
11:20:04,18.4,62,0,0,1,0
11:21:04,18.4,62,0,0,1,0
11:22:04,18.4,62,0,0,1,0
11:23:04,18.4,62,0,0,1,0
11:24:04,18.4,62,0,0,1,0
11:25:05,18.4,62,0,0,1,0
11:26:05,18.4,62,0,0,1,0
11:27:05,18.4,62,0,0,1,0
11:28:05,18.4,62,0,0,1,0
11:29:05,18.4,62,0,0,1,0
11:30:05,18.4,62,0,0,1,0
11:31:05,18.4,62,0,0,1,0
11:32:05,18.4,62,0,0,1,0
11:33:05,18.4,62,0,0,1,0
11:34:05,18.5,62,0,0,1,0
11:35:05,18.5,62,0,0,1,0
11:36:05,18.5,62,0,0,1,0
11:37:05,18.5,62,0,0,1,0
11:38:05,18.5,62,0,0,1,0
11:39:05,18.5,62,0,0,1,0
11:40:05,18.5,62,0,0,1,0
11:41:05,18.5,62,0,0,1,0
11:42:05,18.5,62,0,0,1,0
11:43:05,18.5,62,0,0,1,0
11:44:05,18.5,62,0,0,1,0
11:45:05,18.5,62,0,0,1,0
11:46:05,18.5,62,0,0,1,0
11:47:05,18.5,62,0,0,1,0
11:48:05,18.5,62,0,0,1,0
11:49:05,18.5,62,0,0,1,0
11:50:05,18.5,62,0,0,1,0
11:51:05,18.5,62,0,0,1,0
11:52:05,18.5,62,0,0,1,0
11:53:05,18.5,62,0,0,1,0
11:54:05,18.5,62,0,0,1,0
11:55:05,18.5,62,0,0,1,0
11:56:05,18.5,62,0,0,1,0
11:57:05,18.5,62,0,0,1,0
11:58:05,18.5,62,0,0,1,0
11:59:05,18.5,62,0,0,1,0
12:00:05,18.5,62,0,0,1,0
12:01:05,18.5,62,0,0,1,0
12:02:05,18.5,62,0,0,1,0
12:03:05,18.5,62,0,0,1,0
12:04:05,18.5,62,0,0,1,0
12:05:05,18.9,63,0,0,1,0
12:06:05,18.8,63,0,0,1,0
12:07:05,18.8,63,0,0,1,0
12:08:05,18.7,63,0,0,1,0
12:09:05,18.7,63,0,0,1,0
12:10:05,18.7,63,0,0,1,0
12:11:05,18.7,63,0,0,1,0
12:12:05,18.7,62,0,0,1,0
12:13:05,18.7,62,0,0,1,0
12:14:05,18.7,62,0,0,1,0
12:15:05,18.7,62,0,0,1,0
12:16:05,18.7,62,0,0,1,0
12:17:05,18.7,62,0,0,1,0
12:18:05,18.7,63,0,0,1,0
12:19:05,18.7,63,0,0,1,0
12:20:05,18.8,63,0,0,1,0
12:21:05,18.8,63,0,0,1,0
12:22:05,18.8,63,0,0,1,0
12:23:05,18.8,63,0,0,1,0
12:24:05,18.8,63,0,0,1,0
12:25:05,18.8,63,0,0,1,0
12:26:05,18.8,63,0,0,1,0
12:27:05,18.8,63,0,0,1,0
12:28:05,18.8,62,0,0,1,0
12:29:05,18.8,62,0,0,1,0
12:30:05,18.8,62,0,0,1,0
12:31:05,18.8,63,0,0,1,0
12:32:05,18.8,63,0,0,1,0
12:33:05,18.8,63,0,0,1,0
12:34:05,18.8,63,0,0,1,0
12:35:05,18.9,64,0,0,1,0
12:36:05,18.9,64,0,0,1,0
12:37:05,18.9,64,0,0,1,0
12:38:05,18.9,63,0,0,1,0
12:39:05,18.9,63,0,0,1,0
12:40:05,18.9,63,0,0,1,0
12:41:05,18.8,63,0,0,1,0
12:42:05,18.8,62,0,0,1,0
12:43:05,18.8,62,0,0,1,0
12:44:05,18.8,62,0,0,1,0
12:45:05,18.8,62,0,0,1,0
12:46:05,18.8,62,0,0,1,0
12:47:05,18.8,62,0,0,1,0
12:48:05,18.8,62,0,0,1,0
12:49:05,18.8,62,0,0,1,0
12:50:05,18.8,63,0,0,1,0
12:51:05,18.9,63,0,0,1,0
12:52:05,18.9,63,0,0,1,0
12:53:05,18.9,64,0,0,1,0
12:54:05,18.9,63,0,0,1,0
12:55:05,18.9,63,0,0,1,0
12:56:05,18.9,63,0,0,1,0
12:57:05,18.9,63,0,0,1,0
12:58:05,18.9,62,0,0,1,0
12:59:05,18.8,62,0,0,1,0
13:00:05,18.9,62,0,0,1,0
13:01:05,18.8,62,0,0,1,0
13:02:05,18.8,61,0,0,1,0
13:03:05,18.8,62,0,0,1,0
13:04:05,18.8,62,0,0,1,0
13:05:05,18.9,62,0,0,1,0
13:06:05,18.8,62,0,0,1,0
13:07:05,18.8,62,0,0,1,0
13:08:05,18.8,63,0,0,1,0
13:09:06,18.8,63,0,0,1,0
13:10:06,18.8,63,0,0,1,0
13:11:06,18.9,63,0,0,1,0
13:12:06,18.9,63,0,0,1,0
13:13:06,18.9,63,0,0,1,0
13:14:06,18.9,62,0,0,1,0
13:15:07,18.9,62,0,0,1,0
13:16:06,18.8,62,0,0,1,0
13:17:06,18.8,62,0,0,1,0
13:18:06,18.8,62,0,0,1,0
13:19:06,18.9,62,0,0,1,0
13:20:06,18.9,62,0,0,1,0
13:21:06,18.9,63,0,0,1,0
13:22:06,18.9,63,0,0,1,0
13:23:06,19,63,0,0,1,0
13:24:06,19,63,0,0,1,0
13:25:06,18.9,63,0,0,1,0
13:26:06,18.9,63,0,0,1,0
13:27:06,18.9,63,0,0,1,0
13:28:06,18.9,64,0,0,1,0
13:29:06,18.9,63,0,0,1,0
13:30:06,18.9,63,0,0,1,0
13:31:06,18.9,63,0,0,1,0
13:32:06,18.9,63,0,0,1,0
13:33:06,19,63,0,0,1,0
13:34:06,19,63,0,0,1,0
13:35:06,19,62,0,0,1,0
13:36:06,19,62,0,0,1,0
13:37:06,18.9,62,0,0,1,0
13:38:06,19,62,0,0,1,0
13:39:06,19,62,0,0,1,0
13:40:06,19,62,0,0,1,0
13:41:06,19,62,0,0,1,0
13:42:06,19,62,0,0,1,0
13:43:06,19,62,0,0,1,0
13:44:06,18.9,62,0,0,1,0
13:45:07,19,62,0,0,1,0
13:46:06,19,62,0,0,1,0
13:47:06,19,62,0,0,1,0
13:48:06,19,62,0,0,1,0
13:49:06,19,61,0,0,1,0
13:50:06,19,62,0,0,1,0
13:51:06,19,62,0,0,1,0
13:52:06,19,62,0,0,1,0
13:53:06,19,63,0,0,1,0
13:54:06,19.1,63,0,0,1,0
13:55:06,19.1,63,0,0,1,0
13:56:06,19.1,63,0,0,1,0
13:57:06,19.1,64,0,0,1,0
13:58:06,19.1,64,0,0,1,0
13:59:06,19.1,64,0,0,1,0
14:00:06,19.1,63,0,0,1,0
14:01:06,19.1,63,0,0,1,0
14:02:06,19.1,63,0,0,1,0
14:03:06,19.1,63,0,0,1,0
14:04:06,19.1,63,0,0,1,0
14:05:06,19.1,62,0,0,1,0
14:06:06,19.1,62,0,0,1,0
14:07:06,19.1,62,0,0,1,0
14:08:06,19.1,62,0,0,1,0
14:09:06,19.1,61,0,0,1,0
14:10:06,19.1,61,0,0,1,0
14:11:06,19.1,61,0,0,1,0
14:12:06,19,61,0,0,1,0
14:13:06,19.1,62,0,0,1,0
14:14:06,19.1,62,0,0,1,0
14:15:06,19.2,62,0,0,1,0
14:16:06,19.2,62,0,0,1,0
14:17:06,19.2,63,0,0,1,0
14:18:06,19.2,63,0,0,1,0
14:19:06,19.2,63,0,0,1,0
14:20:06,19.2,63,0,0,1,0
14:21:06,19.2,63,0,0,1,0
14:22:06,19.2,63,0,0,1,0
14:23:06,19.2,63,0,0,1,0
14:24:06,19.2,62,0,0,1,0
14:25:07,19.2,62,0,0,1,0
14:26:06,19.2,62,0,0,1,0
14:27:06,19.2,61,0,0,1,0
14:28:10,19.2,61,0,0,1,0
14:29:07,19.1,61,0,0,1,0
14:30:07,19.1,61,0,0,1,0
14:31:07,19.1,61,0,0,1,0
14:32:08,19.2,61,0,0,1,0
14:33:07,19.2,61,0,0,1,0
14:34:07,19.2,62,0,0,1,0
14:35:07,19.2,62,0,0,1,0
14:36:07,19.2,62,0,0,1,0
14:37:08,19.2,62,0,0,1,0
14:38:07,19.3,62,0,0,1,0
14:39:07,19.2,62,0,0,1,0
14:40:07,19.2,62,0,0,1,0
14:41:07,19.2,62,0,0,1,0
14:42:08,19.2,62,0,0,1,0
14:43:08,19.2,61,0,0,1,0
14:44:08,19.2,62,0,0,1,0
14:45:08,19.2,62,0,0,1,0
14:46:08,19.1,62,0,0,1,0
14:47:08,19.1,62,0,0,1,0
14:48:08,19.1,62,0,0,1,0
14:49:08,19.1,62,0,0,1,0
14:50:08,19,62,0,0,1,0
14:51:08,19,62,0,0,1,0
14:52:08,19.1,62,0,0,1,0
14:53:08,19,62,0,0,1,0
14:54:08,19,62,0,0,1,0
14:55:08,19,61,0,0,1,0
14:56:08,19,61,0,0,1,0
14:57:08,19,61,0,0,1,0
14:58:08,18.9,61,0,0,1,0
14:59:08,18.8,60,0,0,1,0
15:00:08,18.8,60,0,0,1,0
15:01:08,18.8,60,0,0,1,0
15:02:08,18.7,60,0,0,1,0
15:03:08,18.8,60,0,0,1,0
15:04:08,18.8,60,0,0,1,0
15:05:08,18.8,61,0,0,1,0
15:06:08,18.8,61,0,0,1,0
15:07:08,18.8,61,0,0,1,0
15:08:08,18.8,61,0,0,1,0
15:09:08,18.8,61,0,0,1,0
15:10:08,18.8,62,0,0,1,0
15:11:08,18.8,61,0,0,1,0
15:12:08,18.8,61,0,0,1,0
15:13:08,18.8,61,0,0,1,0
15:14:08,18.8,61,0,0,1,0
15:15:08,18.7,61,0,0,1,0
15:16:08,18.7,61,0,0,1,0
15:17:08,18.7,60,0,0,1,0
15:18:08,18.7,60,0,0,1,0
15:19:08,18.7,60,0,0,1,0
15:20:08,18.7,60,0,0,1,0
15:21:08,18.6,60,0,0,1,0
15:22:08,18.6,60,0,0,1,0
15:23:08,18.6,60,0,0,1,0
15:24:08,18.7,61,0,0,1,0
15:25:08,18.7,61,0,0,1,0
15:26:09,18.7,61,0,0,1,0
15:28:08,18.7,62,0,0,1,0
15:29:08,18.7,62,0,0,1,0
15:30:08,18.7,62,0,0,1,0
15:31:08,18.7,62,0,0,1,0
15:32:08,18.7,62,0,0,1,0
15:33:08,18.7,61,0,0,1,0
15:34:13,18.7,61,0,0,1,0
15:35:08,18.7,61,0,0,1,0
15:36:08,18.7,61,0,0,1,0
15:37:11,18.6,60,0,0,1,0
15:38:08,18.7,61,0,0,1,0
15:39:08,19.1,61,0,0,1,0
15:40:08,19.5,60,0,0,1,0
15:41:08,19.6,59,0,0,1,0
15:42:08,19.7,59,0,0,1,0
15:43:08,19.9,59,0,0,1,0
15:44:08,20.1,60,0,0,1,0
15:45:08,20.2,60,0,0,1,0
15:46:08,20.4,61,0,0,1,0
15:47:08,20.5,61,0,0,1,0
15:48:08,20.6,62,0,0,1,0
15:49:08,20.7,62,0,0,1,0
15:50:08,20.7,62,0,0,1,0
15:51:08,20.8,62,0,0,1,0
15:52:11,20.8,62,0,0,1,0
15:53:08,20.7,61,0,0,1,0
15:54:09,20.6,61,0,0,1,0
15:55:09,20.5,61,0,0,1,0
15:56:09,20.4,60,0,0,1,0
15:57:08,20.3,60,0,0,1,0
15:58:08,20.2,59,0,0,1,0
15:59:08,20.1,59,0,0,1,0
16:00:08,20.2,60,0,0,1,0
16:01:08,20.4,60,0,0,1,0
16:02:08,20.6,60,0,0,1,0
16:03:08,20.7,61,0,0,1,0
16:04:09,20.8,61,0,0,1,0
16:05:09,20.9,62,0,0,1,0
16:06:09,21,62,0,0,1,0
16:07:09,21,62,0,0,1,0
16:08:09,20.9,62,0,0,1,0
16:09:09,20.8,62,0,0,1,0
16:10:09,20.8,61,0,0,1,0
16:11:09,20.8,61,0,0,1,0
16:12:09,20.7,60,0,0,1,0
16:13:09,20.5,60,0,0,1,0
16:14:09,20.4,60,0,0,1,0
16:15:09,20.3,61,0,0,1,0
16:16:09,20.5,61,0,0,1,0
16:17:09,20.8,61,0,0,1,0
16:18:09,20.9,61,0,0,1,0
16:19:09,21,62,0,0,1,0
16:20:09,21.1,62,0,0,1,0
16:21:09,21.1,62,0,0,1,0
16:22:10,21.2,62,0,0,1,0
16:23:09,21,62,0,0,1,0
16:24:09,20.8,62,0,0,1,0
16:25:09,20.9,61,0,0,1,0
16:26:09,20.8,61,0,0,1,0
16:27:09,20.8,60,0,0,1,0
16:28:09,20.7,60,0,0,1,0
16:29:09,20.6,60,0,0,1,0
16:30:09,20.5,60,0,0,1,0
16:31:09,20.4,60,0,0,1,0
16:32:09,20.4,59,0,0,1,0
16:33:09,20.3,60,0,0,1,0
16:34:09,20.5,59,0,0,1,0
16:35:09,20.5,59,0,0,1,0
16:36:09,20.4,60,0,0,1,0
16:37:11,20.3,59,0,0,1,0
16:38:10,20.3,59,0,0,1,0
16:39:10,20.3,59,0,0,1,0
16:40:10,20.3,59,0,0,1,0
16:41:10,20.3,59,0,0,1,0
16:42:10,20.4,60,0,0,1,0
16:43:10,20.7,60,0,0,1,0
16:44:10,20.9,60,0,0,1,0
16:45:10,21,61,0,0,1,0
16:46:10,21.2,61,0,0,1,0
16:47:10,21.2,62,0,0,1,0
16:48:10,21.3,62,0,0,1,0
16:49:10,21.2,62,0,0,1,0
16:50:10,21.1,62,0,0,1,0
16:51:10,21,62,0,0,1,0
16:52:10,21,61,0,0,1,0
16:53:11,20.9,61,0,0,1,0
16:54:11,20.9,60,0,0,1,0
16:55:11,20.8,60,0,0,1,0
16:56:11,20.6,60,0,0,1,0
16:57:11,20.6,60,0,0,1,0
16:58:11,20.6,59,0,0,1,0
16:59:11,20.6,59,0,0,1,0
17:00:11,20.5,59,0,0,1,0
17:01:11,20.5,59,0,0,1,0
17:02:11,20.5,58,0,0,1,0
17:03:11,20.6,58,0,0,1,0
17:04:11,20.7,58,0,0,1,0
17:05:11,20.9,58,0,0,1,0
17:06:11,21,59,0,0,1,0
17:07:11,21.1,60,0,0,1,0
17:08:11,21.1,61,0,0,1,0
17:09:11,21.1,62,0,0,1,0
17:10:11,21,62,0,0,1,0
17:11:11,21,62,0,0,1,0
17:12:11,20.9,62,0,0,1,0
17:13:15,20.9,63,0,0,1,0
17:15:11,21.1,62,0,0,1,0
17:16:14,21.1,62,0,0,1,0
17:17:11,20.9,62,0,0,1,0
17:18:14,20.8,63,0,0,1,0
17:20:11,21.2,63,0,0,1,0
17:21:11,21.3,63,0,0,1,0
17:22:11,21.4,64,0,0,1,0
17:23:11,21.3,64,0,0,1,0
17:24:11,21.3,63,0,0,1,0
17:25:11,21.2,63,0,0,1,0
17:26:11,21.1,62,0,0,1,0
17:27:11,20.9,61,0,0,1,0
17:28:12,20.8,61,0,0,1,0
17:29:11,20.8,60,0,0,1,0
17:30:11,20.7,60,0,0,1,0
17:31:11,20.6,59,0,0,1,0
17:32:11,20.5,60,0,0,1,0
17:33:11,20.6,60,0,0,1,0
17:34:11,20.8,60,0,0,1,0
17:35:11,21,60,0,0,1,0
17:36:11,21.1,60,0,0,1,0
17:37:11,21.1,61,0,0,1,0
17:38:11,21.2,61,0,0,1,0
17:39:11,21.3,62,0,0,1,0
17:40:11,21.3,62,0,0,1,0
17:41:11,21.3,62,0,0,1,0
17:42:11,21.1,61,0,0,1,0
17:43:11,20.9,61,0,0,1,0
17:44:11,20.8,60,0,0,1,0
17:45:11,20.8,60,0,0,1,0
17:46:11,20.6,60,0,0,1,0
17:47:11,20.7,60,0,0,1,0
17:48:11,20.9,60,0,0,1,0
17:49:11,21,60,0,0,1,0
17:50:11,21.1,60,0,0,1,0
17:51:11,21.1,60,0,0,1,0
17:52:12,21.2,61,0,0,1,0
17:53:11,21.2,61,0,0,1,0
17:54:11,21.2,61,0,0,1,0
17:55:11,21.1,61,0,0,1,0
17:56:11,21.1,60,0,0,1,0
17:57:11,21,60,0,0,1,0
17:58:12,20.9,59,0,0,1,0
17:59:11,20.8,59,0,0,1,0
18:00:11,20.6,59,0,0,1,0
18:01:11,20.5,58,0,0,1,0
18:02:11,20.5,58,0,0,1,0
18:03:12,20.4,59,0,0,1,0
18:04:12,20.5,59,0,0,1,0
18:05:12,20.7,59,0,0,1,0
18:06:12,20.9,59,0,0,1,0
18:07:12,20.9,60,0,0,1,0
18:08:12,21,60,0,0,1,0
18:09:12,21.1,60,0,0,1,0
18:10:12,21.1,60,0,0,1,0
18:11:12,21.1,60,0,0,1,0
18:12:12,21.1,60,0,0,1,0
18:13:12,21,59,0,0,1,0
18:14:12,20.9,59,0,0,1,0
18:15:12,20.8,58,0,0,1,0
18:16:12,20.7,58,0,0,1,0
18:17:12,20.5,58,0,0,1,0
18:18:12,20.5,58,0,0,1,0
18:19:12,20.5,58,0,0,1,0
18:20:12,20.7,58,0,0,1,0
18:21:15,20.8,59,0,0,1,0
18:22:12,20.9,59,0,0,1,0
18:23:13,21,59,0,0,1,0
18:24:12,21,60,0,0,1,0
18:25:12,21.1,60,0,0,1,0
18:26:13,21,60,0,0,1,0
18:27:12,21,60,0,0,1,0
18:28:12,20.8,59,0,0,1,0
18:29:12,20.7,59,0,0,1,0
18:30:12,20.7,59,0,0,1,0
18:31:12,20.6,58,0,0,1,0
18:32:12,20.5,58,0,0,1,0
18:33:12,20.3,58,0,0,1,0
18:34:12,20.4,58,0,0,1,0
18:35:12,20.5,58,0,0,1,0
18:36:12,20.7,59,0,0,1,0
18:37:13,20.8,59,0,0,1,0
18:38:12,20.9,59,0,0,1,0
18:39:12,20.9,60,0,0,1,0
18:40:12,21,60,0,0,1,0
18:41:12,21,59,0,0,1,0
18:42:12,20.9,59,0,0,1,0
18:43:12,20.8,59,0,0,1,0
18:44:12,20.6,59,0,0,1,0
18:45:12,20.5,59,0,0,1,0
18:46:12,20.4,58,0,0,1,0
18:47:12,20.4,59,0,0,1,0
18:48:12,20.5,59,0,0,1,0
18:49:12,20.6,59,0,0,1,0
18:50:12,20.8,59,0,0,1,0
18:51:12,20.8,59,0,0,1,0
18:52:12,20.9,60,0,0,1,0
18:53:12,21,60,0,0,1,0
18:54:12,21,60,0,0,1,0
18:55:12,20.9,60,0,0,1,0
18:56:12,20.8,59,0,0,1,0
18:57:12,20.8,59,0,0,1,0
18:58:12,20.5,58,0,0,1,0
18:59:12,20.4,58,0,0,1,0
19:00:12,20.4,58,0,0,1,0
19:01:12,20.6,59,0,0,1,0
19:02:12,20.7,59,0,0,1,0
19:03:12,20.8,59,0,0,1,0
19:04:12,20.9,59,0,0,1,0
19:05:12,21,59,0,0,1,0
19:06:12,21,59,0,0,1,0
19:07:13,20.9,59,0,0,1,0
19:08:13,20.8,59,0,0,1,0
19:09:13,20.8,59,0,0,1,0
19:10:13,20.7,59,0,0,1,0
19:11:13,20.7,58,0,0,1,0
19:12:13,20.5,58,0,0,1,0
19:13:13,20.3,58,0,0,1,0
19:14:13,20.3,59,0,0,1,0
19:15:13,20.5,59,0,0,1,0
19:16:13,20.6,59,0,0,1,0
19:17:13,20.7,59,0,0,1,0
19:18:13,20.8,59,0,0,1,0
19:19:13,20.9,60,0,0,1,0
19:20:13,20.9,60,0,0,1,0
19:21:13,21,60,0,0,1,0
19:22:15,21.1,60,0,0,1,0
19:23:14,21,59,0,0,1,0
19:24:14,20.9,59,0,0,1,0
19:25:14,20.8,59,0,0,1,0
19:26:15,20.6,58,0,0,1,0
19:27:13,20.4,58,0,0,1,0
19:28:13,20.3,58,0,0,1,0
19:29:13,20.3,58,0,0,1,0
19:30:13,20.4,58,0,0,1,0
19:31:13,20.6,58,0,0,1,0
19:32:13,20.7,58,0,0,1,0
19:33:13,20.8,59,0,0,1,0
19:34:13,20.9,59,0,0,1,0
19:35:13,20.9,59,0,0,1,0
19:36:13,20.9,59,0,0,1,0
19:37:13,20.8,58,0,0,1,0
19:38:13,20.5,58,0,0,1,0
19:39:13,20.5,58,0,0,1,0
19:40:14,20.4,58,0,0,1,0
19:41:14,20.2,57,0,0,1,0
19:42:14,20.3,58,0,0,1,0
19:43:14,20.5,58,0,0,1,0
19:44:14,20.7,58,0,0,1,0
19:45:14,20.8,59,0,0,1,0
19:46:14,20.8,59,0,0,1,0
19:47:14,20.9,59,0,0,1,0
19:48:14,20.9,59,0,0,1,0
19:49:14,20.9,59,0,0,1,0
19:50:14,20.9,59,0,0,1,0
19:51:14,20.7,59,0,0,1,0
19:52:14,20.6,59,0,0,1,0
19:53:14,20.6,59,0,0,1,0
19:54:14,20.5,58,0,0,1,0
19:55:14,20.4,58,0,0,1,0
19:56:15,20.3,58,0,0,1,0
19:57:15,20.3,58,0,0,1,0
19:58:15,20.3,58,0,0,1,0
19:59:15,20.4,58,0,0,1,0
20:00:15,20.6,58,0,0,1,0
20:01:15,20.7,59,0,0,1,0
20:02:15,20.7,59,0,0,1,0
20:03:15,20.8,59,0,0,1,0
20:04:15,20.9,60,0,0,1,0
20:05:15,20.9,59,0,0,1,0
20:06:15,20.9,59,0,0,1,0
20:07:15,20.8,59,0,0,1,0
20:08:15,20.6,59,0,0,1,0
20:09:15,20.5,59,0,0,1,0
20:10:15,20.4,59,0,0,1,0
20:11:15,20.3,58,0,0,1,0
20:12:15,20.2,59,0,0,1,0
20:13:15,20.4,59,0,0,1,0
20:14:17,20.6,59,0,0,1,0
20:15:15,20.7,59,0,0,1,0
20:16:15,20.8,60,0,0,1,0
20:17:15,20.8,60,0,0,1,0
20:18:15,20.9,60,0,0,1,0
20:19:16,20.8,60,0,0,1,0
20:20:15,20.7,59,0,0,1,0
20:21:15,20.6,59,0,0,1,0
20:22:15,20.5,59,0,0,1,0
20:23:15,20.4,59,0,0,1,0
20:24:15,20.3,59,0,0,1,0
20:25:15,20.3,58,0,0,1,0
20:26:15,20.2,58,0,0,1,0
20:27:15,20.2,58,0,0,1,0
20:28:15,20.4,58,0,0,1,0
20:29:15,20.5,59,0,0,1,0
20:30:15,20.7,59,0,0,1,0
20:31:17,20.8,60,0,0,1,0
20:32:15,20.9,60,0,0,1,0
20:33:15,20.9,60,0,0,1,0
20:34:15,20.9,60,0,0,1,0
20:35:15,20.9,60,0,0,1,0
20:36:15,20.8,59,0,0,1,0
20:37:20,20.7,59,0,0,1,0
20:38:15,20.7,59,0,0,1,0
20:39:15,20.6,59,0,0,1,0
20:40:16,20.6,58,0,0,1,0
20:41:15,20.6,59,0,0,1,0
20:42:15,20.5,59,0,0,1,0
20:43:15,20.5,59,0,0,1,0
20:44:15,20.6,60,0,0,1,0
20:45:15,20.5,59,0,0,1,0
20:46:15,20.5,59,0,0,1,0
20:47:15,20.4,58,0,0,1,0
20:48:15,20.4,58,0,0,1,0
20:49:15,20.5,58,0,0,1,0
20:50:15,20.6,59,0,0,1,0
20:51:16,20.6,59,0,0,1,0
20:52:15,20.7,60,0,0,1,0
20:53:15,20.8,60,0,0,1,0
20:54:16,20.8,61,0,0,1,0
20:55:16,20.6,60,0,0,1,0
20:56:16,20.1,60,0,0,1,0
20:57:16,19.8,59,0,0,1,0
20:58:16,19.6,59,0,0,1,0
20:59:16,19.4,59,0,0,1,0
21:00:16,19.2,59,0,0,1,0
21:01:16,19.1,59,0,0,1,0
21:02:16,18.9,58,0,0,1,0
21:03:16,18.9,59,0,0,1,0
21:04:17,18.8,58,0,0,1,0
21:05:19,18.8,58,0,0,1,0
21:06:16,18.7,58,0,0,1,0
21:07:17,18.6,58,0,0,1,0
21:08:16,18.6,58,0,0,1,0
21:09:16,18.6,58,0,0,1,0
21:10:17,18.5,58,0,0,1,0
21:11:17,18.5,58,0,0,1,0
21:12:17,18.4,58,0,0,1,0
21:13:17,18.4,58,0,0,1,0
21:14:17,18.3,57,0,0,1,0
21:15:17,18.3,58,0,0,1,0
21:16:17,18.3,57,0,0,1,0
21:17:17,18.3,57,0,0,1,0
21:18:18,18.2,58,0,0,1,0
21:19:22,18.3,57,0,0,1,0
21:20:17,18.2,57,0,0,1,0
21:21:17,18.2,57,0,0,1,0
21:22:18,18.1,57,0,0,1,0
21:23:17,18.1,57,0,0,1,0
21:24:17,18.1,58,0,0,1,0
21:25:17,18.1,58,0,0,1,0
21:26:17,18.1,58,0,0,1,0
21:27:18,18.1,58,0,0,1,0
21:28:17,18,58,0,0,1,0
21:29:18,18,58,0,0,1,0
21:30:17,18,57,0,0,1,0
21:31:17,18,57,0,0,1,0
21:32:17,18,57,0,0,1,0
21:33:17,18,57,0,0,1,0
21:34:17,18,58,0,0,1,0
21:35:17,17.9,58,0,0,1,0
21:36:17,17.9,58,0,0,1,0
21:37:17,17.9,57,0,0,1,0
21:38:17,17.9,57,0,0,1,0
21:39:17,17.8,58,0,0,1,0
21:40:17,17.9,58,0,0,1,0
21:41:17,17.8,58,0,0,1,0
21:42:17,17.8,58,0,0,1,0
21:43:17,17.9,58,0,0,1,0
21:44:17,17.8,58,0,0,1,0
21:45:17,17.8,58,0,0,1,0
21:46:17,17.9,58,0,0,1,0
21:47:17,17.8,58,0,0,1,0
21:48:17,17.8,58,0,0,1,0
21:49:18,17.8,58,0,0,1,0
21:50:17,17.8,58,0,0,1,0
21:51:17,17.8,58,0,0,1,0
21:52:17,17.8,58,0,0,1,0
21:53:17,17.8,58,0,0,1,0
21:54:17,17.8,58,0,0,1,0
21:55:17,17.8,58,0,0,1,0
21:56:17,17.8,58,0,0,1,0
21:57:17,17.8,58,0,0,1,0
21:58:17,17.8,58,0,0,1,0
21:59:17,17.8,58,0,0,1,0
22:00:17,17.8,58,0,0,1,0
22:01:17,17.8,58,0,0,1,0
22:02:18,17.8,58,0,0,1,0
22:03:20,17.8,58,0,0,1,0
22:05:22,17.8,58,0,0,1,0
22:07:18,17.7,58,0,0,1,0
22:08:18,17.8,58,0,0,1,0
22:09:17,17.8,58,0,0,1,0
22:10:18,17.8,58,0,0,1,0
22:11:18,17.7,58,0,0,1,0
22:12:18,17.7,58,0,0,1,0
22:13:18,17.8,58,0,0,1,0
22:14:18,17.7,58,0,0,1,0
22:15:18,17.7,58,0,0,1,0
22:16:18,17.8,58,0,0,1,0
22:17:18,17.7,58,0,0,1,0
22:18:18,17.7,58,0,0,1,0
22:19:18,17.7,58,0,0,1,0
22:20:18,17.7,58,0,0,1,0
22:21:18,17.7,58,0,0,1,0
22:22:18,17.7,58,0,0,1,0
22:23:18,17.7,58,0,0,1,0
22:24:18,17.6,58,0,0,1,0
22:25:18,17.6,58,0,0,1,0
22:26:18,17.6,58,0,0,1,0
22:27:18,17.6,58,0,0,1,0
22:28:18,17.6,58,0,0,1,0
22:29:18,17.6,58,0,0,1,0
22:30:18,17.6,58,0,0,1,0
22:31:18,17.6,59,0,0,1,0
22:32:18,17.6,58,0,0,1,0
22:33:19,17.6,58,0,0,1,0
22:34:18,17.6,58,0,0,1,0
22:35:18,17.6,58,0,0,1,0
22:36:18,17.6,58,0,0,1,0
22:37:18,17.7,58,0,0,1,0
22:38:18,17.6,58,0,0,1,0
22:39:18,17.6,58,0,0,1,0
22:40:18,17.6,58,0,0,1,0
22:41:18,17.6,58,0,0,1,0
22:42:18,17.6,58,0,0,1,0
22:43:19,17.6,58,0,0,1,0
22:44:18,17.6,58,0,0,1,0
22:45:18,17.6,58,0,0,1,0
22:46:18,17.6,58,0,0,1,0
22:47:18,17.6,58,0,0,1,0
22:48:18,17.6,58,0,0,1,0
22:49:18,17.6,58,0,0,1,0
22:50:18,17.6,58,0,0,1,0
22:51:18,17.6,58,0,0,1,0
22:52:18,17.6,58,0,0,1,0
22:53:18,17.6,58,0,0,1,0
22:54:19,17.5,58,0,0,1,0
22:55:19,17.5,58,0,0,1,0
22:56:19,17.5,58,0,0,1,0
22:57:19,17.6,58,0,0,1,0
22:58:19,17.5,58,0,0,1,0
22:59:19,17.5,58,0,0,1,0
23:00:19,17.6,58,0,0,1,0
23:01:19,17.6,58,0,0,1,0
23:02:20,17.6,58,0,0,1,0
23:03:19,17.6,58,0,0,1,0
23:04:19,17.5,59,0,0,1,0
23:05:19,17.6,59,0,0,1,0
23:06:19,17.5,59,0,0,1,0
23:07:19,17.5,58,0,0,1,0
23:08:19,17.5,58,0,0,1,0
23:09:19,17.5,58,0,0,1,0
23:10:19,17.5,58,0,0,1,0
23:11:20,17.5,58,0,0,1,0
23:12:20,17.5,58,0,0,1,0
23:13:22,17.5,58,0,0,1,0
23:14:22,17.5,59,0,0,1,0
23:15:19,17.5,59,0,0,1,0
23:16:19,17.4,59,0,0,1,0
23:17:19,17.4,59,0,0,1,0
23:18:19,17.5,58,0,0,1,0
23:19:19,17.5,58,0,0,1,0
23:20:19,17.5,58,0,0,1,0
23:21:19,17.4,58,0,0,1,0
23:22:19,17.4,58,0,0,1,0
23:23:19,17.4,58,0,0,1,0
23:24:20,17.5,59,0,0,1,0
23:25:19,17.7,59,0,0,1,0
23:26:19,17.7,58,0,0,1,0
23:27:19,17.6,59,0,0,1,0
23:28:19,17.6,59,0,0,1,0
23:29:19,17.5,59,0,0,1,0
23:30:20,17.5,59,0,0,1,0
23:31:19,17.5,59,0,0,1,0
23:32:19,17.5,59,0,0,1,0
23:33:19,17.5,59,0,0,1,0
23:34:19,17.4,58,0,0,1,0
23:35:19,17.4,59,0,0,1,0
23:36:19,17.4,59,0,0,1,0
23:37:19,17.4,59,0,0,1,0
23:38:19,17.4,59,0,0,1,0
23:39:19,17.4,59,0,0,1,0
23:40:19,17.4,59,0,0,1,0
23:42:22,17.4,59,0,0,1,0
23:43:19,17.4,58,0,0,1,0
23:44:19,17.4,58,0,0,1,0
23:45:19,17.4,59,0,0,1,0
23:46:19,17.4,58,0,0,1,0
23:47:19,17.4,58,0,0,1,0
23:48:19,17.4,58,0,0,1,0
23:49:19,17.4,58,0,0,1,0
23:50:19,17.3,58,0,0,1,0
23:51:19,17.3,59,0,0,1,0
23:52:19,17.3,58,0,0,1,0
23:53:19,17.3,58,0,0,1,0
23:54:19,17.3,58,0,0,1,0
23:55:19,17.3,58,0,0,1,0
23:56:19,17.3,58,0,0,1,0
23:57:19,17.3,58,0,0,1,0
23:58:19,17.2,59,0,0,1,0
23:59:19,17.2,58,0,0,1,0
00:00:19,17.3,59,0,0,1,0
00:01:19,17.3,58,0,0,1,0
00:02:19,17.3,59,0,0,1,0
00:03:19,17.2,59,0,0,1,0
00:04:19,17.2,58,0,0,1,0
00:05:19,17.2,59,0,0,1,0
00:06:20,17.2,59,0,0,1,0
00:07:19,17.3,59,0,0,1,0
00:09:19,17.2,58,0,0,1,0
00:10:19,17.2,59,0,0,1,0
00:13:19,17.3,58,0,0,1,0
00:14:19,17.2,58,0,0,1,0
00:15:19,17.2,58,0,0,1,0
00:16:19,17.2,58,0,0,1,0
00:17:19,17.2,58,0,0,1,0
00:18:19,17.2,58,0,0,1,0
00:19:19,17.2,58,0,0,1,0
00:20:19,17.2,58,0,0,1,0
00:21:19,17.2,58,0,0,1,0
00:22:19,17.2,58,0,0,1,0
00:23:22,17.2,58,0,0,1,0
00:24:19,17.2,58,0,0,1,0
00:25:19,17.2,59,0,0,1,0
00:26:19,17.2,58,0,0,1,0
00:27:19,17.2,58,0,0,1,0
00:28:19,17.2,58,0,0,1,0
00:29:19,17.2,58,0,0,1,0
00:30:19,17.2,58,0,0,1,0
00:31:19,17.2,58,0,0,1,0
00:32:19,17.2,58,0,0,1,0
00:33:20,17.2,58,0,0,1,0
00:34:19,17.2,58,0,0,1,0
00:35:19,17.2,58,0,0,1,0
00:36:19,17.2,58,0,0,1,0
00:37:21,17.2,59,0,0,1,0
00:38:20,17.2,59,0,0,1,0
00:39:20,17.2,58,0,0,1,0
00:40:20,17.2,58,0,0,1,0
00:41:20,17.2,58,0,0,1,0
00:42:20,17.1,58,0,0,1,0
00:43:20,17.1,58,0,0,1,0
00:44:20,17.1,58,0,0,1,0
00:45:20,17.1,58,0,0,1,0
00:46:20,17.1,58,0,0,1,0
00:47:20,17.1,58,0,0,1,0
00:48:20,17.2,58,0,0,1,0
00:49:20,17.1,58,0,0,1,0
00:50:20,17.1,58,0,0,1,0
00:51:20,17.2,58,0,0,1,0
00:52:21,17.1,58,0,0,1,0
00:53:20,17.1,58,0,0,1,0
00:54:20,17.1,58,0,0,1,0
00:55:20,17.1,58,0,0,1,0
00:56:20,17.1,58,0,0,1,0
00:57:20,17.1,58,0,0,1,0
00:58:21,17.2,58,0,0,1,0
00:59:20,17.1,58,0,0,1,0
01:00:20,17.1,58,0,0,1,0
01:01:20,17.1,58,0,0,1,0
01:02:20,17.1,58,0,0,1,0
01:03:21,17.1,58,0,0,1,0
01:04:20,17.1,58,0,0,1,0
01:05:20,17.1,58,0,0,1,0
01:06:20,17.1,58,0,0,1,0
01:07:21,17.1,58,0,0,1,0
01:08:22,17.1,58,0,0,1,0
01:09:20,17.1,58,0,0,1,0
01:10:20,17.1,59,0,0,1,0
01:11:20,17.1,59,0,0,1,0
01:12:20,17.1,59,0,0,1,0
01:13:20,17.1,59,0,0,1,0
01:14:20,17.1,58,0,0,1,0
01:15:20,17.1,58,0,0,1,0
01:16:20,17,58,0,0,1,0
01:17:20,17,58,0,0,1,0
01:18:21,17.1,58,0,0,1,0
01:19:20,17.1,58,0,0,1,0
01:20:21,17.1,58,0,0,1,0
01:21:21,17.1,58,0,0,1,0
01:22:21,17,58,0,0,1,0
01:23:22,17,58,0,0,1,0
01:24:21,17,58,0,0,1,0
01:25:21,17,58,0,0,1,0
01:26:21,17,58,0,0,1,0
01:27:21,17.1,58,0,0,1,0
01:28:21,17.1,58,0,0,1,0
01:29:21,17.1,58,0,0,1,0
01:30:21,17.1,58,0,0,1,0
01:31:21,17.1,58,0,0,1,0
01:32:21,17,58,0,0,1,0
01:33:21,17.1,58,0,0,1,0
01:34:21,17,58,0,0,1,0
01:35:21,17,58,0,0,1,0
01:36:21,17,58,0,0,1,0
01:37:21,17,58,0,0,1,0
01:38:21,17,58,0,0,1,0
01:39:21,17,58,0,0,1,0
01:40:21,17,58,0,0,1,0
01:41:21,17,58,0,0,1,0
01:42:22,17,58,0,0,1,0
01:43:21,17,58,0,0,1,0
01:44:21,17,58,0,0,1,0
01:45:21,16.9,58,0,0,1,0
01:46:21,16.9,58,0,0,1,0
01:47:21,16.9,58,0,0,1,0
01:48:21,16.9,58,0,0,1,0
01:49:21,16.9,58,0,0,1,0
01:50:21,16.9,58,0,0,1,0
01:51:22,16.9,58,0,0,1,0
01:52:21,16.9,58,0,0,1,0
01:53:21,16.9,58,0,0,1,0
01:54:21,17,58,0,0,1,0
01:55:21,16.9,58,0,0,1,0
01:56:21,16.9,58,0,0,1,0
01:57:21,16.9,58,0,0,1,0
01:58:21,16.8,58,0,0,1,0
01:59:22,16.8,58,0,0,1,0
02:00:21,16.9,58,0,0,1,0
02:01:21,16.9,58,0,0,1,0
02:02:21,16.8,58,0,0,1,0
02:03:21,16.9,58,0,0,1,0
02:04:21,16.9,58,0,0,1,0
02:05:24,16.9,58,0,0,1,0
02:06:21,16.9,58,0,0,1,0
02:07:21,16.9,58,0,0,1,0
02:08:21,16.9,58,0,0,1,0
02:09:21,16.9,58,0,0,1,0
02:10:21,16.9,58,0,0,1,0
02:11:22,16.8,58,0,0,1,0
02:12:21,16.8,58,0,0,1,0
02:13:21,16.9,58,0,0,1,0
02:14:22,16.8,58,0,0,1,0
02:15:21,16.8,58,0,0,1,0
02:16:21,16.8,58,0,0,1,0
02:17:21,16.8,58,0,0,1,0
02:18:22,16.8,58,0,0,1,0
02:19:21,16.8,58,0,0,1,0
02:20:21,16.8,58,0,0,1,0
02:21:21,16.9,58,0,0,1,0
02:22:21,16.9,58,0,0,1,0
02:23:21,16.9,58,0,0,1,0
02:24:21,16.9,58,0,0,1,0
02:25:21,16.8,58,0,0,1,0
02:26:21,16.8,58,0,0,1,0
02:27:21,16.8,58,0,0,1,0
02:28:21,16.8,58,0,0,1,0
02:29:21,16.8,58,0,0,1,0
02:30:21,16.8,58,0,0,1,0
02:31:22,16.8,58,0,0,1,0
02:32:22,16.8,58,0,0,1,0
02:33:22,16.8,58,0,0,1,0
02:34:22,16.8,58,0,0,1,0
02:35:22,16.8,58,0,0,1,0
02:36:22,16.8,58,0,0,1,0
02:37:22,16.8,57,0,0,1,0
02:38:22,16.8,58,0,0,1,0
02:39:22,16.7,58,0,0,1,0
02:40:22,16.8,58,0,0,1,0
02:41:22,16.8,58,0,0,1,0
02:42:22,16.8,57,0,0,1,0
02:43:22,16.7,57,0,0,1,0
02:44:22,16.7,57,0,0,1,0
02:45:22,16.7,57,0,0,1,0
02:46:22,16.7,57,0,0,1,0
02:47:22,16.8,57,0,0,1,0
02:48:22,16.7,57,0,0,1,0
02:49:22,16.7,58,0,0,1,0
02:50:22,16.8,59,0,0,1,0
02:51:22,17.3,64,0,0,1,0
02:52:22,17.9,67,0,0,1,0
02:53:22,18.5,67,0,0,1,0
02:54:22,18.4,65,0,0,1,0
02:55:22,18.1,64,0,0,1,0
02:56:24,17.9,63,0,0,1,0
02:57:22,17.8,62,0,0,1,0
02:58:22,17.6,61,0,0,1,0
02:59:22,17.5,61,0,0,1,0
03:00:22,17.4,60,0,0,1,0
03:01:22,17.3,60,0,0,1,0
03:02:22,17.2,60,0,0,1,0
03:03:22,17.2,59,0,0,1,0
03:04:22,17.2,59,0,0,1,0
03:05:22,17.1,59,0,0,1,0
03:06:22,17.1,59,0,0,1,0
03:07:22,17.1,59,0,0,1,0
03:08:22,17.1,59,0,0,1,0
03:09:22,17.1,59,0,0,1,0
03:10:22,17,58,0,0,1,0
03:11:23,17,58,0,0,1,0
03:12:22,17,58,0,0,1,0
03:13:22,17,58,0,0,1,0
03:14:22,17,58,0,0,1,0
03:15:22,17,58,0,0,1,0
03:16:22,17,58,0,0,1,0
03:17:22,17,58,0,0,1,0
03:18:22,17,58,0,0,1,0
03:19:22,16.9,58,0,0,1,0
03:20:22,16.9,58,0,0,1,0
03:21:22,16.9,58,0,0,1,0
03:22:23,16.9,58,0,0,1,0
03:23:22,16.9,58,0,0,1,0
03:24:22,17,58,0,0,1,0
03:25:23,17,58,0,0,1,0
03:26:25,17.2,63,0,0,1,0
03:27:23,17.9,67,0,0,1,0
03:28:23,18.5,69,0,0,1,0
03:29:23,18.7,68,0,0,1,0
03:30:23,18.6,66,0,0,1,0
03:31:23,18.3,64,0,0,1,0
03:32:23,18,63,0,0,1,0
03:33:23,17.9,63,0,0,1,0
03:34:23,17.7,62,0,0,1,0
03:35:23,17.6,61,0,0,1,0
03:36:23,17.5,61,0,0,1,0
03:37:23,17.4,60,0,0,1,0
03:38:23,17.4,60,0,0,1,0
03:39:23,17.3,60,0,0,1,0
03:40:23,17.3,60,0,0,1,0
03:41:23,17.3,60,0,0,1,0
03:42:24,17.3,60,0,0,1,0
03:43:23,17.3,59,0,0,1,0
03:44:23,17.2,59,0,0,1,0
03:45:23,17.2,59,0,0,1,0
03:46:23,17.2,59,0,0,1,0
03:47:23,17.1,58,0,0,1,0
03:48:26,17.1,58,0,0,1,0
03:49:23,17.1,58,0,0,1,0
03:50:23,17.1,58,0,0,1,0
03:51:23,17.1,58,0,0,1,0
03:52:23,17,58,0,0,1,0
03:53:23,17.1,58,0,0,1,0
03:54:23,17,58,0,0,1,0
03:55:23,17,58,0,0,1,0
03:56:23,17,58,0,0,1,0
03:57:23,17,58,0,0,1,0
03:58:23,17,58,0,0,1,0
03:59:23,17,58,0,0,1,0
04:00:23,17,58,0,0,1,0
04:01:23,17,58,0,0,1,0
04:02:23,16.9,58,0,0,1,0
04:03:23,16.9,58,0,0,1,0
04:04:23,16.9,58,0,0,1,0
04:05:24,16.9,58,0,0,1,0
04:06:23,16.9,58,0,0,1,0
04:07:23,16.9,58,0,0,1,0
04:08:24,16.9,58,0,0,1,0
04:09:23,16.8,58,0,0,1,0
04:10:23,16.8,58,0,0,1,0
04:11:23,16.8,58,0,0,1,0
04:12:23,16.8,58,0,0,1,0
04:13:23,16.8,58,0,0,1,0
04:14:23,16.8,58,0,0,1,0
04:15:23,16.8,58,0,0,1,0
04:16:23,16.8,58,0,0,1,0
04:17:23,16.8,58,0,0,1,0
04:18:23,16.8,58,0,0,1,0
04:19:26,16.8,58,0,0,1,0
04:20:23,16.8,58,0,0,1,0
04:21:23,16.8,58,0,0,1,0
04:22:23,16.8,57,0,0,1,0
04:23:23,16.7,58,0,0,1,0
04:24:23,16.7,58,0,0,1,0
04:25:23,16.7,58,0,0,1,0
04:26:23,16.7,58,0,0,1,0
04:27:24,16.7,58,0,0,1,0
04:28:23,16.7,58,0,0,1,0
04:29:23,16.7,58,0,0,1,0
04:30:23,16.7,58,0,0,1,0
04:31:23,16.7,58,0,0,1,0
04:32:23,16.7,58,0,0,1,0
04:33:23,16.7,58,0,0,1,0
04:34:23,16.7,58,0,0,1,0
04:35:23,16.7,58,0,0,1,0
04:36:23,16.8,58,0,0,1,0
04:37:23,16.8,58,0,0,1,0
04:38:23,16.7,58,0,0,1,0
04:39:23,16.7,58,0,0,1,0
04:40:23,16.7,58,0,0,1,0
04:41:23,16.7,58,0,0,1,0
04:42:23,16.7,58,0,0,1,0
04:43:23,16.8,62,0,0,1,0
04:44:23,17.5,65,0,0,1,0
04:45:23,18.2,67,0,0,1,0
04:46:26,18.7,69,0,0,1,0
04:47:23,18.9,68,0,0,1,0
04:48:23,18.6,66,0,0,1,0
04:49:24,18.3,65,0,0,1,0
04:50:23,18.1,63,0,0,1,0
04:51:23,17.9,62,0,0,1,0
04:52:23,17.7,62,0,0,1,0
04:53:23,17.6,61,0,0,1,0
04:54:23,17.4,61,0,0,1,0
04:55:23,17.4,60,0,0,1,0
04:56:24,17.4,60,0,0,1,0
04:57:24,17.2,59,0,0,1,0
04:58:24,17.2,59,0,0,1,0
04:59:24,17.2,59,0,0,1,0
05:00:24,17.1,59,0,0,1,0
05:01:24,17.1,59,0,0,1,0
05:04:24,17,59,0,0,1,0
05:05:24,17.1,59,0,0,1,0
05:06:24,17,58,0,0,1,0
05:07:24,17,58,0,0,1,0
05:08:24,16.9,58,0,0,1,0
05:09:24,16.9,58,0,0,1,0
05:10:24,16.9,58,0,0,1,0
05:11:24,16.9,58,0,0,1,0
05:12:24,16.9,58,0,0,1,0
05:13:24,16.9,58,0,0,1,0
05:14:24,16.9,58,0,0,1,0
05:15:24,16.9,58,0,0,1,0
05:16:24,16.9,58,0,0,1,0
05:17:24,16.9,58,0,0,1,0
05:18:24,16.9,58,0,0,1,0
05:19:24,16.9,58,0,0,1,0
05:20:24,16.8,58,0,0,1,0
05:21:24,16.9,58,0,0,1,0
05:22:24,16.8,58,0,0,1,0
05:23:24,16.8,58,0,0,1,0
05:24:24,16.8,58,0,0,1,0
05:25:24,16.7,58,0,0,1,0
05:26:24,16.8,58,0,0,1,0
05:27:24,16.8,58,0,0,1,0
05:28:24,16.8,58,0,0,1,0
05:29:24,16.8,58,0,0,1,0
05:30:24,16.8,58,0,0,1,0
05:31:24,16.8,58,0,0,1,0
05:32:24,16.8,58,0,0,1,0
05:33:24,16.8,58,0,0,1,0
05:34:24,16.7,58,0,0,1,0
05:35:24,16.7,58,0,0,1,0
05:36:24,16.8,60,0,0,1,0
05:37:24,17.3,64,0,0,1,0
05:38:24,18,67,0,0,1,0
05:39:24,18.5,69,0,0,1,0
05:40:24,18.9,69,0,0,1,0
05:41:24,18.8,67,0,0,1,0
05:42:24,18.6,65,0,0,1,0
05:43:24,18.3,64,0,0,1,0
05:44:24,18,63,0,0,1,0
05:45:25,17.8,62,0,0,1,0
05:46:24,17.7,62,0,0,1,0
05:47:24,17.5,61,0,0,1,0
05:48:24,17.5,60,0,0,1,0
05:49:24,17.4,60,0,0,1,0
05:50:24,17.3,60,0,0,1,0
05:51:24,17.3,60,0,0,1,0
05:52:24,17.3,59,0,0,1,0
05:53:24,17.3,59,0,0,1,0
05:54:24,17.2,59,0,0,1,0
05:55:24,17.1,59,0,0,1,0
05:56:24,17.2,59,0,0,1,0
05:57:24,17.1,59,0,0,1,0
05:58:24,17.1,58,0,0,1,0
05:59:24,17,58,0,0,1,0
06:00:25,17,58,0,0,1,0
06:01:24,17,58,0,0,1,0
06:02:24,16.9,58,0,0,1,0
06:03:24,17,58,0,0,1,0
06:04:24,17,58,0,0,1,0
06:05:27,17,58,0,0,1,0
06:06:24,16.9,58,0,0,1,0
06:07:24,16.9,58,0,0,1,0
06:08:24,16.9,58,0,0,1,0
06:09:24,16.9,58,0,0,1,0
06:10:24,16.9,58,0,0,1,0
06:11:24,16.9,58,0,0,1,0
06:12:24,16.8,58,0,0,1,0
06:13:25,16.8,58,0,0,1,0
06:14:24,16.8,58,0,0,1,0
06:15:24,16.8,58,0,0,1,0
06:16:24,16.8,58,0,0,1,0
06:17:24,16.8,58,0,0,1,0
06:18:24,16.8,58,0,0,1,0
06:19:25,16.8,59,0,0,1,0
06:20:25,16.8,58,0,0,1,0
06:21:25,16.8,59,0,0,1,0
06:22:25,16.8,59,0,0,1,0
06:23:25,16.8,58,0,0,1,0
06:24:25,16.8,58,0,0,1,0
06:25:25,16.8,58,0,0,1,0
06:26:25,16.8,58,0,0,1,0
06:27:25,16.8,58,0,0,1,0
06:28:25,16.8,58,0,0,1,0
06:29:25,16.8,58,0,0,1,0
06:30:25,16.8,58,0,0,1,0
06:31:25,16.8,58,0,0,1,0
06:32:25,16.8,58,0,0,1,0
06:33:25,16.8,58,0,0,1,0
06:34:25,16.8,58,0,0,1,0
06:35:25,16.8,58,0,0,1,0
06:36:25,16.8,58,0,0,1,0
06:37:25,16.8,58,0,0,1,0
06:38:25,16.8,58,0,0,1,0
06:39:25,16.8,59,0,0,1,0
06:40:25,17.2,64,0,0,1,0
06:41:25,17.9,67,0,0,1,0
06:42:25,18.5,69,0,0,1,0
06:43:25,18.8,68,0,0,1,0
06:44:25,18.5,67,0,0,1,0
06:45:27,18.2,65,0,0,1,0
06:46:25,18,64,0,0,1,0
06:47:25,17.8,63,0,0,1,0
06:48:25,17.7,62,0,0,1,0
06:49:25,17.5,61,0,0,1,0
06:50:25,17.5,61,0,0,1,0
06:51:25,17.4,60,0,0,1,0
06:52:26,17.3,60,0,0,1,0
06:53:25,17.3,60,0,0,1,0
06:54:25,17.3,60,0,0,1,0
06:55:25,17.2,60,0,0,1,0
06:56:25,17.2,60,0,0,1,0
06:57:25,17.1,60,0,0,1,0
06:58:25,17.1,59,0,0,1,0
06:59:25,17.1,59,0,0,1,0
07:00:25,17.1,59,0,0,1,0
07:01:29,17.1,59,0,0,1,0
07:02:25,17.1,59,0,0,1,0
07:03:25,17,59,0,0,1,0
07:04:25,17,59,0,0,1,0
07:05:25,17,59,0,0,1,0
07:06:25,17,59,0,0,1,0
07:07:25,16.9,59,0,0,1,0
07:08:25,17,59,0,0,1,0
07:09:25,17,59,0,0,1,0
07:10:25,16.9,58,0,0,1,0
07:11:25,16.9,58,0,0,1,0
07:12:25,16.9,58,0,0,1,0
07:13:25,16.9,59,0,0,1,0
07:14:25,16.9,59,0,0,1,0
07:15:25,16.9,58,0,0,1,0
07:16:25,16.9,59,0,0,1,0
07:17:25,16.9,59,0,0,1,0
07:18:25,16.9,59,0,0,1,0
07:19:25,16.9,59,0,0,1,0
07:20:25,16.9,59,0,0,1,0
07:21:25,16.9,59,0,0,1,0
07:22:25,16.9,59,0,0,1,0
07:23:25,16.8,58,0,0,1,0
07:24:25,16.8,59,0,0,1,0
07:25:25,16.8,59,0,0,1,0
07:26:26,16.8,59,0,0,1,0
07:27:27,16.8,59,0,0,1,0
07:28:26,16.8,59,0,0,1,0
07:29:26,16.8,59,0,0,1,0
07:30:26,16.8,59,0,0,1,0
07:31:26,16.8,59,0,0,1,0
07:32:26,16.8,59,0,0,1,0
07:33:26,16.8,59,0,0,1,0
07:34:26,16.8,59,0,0,1,0
07:35:26,16.8,59,0,0,1,0
07:36:26,16.8,59,0,0,1,0
07:37:26,16.8,59,0,0,1,0
07:38:26,16.8,59,0,0,1,0
07:39:26,16.8,59,0,0,1,0
07:40:26,16.8,59,0,0,1,0
07:41:26,16.8,59,0,0,1,0
07:42:26,16.8,59,0,0,1,0
07:43:26,16.7,59,0,0,1,0
07:44:26,16.8,59,0,0,1,0
07:45:26,16.8,59,0,0,1,0
07:46:26,16.8,59,0,0,1,0
07:47:26,16.8,59,0,0,1,0
07:48:31,16.8,59,0,0,1,0
07:49:26,16.8,59,0,0,1,0
07:50:26,16.8,59,0,0,1,0
07:51:26,16.8,59,0,0,1,0
07:52:26,16.8,59,0,0,1,0
07:53:26,16.8,59,0,0,1,0
07:54:26,16.8,59,0,0,1,0
07:55:26,16.8,59,0,0,1,0
07:56:26,16.8,59,0,0,1,0
07:57:26,16.8,59,0,0,1,0
07:58:26,16.8,59,0,0,1,0
07:59:26,16.8,59,0,0,1,0
08:00:26,16.8,59,0,0,1,0
08:01:26,16.8,59,0,0,1,0
08:02:27,16.8,59,0,0,1,0
08:03:27,16.8,59,0,0,1,0
08:04:26,16.8,59,0,0,1,0
08:05:26,16.9,62,0,0,1,0
08:06:26,17.5,66,0,0,1,0
08:07:29,18.2,68,0,0,1,0
08:08:26,18.6,69,0,0,1,0
08:09:26,18.6,67,0,0,1,0
08:10:26,18.3,66,0,0,1,0
08:11:26,18.1,64,0,0,1,0
08:12:26,17.9,63,0,0,1,0
08:13:26,17.8,63,0,0,1,0
08:14:26,17.6,62,0,0,1,0
08:15:28,17.5,61,0,0,1,0
08:16:26,17.5,61,0,0,1,0
08:17:26,17.4,61,0,0,1,0
08:18:28,17.4,61,0,0,1,0
08:19:26,17.3,60,0,0,1,0
08:20:26,17.3,60,0,0,1,0
08:21:26,17.3,60,0,0,1,0
08:22:26,17.3,60,0,0,1,0
08:23:26,17.2,60,0,0,1,0
08:24:26,17.2,60,0,0,1,0
08:25:26,17.1,60,0,0,1,0
08:26:26,17.1,60,0,0,1,0
08:27:29,17.2,59,0,0,1,0
08:28:26,17.2,59,0,0,1,0
08:29:26,17.2,59,0,0,1,0
08:30:27,17.1,59,0,0,1,0
08:31:27,17.1,59,0,0,1,0
08:32:27,17.1,59,0,0,1,0
08:33:27,17.1,59,0,0,1,0
08:34:28,17.1,59,0,0,1,0
08:35:27,17.1,59,0,0,1,0
08:36:27,17.1,59,0,0,1,0
08:37:27,17.1,59,0,0,1,0
08:38:31,17.1,59,0,0,1,0
08:39:27,17.1,59,0,0,1,0
08:40:27,17.1,59,0,0,1,0
08:41:27,17.1,59,0,0,1,0
08:42:27,17.1,59,0,0,1,0
08:43:27,17.1,59,0,0,1,0
08:44:27,17.1,59,0,0,1,0
08:45:27,17.1,59,0,0,1,0
08:46:27,17.1,59,0,0,1,0
08:47:27,17.1,59,0,0,1,0
08:48:27,17.1,59,0,0,1,0
08:49:27,17.1,59,0,0,1,0
08:50:27,17,59,0,0,1,0
08:51:27,17.1,59,0,0,1,0
08:52:27,17.1,59,0,0,1,0
08:53:27,17.1,59,0,0,1,0
08:54:27,17.1,59,0,0,1,0
08:55:27,17.1,59,0,0,1,0
08:56:27,17.1,59,0,0,1,0
08:57:27,17.1,59,0,0,1,0
08:58:27,17.1,59,0,0,1,0
08:59:27,17.1,59,0,0,1,0
09:00:27,17,59,0,0,1,0
09:01:27,17,59,0,0,1,0
09:02:27,17,59,0,0,1,0
09:03:27,17,59,0,0,1,0
09:04:27,17,59,0,0,1,0
09:05:27,17.1,59,0,0,1,0
09:06:27,17.1,59,0,0,1,0
09:07:27,17.1,59,0,0,1,0
09:08:27,17.1,59,0,0,1,0
09:09:27,17.1,59,0,0,1,0
09:10:27,17.1,59,0,0,1,0
09:11:27,17,59,0,0,1,0
09:12:27,17.1,59,0,0,1,0
09:13:27,17.1,59,0,0,1,0
09:14:27,17.1,59,0,0,1,0
09:15:27,17,59,0,0,1,0
09:16:27,17.1,59,0,0,1,0
09:17:30,17.1,59,0,0,1,0
09:18:27,17.1,59,0,0,1,0
09:19:27,17.1,59,0,0,1,0
09:20:27,17.1,59,0,0,1,0
09:21:27,17.1,59,0,0,1,0
09:22:27,17.1,59,0,0,1,0
09:23:27,17.1,59,0,0,1,0
09:24:27,17.1,59,0,0,1,0
09:25:27,17.1,59,0,0,1,0
09:26:27,17.1,59,0,0,1,0
09:27:27,17.2,59,0,0,1,0
09:28:27,17.2,59,0,0,1,0
09:29:27,17.2,59,0,0,1,0
09:30:27,17.2,59,0,0,1,0
09:31:27,17.2,59,0,0,1,0
09:32:27,17.1,59,0,0,1,0
09:33:27,17.2,59,0,0,1,0
09:34:27,17.2,59,0,0,1,0
09:35:27,17.2,59,0,0,1,0
09:36:27,17.2,59,0,0,1,0
09:37:27,17.2,60,0,0,1,0
09:38:27,17.2,59,0,0,1,0
09:39:27,17.2,59,0,0,1,0
09:40:28,17.1,59,0,0,1,0
09:41:27,17.2,60,0,0,1,0
09:42:28,17.1,59,0,0,1,0
09:43:27,17.2,59,0,0,1,0
09:44:27,17.2,60,0,0,1,0
09:45:27,17.2,59,0,0,1,0
09:46:27,17.2,59,0,0,1,0
09:47:27,17.2,59,0,0,1,0
09:48:27,17.2,59,0,0,1,0
09:49:27,17.2,59,0,0,1,0
09:50:27,17.2,59,0,0,1,0
09:51:27,17.3,60,0,0,1,0
09:52:27,17.3,60,0,0,1,0
09:53:27,17.3,60,0,0,1,0
09:54:27,17.3,60,0,0,1,0
09:55:27,17.3,60,0,0,1,0
09:56:28,17.3,60,0,0,1,0
09:57:28,17.3,60,0,0,1,0
09:58:28,17.3,60,0,0,1,0
09:59:28,17.3,60,0,0,1,0
10:00:28,17.3,60,0,0,1,0
10:01:28,17.3,60,0,0,1,0
10:02:28,17.2,60,0,0,1,0
10:03:28,17.3,60,0,0,1,0
10:04:28,17.3,60,0,0,1,0
10:05:28,17.3,60,0,0,1,0
10:06:28,17.3,60,0,0,1,0
10:07:28,17.4,60,0,0,1,0
10:08:28,17.4,60,0,0,1,0
10:09:28,17.4,59,0,0,1,0
10:10:28,17.3,59,0,0,1,0
10:11:28,17.3,59,0,0,1,0
10:12:28,17.3,59,0,0,1,0
10:13:28,17.4,59,0,0,1,0
10:14:30,17.3,59,0,0,1,0
10:15:28,17.3,59,0,0,1,0
10:16:29,17.3,59,0,0,1,0
10:17:30,17.3,59,0,0,1,0
10:18:29,17.3,59,0,0,1,0
10:19:29,17.3,59,0,0,1,0
10:20:29,17.3,59,0,0,1,0
10:21:29,17.4,59,0,0,1,0
10:22:30,17.4,59,0,0,1,0
10:23:29,17.4,59,0,0,1,0
10:25:29,17.4,59,0,0,1,0
10:26:29,17.4,59,0,0,1,0
10:27:29,17.4,59,0,0,1,0
10:28:29,17.4,59,0,0,1,0
10:29:29,17.4,59,0,0,1,0
10:30:29,17.4,59,0,0,1,0
10:31:29,17.4,59,0,0,1,0
10:32:34,17.4,59,0,0,1,0
10:33:30,17.5,59,0,0,1,0
10:34:29,17.4,59,0,0,1,0
10:35:32,17.4,59,0,0,1,0
10:37:29,17.4,59,0,0,1,0
10:38:31,17.4,59,0,0,1,0
10:39:29,17.4,59,0,0,1,0
10:40:30,17.4,59,0,0,1,0
10:42:29,17.4,59,0,0,1,0
10:43:30,17.4,59,0,0,1,0
10:44:29,17.4,59,0,0,1,0
10:45:29,17.4,59,0,0,1,0
10:46:29,17.4,59,0,0,1,0
10:47:30,17.4,59,0,0,1,0
10:48:29,17.4,59,0,0,1,0
10:49:29,17.4,59,0,0,1,0
10:50:29,17.4,59,0,0,1,0
10:51:29,17.4,59,0,0,1,0
10:52:29,17.4,59,0,0,1,0
10:53:29,17.5,59,0,0,1,0
10:54:29,17.5,59,0,0,1,0
10:55:29,17.5,59,0,0,1,0
10:56:29,17.4,59,0,0,1,0
10:57:29,17.5,59,0,0,1,0
10:58:29,17.5,59,0,0,1,0
10:59:29,17.5,59,0,0,1,0
11:00:29,17.5,59,0,0,1,0
11:01:29,17.5,59,0,0,1,0
11:02:29,17.5,59,0,0,1,0
11:03:29,17.6,59,0,0,1,0
11:04:29,17.5,59,0,0,1,0
11:05:29,17.5,59,0,0,1,0
11:06:29,17.5,59,0,0,1,0
11:07:29,17.6,59,0,0,1,0
11:08:29,17.5,60,0,0,1,0
11:09:29,17.5,60,0,0,1,0
11:10:29,17.5,60,0,0,1,0
11:11:29,17.6,60,0,0,1,0
11:12:29,17.6,60,0,0,1,0
11:13:32,17.6,60,0,0,1,0
11:14:29,17.7,60,0,0,1,0
11:15:29,17.7,59,0,0,1,0
11:16:29,17.6,59,0,0,1,0
11:17:29,17.6,60,0,0,1,0
11:18:29,17.6,59,0,0,1,0
11:19:29,17.6,59,0,0,1,0
11:20:29,17.7,60,0,0,1,0
11:21:29,17.6,60,0,0,1,0
11:22:29,17.6,60,0,0,1,0
11:23:29,17.6,60,0,0,1,0
11:24:30,17.7,60,0,0,1,0
11:25:30,17.7,59,0,0,1,0
11:26:30,17.7,60,0,0,1,0
11:27:30,17.7,60,0,0,1,0
11:28:30,17.7,60,0,0,1,0
11:29:30,17.7,60,0,0,1,0
11:30:30,17.7,60,0,0,1,0
11:31:30,17.6,60,0,0,1,0
11:32:30,17.7,60,0,0,1,0
11:33:30,17.7,60,0,0,1,0
11:34:30,17.7,60,0,0,1,0
11:35:30,17.7,60,0,0,1,0
11:36:30,17.7,60,0,0,1,0
11:37:30,17.7,59,0,0,1,0
11:38:30,17.7,59,0,0,1,0
11:39:30,17.7,59,0,0,1,0
11:40:30,17.7,59,0,0,1,0
11:41:31,17.7,60,0,0,1,0
11:42:30,17.7,59,0,0,1,0
11:43:30,17.7,59,0,0,1,0
11:44:30,17.7,59,0,0,1,0
11:45:30,17.7,59,0,0,1,0
11:46:30,17.7,60,0,0,1,0
11:47:30,17.7,60,0,0,1,0
11:48:30,17.7,60,0,0,1,0
11:49:30,17.7,60,0,0,1,0
11:51:30,17.7,59,0,0,1,0
11:52:30,17.7,59,0,0,1,0
11:53:30,17.7,59,0,0,1,0
11:54:30,17.7,59,0,0,1,0
11:55:30,17.7,60,0,0,1,0
11:56:30,17.7,59,0,0,1,0
11:57:32,17.7,60,0,0,1,0
11:58:30,17.7,60,0,0,1,0
11:59:31,17.7,60,0,0,1,0
12:00:34,17.7,60,0,0,1,0
12:01:30,17.7,60,0,0,1,0
12:02:30,17.7,60,0,0,1,0
12:03:30,17.7,60,0,0,1,0
12:04:30,17.7,60,0,0,1,0
12:05:30,17.7,60,0,0,1,0
12:06:30,17.8,59,0,0,1,0
12:07:30,17.8,60,0,0,1,0
12:08:30,17.8,59,0,0,1,0
12:09:30,17.8,59,0,0,1,0
12:10:30,17.8,60,0,0,1,0
12:11:30,17.8,59,0,0,1,0
12:13:32,17.8,60,0,0,1,0
12:14:30,17.8,60,0,0,1,0
12:15:30,17.8,60,0,0,1,0
12:16:30,17.8,60,0,0,1,0
12:17:30,17.8,60,0,0,1,0
12:18:30,17.8,60,0,0,1,0
12:19:30,17.8,60,0,0,1,0
12:20:30,17.8,60,0,0,1,0
12:21:30,17.8,60,0,0,1,0
12:22:30,17.8,60,0,0,1,0
12:23:30,17.8,60,0,0,1,0
12:24:30,17.8,60,0,0,1,0
12:25:30,17.8,60,0,0,1,0
12:26:30,17.9,60,0,0,1,0
12:27:30,17.9,60,0,0,1,0
12:28:30,17.9,60,0,0,1,0
12:29:30,17.9,60,0,0,1,0
12:30:30,17.9,60,0,0,1,0
12:31:30,17.9,60,0,0,1,0
12:32:30,18,60,0,0,1,0
12:33:31,18,60,0,0,1,0
12:34:31,18,60,0,0,1,0
12:35:31,18,60,0,0,1,0
12:36:31,18,60,0,0,1,0
12:37:31,18,60,0,0,1,0
12:38:31,18,60,0,0,1,0
12:39:31,18,60,0,0,1,0
12:40:31,18,60,0,0,1,0
12:41:31,18,60,0,0,1,0
12:42:31,18,60,0,0,1,0
12:43:31,18,60,0,0,1,0
12:44:31,18,60,0,0,1,0
12:45:31,18,60,0,0,1,0
12:46:31,18,60,0,0,1,0
12:47:31,18,60,0,0,1,0
12:48:31,18,60,0,0,1,0
12:49:31,18,60,0,0,1,0
12:50:31,18,60,0,0,1,0
12:51:32,18,60,0,0,1,0
12:52:31,18,60,0,0,1,0
12:53:31,18,60,0,0,1,0
12:54:31,18,60,0,0,1,0
12:55:31,18,60,0,0,1,0
12:56:31,18,60,0,0,1,0
12:57:31,18,60,0,0,1,0
12:58:31,18,60,0,0,1,0
12:59:31,18.1,60,0,0,1,0
13:00:31,18,60,0,0,1,0
13:01:31,18,60,0,0,1,0
13:02:31,18,60,0,0,1,0
13:03:31,18,60,0,0,1,0
13:04:31,18.1,60,0,0,1,0
13:05:31,18.1,60,0,0,1,0
13:06:31,18.1,60,0,0,1,0
13:07:31,18.1,60,0,0,1,0
13:08:31,18,60,0,0,1,0
13:09:31,18,60,0,0,1,0
13:10:31,18.1,60,0,0,1,0
13:11:32,18.1,60,0,0,1,0
13:12:31,18,60,0,0,1,0
13:13:31,18.1,60,0,0,1,0
13:14:31,18.1,60,0,0,1,0
13:15:31,18.1,60,0,0,1,0
13:16:33,18.1,60,0,0,1,0
13:17:31,18.1,60,0,0,1,0
13:18:31,18.1,60,0,0,1,0
13:19:31,18.1,60,0,0,1,0
13:20:31,18.1,60,0,0,1,0
13:21:31,18.1,60,0,0,1,0
13:22:31,18.1,60,0,0,1,0
13:23:31,18.1,59,0,0,1,0
13:24:31,18.1,59,0,0,1,0
13:25:31,18.1,59,0,0,1,0
13:26:31,18.2,59,0,0,1,0
13:27:31,18.1,60,0,0,1,0
13:28:31,18.2,60,0,0,1,0
13:29:31,18.2,59,0,0,1,0
13:30:31,18.2,60,0,0,1,0
13:31:31,18.2,60,0,0,1,0
13:32:31,18.1,60,0,0,1,0
13:33:31,18.2,60,0,0,1,0
13:34:31,18.2,60,0,0,1,0
13:35:32,18.2,60,0,0,1,0
13:36:31,18.2,60,0,0,1,0
13:37:31,18.2,60,0,0,1,0
13:38:31,18.2,60,0,0,1,0
13:39:31,18.2,60,0,0,1,0
13:40:31,18.2,60,0,0,1,0
13:41:31,18.2,60,0,0,1,0
13:42:31,18.2,60,0,0,1,0
13:43:31,18.2,60,0,0,1,0
13:44:31,18.3,60,0,0,1,0
13:45:32,18.2,60,0,0,1,0
13:46:31,18.2,60,0,0,1,0
13:47:31,18.2,60,0,0,1,0
13:48:32,18.2,60,0,0,1,0
13:49:32,18.3,60,0,0,1,0
13:51:33,18.3,60,0,0,1,0
13:52:31,18.3,60,0,0,1,0
13:53:31,18.3,60,0,0,1,0
13:54:31,18.3,60,0,0,1,0
13:57:34,18.3,60,0,0,1,0
13:58:33,18.3,60,0,0,1,0
13:59:34,18.3,60,0,0,1,0
14:01:34,18.3,60,0,0,1,0
14:02:31,18.3,60,0,0,1,0
14:03:32,18.3,60,0,0,1,0
14:04:32,18.3,60,0,0,1,0
14:05:31,18.3,60,0,0,1,0
14:06:33,18.3,60,0,0,1,0
14:07:35,18.3,60,0,0,1,0
14:08:32,18.4,60,0,0,1,0
14:09:32,18.3,60,0,0,1,0
14:10:37,18.3,60,0,0,1,0
14:11:33,18.4,60,0,0,1,0
14:12:33,18.4,60,0,0,1,0
14:13:32,18.4,60,0,0,1,0
14:15:33,18.4,60,0,0,1,0
14:17:32,18.4,60,0,0,1,0
14:18:32,18.4,60,0,0,1,0
14:19:32,18.4,60,0,0,1,0
14:20:32,18.4,60,0,0,1,0
14:21:32,18.5,60,0,0,1,0
14:23:32,18.5,60,0,0,1,0
14:24:32,18.5,60,0,0,1,0
14:25:33,18.5,60,0,0,1,0
14:26:32,18.5,60,0,0,1,0
14:27:32,18.5,60,0,0,1,0
14:28:33,18.5,60,0,0,1,0
14:29:32,18.5,60,0,0,1,0
14:30:35,18.5,60,0,0,1,0
14:32:34,18.5,60,0,0,1,0
14:34:35,18.5,60,0,0,1,0
14:37:33,18.5,60,0,0,1,0
14:38:33,18.5,60,0,0,1,0
14:39:32,18.5,60,0,0,1,0
14:40:35,18.5,60,0,0,1,0
14:41:32,18.5,60,0,0,1,0
14:42:32,18.5,60,0,0,1,0
14:43:32,18.6,60,0,0,1,0
14:44:32,18.6,60,0,0,1,0
14:45:32,18.6,60,0,0,1,0
14:46:32,18.6,60,0,0,1,0
14:47:32,18.6,60,0,0,1,0
14:48:32,18.6,60,0,0,1,0
14:49:32,18.6,60,0,0,1,0
14:50:32,18.6,60,0,0,1,0
14:51:33,18.6,60,0,0,1,0
14:52:32,18.6,60,0,0,1,0
14:53:32,18.6,60,0,0,1,0
14:54:35,18.6,60,0,0,1,0
14:55:32,18.6,60,0,0,1,0
14:56:32,18.5,60,0,0,1,0
14:57:32,18.5,60,0,0,1,0
14:58:32,18.5,60,0,0,1,0
14:59:35,18.5,60,0,0,1,0
15:00:32,18.5,60,0,0,1,0
15:01:32,18.5,60,0,0,1,0
15:02:32,18.5,60,0,0,1,0
15:03:32,18.5,60,0,0,1,0
15:04:32,18.5,59,0,0,1,0
15:05:32,18.5,60,0,0,1,0
15:06:32,18.5,60,0,0,1,0
15:07:32,18.5,60,0,0,1,0
15:08:32,18.5,60,0,0,1,0
15:09:32,18.5,60,0,0,1,0
15:10:32,18.5,60,0,0,1,0
15:11:32,18.5,59,0,0,1,0
15:12:32,18.5,59,0,0,1,0
15:13:32,18.5,59,0,0,1,0
15:14:32,18.4,59,0,0,1,0
15:15:32,18.4,59,0,0,1,0
15:16:32,18.4,59,0,0,1,0
15:17:32,18.4,59,0,0,1,0
15:18:32,18.4,59,0,0,1,0
15:19:32,18.4,59,0,0,1,0
15:20:32,18.4,59,0,0,1,0
15:21:32,18.4,59,0,0,1,0
15:22:32,18.4,59,0,0,1,0
15:23:32,18.4,59,0,0,1,0
15:24:32,18.4,59,0,0,1,0
15:25:33,18.6,60,0,0,1,0
15:26:32,18.5,59,0,0,1,0
15:27:32,18.5,59,0,0,1,0
15:28:32,18.3,59,0,0,1,0
15:29:32,18.3,59,0,0,1,0
15:30:32,18.3,59,0,0,1,0
15:31:32,18.3,59,0,0,1,0
15:32:32,18.2,59,0,0,1,0
15:33:32,18.2,59,0,0,1,0
15:34:32,18.2,59,0,0,1,0
15:35:32,18.3,59,0,0,1,0
15:36:32,18.2,59,0,0,1,0
15:37:32,18.2,59,0,0,1,0
15:38:32,18.2,59,0,0,1,0
15:39:33,18.2,59,0,0,1,0
15:40:33,18.2,59,0,0,1,0
15:41:33,18.2,59,0,0,1,0
15:42:33,18.2,59,0,0,1,0
15:43:33,18.2,59,0,0,1,0
15:44:33,18.2,59,0,0,1,0
15:45:33,18.2,59,0,0,1,0
15:46:33,18.2,59,0,0,1,0
15:47:33,18.2,59,0,0,1,0
15:48:33,18.2,59,0,0,1,0
15:49:33,18.1,59,0,0,1,0
15:50:33,18.2,59,0,0,1,0
15:51:36,18.1,59,0,0,1,0
15:52:33,18.1,59,0,0,1,0
15:53:33,18.1,59,0,0,1,0
15:54:33,18.1,59,0,0,1,0
15:55:33,18.1,59,0,0,1,0
15:56:33,18,58,0,0,1,0
15:57:33,18,59,0,0,1,0
15:58:33,18.1,59,0,0,1,0
15:59:33,18.1,59,0,0,1,0
16:00:33,18,59,0,0,1,0
16:01:33,18.1,58,0,0,1,0
16:02:33,18.1,59,0,0,1,0
16:03:33,18,59,0,0,1,0
16:04:33,18.1,59,0,0,1,0
16:05:33,18.1,59,0,0,1,0
16:06:33,18.1,59,0,0,1,0
16:07:33,18.1,59,0,0,1,0
16:08:33,18.1,59,0,0,1,0
16:09:33,18.1,59,0,0,1,0
16:10:33,18.1,59,0,0,1,0
16:11:33,18.1,59,0,0,1,0
16:12:33,18.1,59,0,0,1,0
16:13:33,18.1,59,0,0,1,0
16:14:33,18,59,0,0,1,0
16:15:33,18.1,59,0,0,1,0
16:16:33,18.1,59,0,0,1,0
16:17:33,18.1,59,0,0,1,0
16:18:33,18,59,0,0,1,0
16:19:33,18,59,0,0,1,0
16:20:33,18,59,0,0,1,0
16:21:33,18,59,0,0,1,0
16:22:33,18,59,0,0,1,0
16:23:33,18.1,59,0,0,1,0
16:24:33,18.1,59,0,0,1,0
16:25:33,18.1,59,0,0,1,0
16:26:33,18,59,0,0,1,0
16:27:33,18,59,0,0,1,0
16:28:34,18,59,0,0,1,0
16:29:33,18,59,0,0,1,0
16:30:33,17.9,59,0,0,1,0
16:31:33,17.9,59,0,0,1,0
16:32:34,17.9,59,0,0,1,0
16:33:33,17.9,59,0,0,1,0
16:34:33,17.9,59,0,0,1,0
16:35:33,17.9,59,0,0,1,0
16:36:33,17.9,58,0,0,1,0
16:37:34,17.9,58,0,0,1,0
16:38:33,17.8,58,0,0,1,0
16:39:33,17.9,59,0,0,1,0
16:40:33,17.9,58,0,0,1,0
16:41:33,17.9,58,0,0,1,0
16:42:33,17.9,58,0,0,1,0
16:43:33,17.8,58,0,0,1,0
16:44:33,17.8,59,0,0,1,0
16:45:33,17.8,59,0,0,1,0
16:46:33,17.8,59,0,0,1,0
16:47:33,17.8,59,0,0,1,0
16:48:34,17.8,59,0,0,1,0
16:49:37,17.9,59,0,0,1,0
16:50:34,17.9,59,0,0,1,0
16:51:34,17.8,59,0,0,1,0
16:52:34,17.9,59,0,0,1,0
16:53:34,17.9,59,0,0,1,0
16:54:34,17.9,59,0,0,1,0
16:55:34,17.9,59,0,0,1,0
16:56:34,17.8,59,0,0,1,0
16:57:34,17.8,59,0,0,1,0
16:58:34,17.8,59,0,0,1,0
16:59:34,17.8,59,0,0,1,0
17:00:34,17.8,59,0,0,1,0
17:01:34,17.8,59,0,0,1,0
17:02:34,17.9,59,0,0,1,0
17:03:34,17.9,59,0,0,1,0
17:04:34,17.8,59,0,0,1,0
17:05:34,17.8,59,0,0,1,0
17:06:35,17.8,59,0,0,1,0
17:07:34,17.9,59,0,0,1,0
17:08:35,17.8,59,0,0,1,0
17:09:35,17.9,59,0,0,1,0
17:10:35,17.8,59,0,0,1,0
17:11:35,17.8,59,0,0,1,0
17:12:35,17.8,59,0,0,1,0
17:13:35,17.8,59,0,0,1,0
17:14:35,17.8,59,0,0,1,0
17:15:35,17.8,59,0,0,1,0
17:16:35,17.8,59,0,0,1,0
17:17:35,17.8,59,0,0,1,0
17:18:35,17.8,59,0,0,1,0
17:19:35,17.8,59,0,0,1,0
17:20:35,17.8,59,0,0,1,0
17:21:35,17.8,59,0,0,1,0
17:22:35,17.8,59,0,0,1,0
17:23:37,17.8,59,0,0,1,0
17:24:35,17.7,59,0,0,1,0
17:25:35,17.7,59,0,0,1,0
17:26:35,17.7,59,0,0,1,0
17:27:35,17.7,59,0,0,1,0
17:28:35,17.7,59,0,0,1,0
17:29:35,17.7,58,0,0,1,0
17:30:35,17.7,59,0,0,1,0
17:31:35,17.7,59,0,0,1,0
17:32:35,17.7,59,0,0,1,0
17:33:35,17.7,59,0,0,1,0
17:34:35,17.7,59,0,0,1,0
17:35:35,17.7,59,0,0,1,0
17:36:35,17.7,59,0,0,1,0
17:37:36,17.7,59,0,0,1,0
17:38:36,17.7,59,0,0,1,0
17:39:35,17.7,59,0,0,1,0
17:40:35,17.7,59,0,0,1,0
17:41:35,17.7,59,0,0,1,0
17:42:35,17.7,59,0,0,1,0
17:43:35,17.7,59,0,0,1,0
17:44:35,17.7,59,0,0,1,0
17:45:35,17.7,59,0,0,1,0
17:46:35,17.7,59,0,0,1,0
17:47:35,17.6,59,0,0,1,0
17:48:35,17.6,59,0,0,1,0
17:49:35,17.6,59,0,0,1,0
17:50:35,17.7,58,0,0,1,0
17:51:35,17.6,59,0,0,1,0
17:52:35,17.6,59,0,0,1,0
17:53:36,17.7,59,0,0,1,0
17:54:35,17.6,59,0,0,1,0
17:55:36,17.6,59,0,0,1,0
17:56:36,17.6,59,0,0,1,0
17:57:36,17.6,59,0,0,1,0
17:58:36,17.6,59,0,0,1,0
17:59:36,17.6,59,0,0,1,0
18:00:36,17.6,59,0,0,1,0
18:01:37,17.6,59,0,0,1,0
18:02:36,17.6,58,0,0,1,0
18:03:36,17.6,58,0,0,1,0
18:04:36,17.6,58,0,0,1,0
18:05:36,17.5,58,0,0,1,0
18:06:36,17.5,58,0,0,1,0
18:07:36,17.5,58,0,0,1,0
18:08:36,17.6,59,0,0,1,0
18:09:36,17.5,59,0,0,1,0
18:10:36,17.5,59,0,0,1,0
18:11:36,17.6,59,0,0,1,0
18:12:36,17.5,59,0,0,1,0
18:13:36,17.5,59,0,0,1,0
18:14:36,17.5,59,0,0,1,0
18:15:36,17.5,59,0,0,1,0
18:16:36,17.6,59,0,0,1,0
18:17:36,17.5,59,0,0,1,0
18:18:36,17.5,59,0,0,1,0
18:19:36,17.5,59,0,0,1,0
18:20:36,17.5,59,0,0,1,0
18:21:36,17.5,59,0,0,1,0
18:22:36,17.5,59,0,0,1,0
18:23:36,17.5,59,0,0,1,0
18:24:36,17.5,59,0,0,1,0
18:25:36,17.5,59,0,0,1,0
18:26:36,17.5,59,0,0,1,0
18:27:36,17.5,59,0,0,1,0
18:28:36,17.5,59,0,0,1,0
18:29:36,17.5,59,0,0,1,0
18:30:36,17.5,59,0,0,1,0
18:31:36,17.5,59,0,0,1,0
18:32:36,17.5,58,0,0,1,0
18:33:36,17.5,58,0,0,1,0
18:34:36,17.5,59,0,0,1,0
18:35:36,17.5,58,0,0,1,0
18:36:36,17.5,58,0,0,1,0
18:37:36,17.5,58,0,0,1,0
18:39:36,17.4,58,0,0,1,0
18:40:36,17.4,58,0,0,1,0
18:41:36,17.4,58,0,0,1,0
18:42:36,17.4,58,0,0,1,0
18:43:36,17.5,58,0,0,1,0
18:44:36,17.5,58,0,0,1,0
18:45:36,17.4,58,0,0,1,0
18:46:36,17.4,58,0,0,1,0
18:47:36,17.4,58,0,0,1,0
18:48:36,17.4,58,0,0,1,0
18:49:36,17.4,58,0,0,1,0
18:50:36,17.4,58,0,0,1,0
18:51:36,17.4,58,0,0,1,0
18:52:36,17.4,58,0,0,1,0
18:53:37,17.4,58,0,0,1,0
18:54:36,17.4,58,0,0,1,0
18:55:36,17.4,58,0,0,1,0
18:56:36,17.4,58,0,0,1,0
18:57:36,17.4,58,0,0,1,0
18:58:36,17.4,58,0,0,1,0
18:59:37,17.3,58,0,0,1,0
19:00:36,17.3,58,0,0,1,0
19:01:36,17.3,58,0,0,1,0
19:02:36,17.3,58,0,0,1,0
19:03:36,17.3,59,0,0,1,0
19:04:36,17.4,58,0,0,1,0
19:05:36,17.4,58,0,0,1,0
19:06:36,17.4,58,0,0,1,0
19:07:36,17.3,58,0,0,1,0
19:08:36,17.4,58,0,0,1,0
19:09:36,17.3,58,0,0,1,0
19:10:36,17.3,58,0,0,1,0
19:11:36,17.3,58,0,0,1,0
19:12:36,17.4,58,0,0,1,0
19:13:36,17.3,58,0,0,1,0
19:14:36,17.3,58,0,0,1,0
19:15:37,17.3,58,0,0,1,0
19:16:36,17.3,58,0,0,1,0
19:17:36,17.3,58,0,0,1,0
19:18:36,17.3,58,0,0,1,0
19:19:36,17.3,58,0,0,1,0
19:20:36,17.2,58,0,0,1,0
19:21:36,17.2,58,0,0,1,0
19:22:37,17.2,58,0,0,1,0
19:23:36,17.2,58,0,0,1,0
19:24:36,17.2,58,0,0,1,0
19:25:36,17.3,58,0,0,1,0
19:26:36,17.2,58,0,0,1,0
19:27:36,17.2,58,0,0,1,0
19:28:36,17.2,58,0,0,1,0
19:29:37,17.2,58,0,0,1,0
19:30:37,17.2,58,0,0,1,0
19:31:37,17.2,58,0,0,1,0
19:32:37,17.3,58,0,0,1,0
19:33:37,17.3,58,0,0,1,0
19:34:37,17.2,58,0,0,1,0
19:35:37,17.2,58,0,0,1,0
19:36:37,17.2,58,0,0,1,0
19:37:37,17.2,58,0,0,1,0
19:38:37,17.2,58,0,0,1,0
19:39:37,17.2,58,0,0,1,0
19:40:37,17.2,58,0,0,1,0
19:41:37,17.2,58,0,0,1,0
19:42:37,17.2,58,0,0,1,0
19:43:37,17.2,58,0,0,1,0
19:44:37,17.2,58,0,0,1,0
19:45:37,17.2,58,0,0,1,0
19:46:38,17.2,58,0,0,1,0
19:47:39,17.2,59,0,0,1,0
19:48:37,17.2,58,0,0,1,0
19:49:37,17.2,58,0,0,1,0
19:50:37,17.2,58,0,0,1,0
19:51:37,17.2,58,0,0,1,0
19:52:40,17.2,58,0,0,1,0
19:53:37,17.2,58,0,0,1,0
19:54:37,17.2,58,0,0,1,0
19:55:37,17.2,58,0,0,1,0
19:56:37,17.2,58,0,0,1,0
19:57:37,17.2,58,0,0,1,0
19:58:37,17.2,59,0,0,1,0
19:59:37,17.2,58,0,0,1,0
20:00:40,17.2,59,0,0,1,0
20:01:37,17.2,59,0,0,1,0
20:02:38,17.2,58,0,0,1,0
20:03:39,17.2,58,0,0,1,0
20:04:37,17.2,58,0,0,1,0
20:05:37,17.2,58,0,0,1,0
20:06:37,17.2,58,0,0,1,0
20:07:37,17.2,58,0,0,1,0
20:08:37,17.2,58,0,0,1,0
20:09:37,17.2,58,0,0,1,0
20:10:37,17.2,58,0,0,1,0
20:11:37,17.2,58,0,0,1,0
20:12:37,17.2,58,0,0,1,0
20:13:37,17.2,58,0,0,1,0
20:14:37,17.2,58,0,0,1,0
20:15:37,17.2,58,0,0,1,0
20:16:37,17.1,58,0,0,1,0
20:17:38,17.1,58,0,0,1,0
20:18:37,17.1,58,0,0,1,0
20:19:37,17.1,58,0,0,1,0
20:20:37,17.1,58,0,0,1,0
20:21:37,17.1,58,0,0,1,0
20:22:37,17.1,58,0,0,1,0
20:23:37,17.1,58,0,0,1,0
20:24:37,17.1,59,0,0,1,0
20:25:37,17.1,58,0,0,1,0
20:26:37,17.1,59,0,0,1,0
20:27:37,17.1,58,0,0,1,0
20:28:37,17.1,58,0,0,1,0
20:29:37,17.2,58,0,0,1,0
20:30:37,17.1,58,0,0,1,0
20:31:38,17.1,58,0,0,1,0
20:32:37,17.1,58,0,0,1,0
20:33:38,17.1,58,0,0,1,0
20:34:38,17.1,58,0,0,1,0
20:35:38,17.1,59,0,0,1,0
20:36:38,17.1,59,0,0,1,0
20:37:38,17.1,59,0,0,1,0
20:38:38,17.2,58,0,0,1,0
20:39:38,17.1,58,0,0,1,0
20:40:38,17.1,58,0,0,1,0
20:41:38,17.1,58,0,0,1,0
20:42:38,17.1,58,0,0,1,0
20:43:40,17.1,58,0,0,1,0
20:44:38,17.2,58,0,0,1,0
20:45:38,17.1,58,0,0,1,0
20:46:38,17.1,58,0,0,1,0
20:47:39,17.1,58,0,0,1,0
20:48:38,17.1,58,0,0,1,0
20:49:38,17.1,58,0,0,1,0
20:50:40,17.1,58,0,0,1,0
20:51:38,17.1,58,0,0,1,0
20:52:38,17.1,58,0,0,1,0
20:53:38,17.1,58,0,0,1,0
20:54:38,17.1,58,0,0,1,0
20:55:38,17.1,58,0,0,1,0
20:56:38,17.1,58,0,0,1,0
20:57:38,17.1,58,0,0,1,0
20:58:38,17.1,58,0,0,1,0
20:59:38,17.1,58,0,0,1,0
21:00:38,17,58,0,0,1,0
21:01:38,17.1,58,0,0,1,0
21:02:38,17.1,58,0,0,1,0
21:03:39,17,58,0,0,1,0
21:04:38,17,58,0,0,1,0
21:05:38,17,58,0,0,1,0
21:06:38,17,58,0,0,1,0
21:07:38,17,58,0,0,1,0
21:08:38,17,58,0,0,1,0
21:09:38,17,58,0,0,1,0
21:10:38,17.1,58,0,0,1,0
21:11:38,17.1,58,0,0,1,0
21:12:38,17.1,58,0,0,1,0
21:13:38,17.1,58,0,0,1,0
21:14:38,17,58,0,0,1,0
21:15:38,17,58,0,0,1,0
21:16:38,17,58,0,0,1,0
21:17:38,17,58,0,0,1,0
21:18:41,17,58,0,0,1,0
21:19:38,17,59,0,0,1,0
21:20:38,17,59,0,0,1,0
21:21:38,17,59,0,0,1,0
21:22:39,17,58,0,0,1,0
21:23:38,17,59,0,0,1,0
21:24:38,17,59,0,0,1,0
21:25:38,17,59,0,0,1,0
21:26:38,17,58,0,0,1,0
21:27:38,17,58,0,0,1,0
21:28:38,17,58,0,0,1,0
21:29:38,17,58,0,0,1,0
21:30:38,17,58,0,0,1,0
21:31:41,17,58,0,0,1,0
21:32:38,17,58,0,0,1,0
21:33:41,17,58,0,0,1,0
21:34:38,17,59,0,0,1,0
21:35:38,17,58,0,0,1,0
21:36:38,16.9,58,0,0,1,0
21:37:40,16.9,58,0,0,1,0
21:38:38,16.9,58,0,0,1,0
21:39:38,16.9,58,0,0,1,0
21:40:39,17,58,0,0,1,0
21:41:38,16.9,58,0,0,1,0
21:42:38,16.9,58,0,0,1,0
21:43:38,16.9,58,0,0,1,0
21:44:38,16.9,58,0,0,1,0
21:45:38,16.9,58,0,0,1,0
21:46:38,16.9,58,0,0,1,0
21:47:38,16.9,58,0,0,1,0
21:48:38,16.9,58,0,0,1,0
21:49:38,16.9,58,0,0,1,0
21:50:38,16.9,58,0,0,1,0
21:51:38,16.9,58,0,0,1,0
21:52:38,16.9,58,0,0,1,0
21:53:38,16.9,58,0,0,1,0
21:54:38,16.9,58,0,0,1,0
21:55:38,16.9,58,0,0,1,0
21:56:38,17,58,0,0,1,0
21:57:38,17,58,0,0,1,0
21:58:38,16.9,58,0,0,1,0
21:59:38,16.9,58,0,0,1,0
22:00:38,16.9,58,0,0,1,0
22:01:38,16.9,58,0,0,1,0
22:02:38,16.9,58,0,0,1,0
22:03:38,16.9,58,0,0,1,0
22:04:38,16.9,58,0,0,1,0
22:05:38,16.9,58,0,0,1,0
22:06:38,16.9,58,0,0,1,0
22:07:38,16.9,58,0,0,1,0
22:08:38,16.9,58,0,0,1,0
22:09:38,16.9,58,0,0,1,0
22:10:39,16.9,58,0,0,1,0
22:11:39,16.9,59,0,0,1,0
22:12:39,16.9,58,0,0,1,0
22:13:39,16.9,58,0,0,1,0
22:14:39,16.9,58,0,0,1,0
22:15:39,16.8,58,0,0,1,0
22:16:39,16.9,58,0,0,1,0
22:17:39,16.8,58,0,0,1,0
22:18:39,16.9,59,0,0,1,0
22:19:39,16.9,59,0,0,1,0
22:20:40,16.8,58,0,0,1,0
22:21:39,16.8,58,0,0,1,0
22:22:39,16.8,58,0,0,1,0
22:23:39,16.8,59,0,0,1,0
22:24:39,16.8,59,0,0,1,0
22:25:39,16.9,59,0,0,1,0
22:26:39,16.8,58,0,0,1,0
22:27:39,16.8,58,0,0,1,0
22:28:39,16.8,58,0,0,1,0
22:29:39,16.8,58,0,0,1,0
22:30:39,16.8,58,0,0,1,0
22:31:42,16.8,58,0,0,1,0
22:32:39,16.8,58,0,0,1,0
22:33:39,16.8,58,0,0,1,0
22:34:40,16.8,58,0,0,1,0
22:35:39,16.8,58,0,0,1,0
22:36:39,16.8,58,0,0,1,0
22:37:39,16.8,58,0,0,1,0
22:38:39,16.8,58,0,0,1,0
22:39:39,16.8,58,0,0,1,0
22:40:39,16.8,58,0,0,1,0
22:41:39,16.8,58,0,0,1,0
22:42:39,16.8,58,0,0,1,0
22:43:39,16.8,58,0,0,1,0
22:44:39,16.8,58,0,0,1,0
22:45:39,16.8,58,0,0,1,0
22:46:39,16.8,58,0,0,1,0
22:47:39,16.8,58,0,0,1,0
22:48:39,16.8,58,0,0,1,0
22:49:39,16.8,58,0,0,1,0
22:50:39,16.8,58,0,0,1,0
22:51:39,16.7,58,0,0,1,0
22:52:39,16.7,58,0,0,1,0
22:53:39,16.7,58,0,0,1,0
22:54:39,16.7,58,0,0,1,0
22:55:39,16.7,58,0,0,1,0
22:56:39,16.7,58,0,0,1,0
22:57:39,16.8,60,0,0,1,0
22:58:39,17.3,64,0,0,1,0
22:59:41,18,67,0,0,1,0
23:00:39,18.6,69,0,0,1,0
23:01:39,18.6,68,0,0,1,0
23:02:39,18.4,66,0,0,1,0
23:03:39,18.2,65,0,0,1,0
23:04:39,17.9,64,0,0,1,0
23:05:39,17.8,63,0,0,1,0
23:06:39,17.7,62,0,0,1,0
23:07:39,17.6,62,0,0,1,0
23:08:39,17.5,61,0,0,1,0
23:09:39,17.4,60,0,0,1,0
23:10:39,17.4,60,0,0,1,0
23:11:39,17.3,60,0,0,1,0
23:12:39,17.4,60,0,0,1,0
23:13:39,17.3,59,0,0,1,0
23:14:41,17.2,59,0,0,1,0
23:15:40,17.2,59,0,0,1,0
23:16:40,17.2,59,0,0,1,0
23:17:40,17.1,59,0,0,1,0
23:18:40,17.1,59,0,0,1,0
23:19:40,17,59,0,0,1,0
23:20:40,17,59,0,0,1,0
23:21:40,17,59,0,0,1,0
23:22:40,17,59,0,0,1,0
23:23:40,17,59,0,0,1,0
23:24:40,17,59,0,0,1,0
23:25:40,17,58,0,0,1,0
23:26:40,16.9,58,0,0,1,0
23:27:40,16.9,58,0,0,1,0
23:28:40,16.9,58,0,0,1,0
23:29:43,16.9,58,0,0,1,0
23:30:40,16.9,58,0,0,1,0
23:31:40,16.9,58,0,0,1,0
23:32:40,16.9,58,0,0,1,0
23:33:40,16.9,58,0,0,1,0
23:34:40,16.9,58,0,0,1,0
23:35:40,16.9,58,0,0,1,0
23:36:40,16.9,58,0,0,1,0
23:37:40,16.8,58,0,0,1,0
23:38:40,16.8,58,0,0,1,0
23:39:41,16.8,58,0,0,1,0
23:40:40,16.8,58,0,0,1,0
23:41:40,16.8,58,0,0,1,0
23:43:40,16.8,58,0,0,1,0
23:44:40,16.8,58,0,0,1,0
23:45:40,16.8,58,0,0,1,0
23:46:41,16.8,58,0,0,1,0
23:47:41,16.8,58,0,0,1,0
23:48:40,16.8,59,0,0,1,0
23:49:40,17.2,63,0,0,1,0
23:51:40,18.5,68,0,0,1,0
23:52:40,18.9,70,0,0,1,0
23:53:42,19,68,0,0,1,0
23:54:40,18.7,66,0,0,1,0
23:55:40,18.3,65,0,0,1,0
23:56:40,18.1,64,0,0,1,0
23:57:40,17.9,63,0,0,1,0
23:58:40,17.7,62,0,0,1,0
23:59:40,17.6,62,0,0,1,0
00:01:40,17.5,61,0,0,1,0
00:02:43,17.4,60,0,0,1,0
00:03:40,17.4,60,0,0,1,0
00:04:40,17.3,59,0,0,1,0
00:05:40,17.2,59,0,0,1,0
00:06:41,17.2,59,0,0,1,0
00:07:40,17.2,59,0,0,1,0
00:08:40,17.1,59,0,0,1,0
00:09:40,17.1,59,0,0,1,0
00:10:40,17,59,0,0,1,0
00:11:40,17,59,0,0,1,0
00:12:40,17,59,0,0,1,0
00:13:40,17,59,0,0,1,0
00:14:45,17,58,0,0,1,0
00:15:40,17,58,0,0,1,0
00:16:40,17,58,0,0,1,0
00:17:40,17,58,0,0,1,0
00:18:40,17,58,0,0,1,0
00:19:40,17,59,0,0,1,0
00:20:40,17,58,0,0,1,0
00:21:40,17,59,0,0,1,0
00:22:45,17,59,0,0,1,0
00:23:40,16.9,59,0,0,1,0
00:25:41,16.9,58,0,0,1,0
00:26:40,16.9,59,0,0,1,0
00:27:40,16.9,59,0,0,1,0
00:29:40,16.9,58,0,0,1,0
00:30:40,16.9,58,0,0,1,0
00:31:42,16.9,58,0,0,1,0
00:32:40,16.9,58,0,0,1,0
00:33:40,16.8,58,0,0,1,0
00:34:40,16.8,58,0,0,1,0
00:35:40,16.8,58,0,0,1,0
00:36:41,16.8,58,0,0,1,0
00:37:40,16.8,58,0,0,1,0
00:38:41,16.8,59,0,0,1,0
00:39:40,16.8,59,0,0,1,0
00:40:40,16.8,58,0,0,1,0
00:41:40,16.8,58,0,0,1,0
00:42:40,16.8,58,0,0,1,0
00:43:40,16.8,58,0,0,1,0
00:44:41,16.8,58,0,0,1,0
00:45:41,16.8,58,0,0,1,0
00:46:41,16.8,58,0,0,1,0
00:47:41,16.7,59,0,0,1,0
00:48:41,17.1,63,0,0,1,0
00:49:41,17.8,66,0,0,1,0
00:50:41,18.4,68,0,0,1,0
00:51:41,18.8,70,0,0,1,0
00:52:41,18.8,68,0,0,1,0
00:53:41,18.6,66,0,0,1,0
00:54:41,18.3,65,0,0,1,0
00:55:41,18,64,0,0,1,0
00:56:41,17.9,63,0,0,1,0
00:57:41,17.8,62,0,0,1,0
00:58:41,17.7,62,0,0,1,0
00:59:41,17.6,61,0,0,1,0
01:00:41,17.5,61,0,0,1,0
01:01:42,17.5,60,0,0,1,0
01:02:41,17.4,60,0,0,1,0
01:03:41,17.3,60,0,0,1,0
01:04:41,17.3,60,0,0,1,0
01:05:41,17.2,60,0,0,1,0
01:06:42,17.2,60,0,0,1,0
01:07:41,17.2,59,0,0,1,0
01:08:41,17.2,59,0,0,1,0
01:09:41,17.1,59,0,0,1,0
01:10:41,17.1,59,0,0,1,0
01:11:41,17.1,58,0,0,1,0
01:12:41,17,58,0,0,1,0
01:13:41,17,58,0,0,1,0
01:14:42,17,58,0,0,1,0
01:15:41,16.9,58,0,0,1,0
01:16:44,16.9,58,0,0,1,0
01:17:41,16.9,58,0,0,1,0
01:18:41,16.9,58,0,0,1,0
01:19:41,16.9,58,0,0,1,0
01:20:41,16.9,58,0,0,1,0
01:21:41,16.9,58,0,0,1,0
01:22:41,16.9,58,0,0,1,0
01:23:41,16.8,58,0,0,1,0
01:24:41,16.8,58,0,0,1,0
01:25:41,16.8,58,0,0,1,0
01:26:41,16.8,58,0,0,1,0
01:27:45,16.8,58,0,0,1,0
01:28:41,16.7,58,0,0,1,0
01:29:42,16.8,58,0,0,1,0
01:30:41,16.8,58,0,0,1,0
01:31:41,16.8,58,0,0,1,0
01:32:41,16.8,58,0,0,1,0
01:33:41,16.8,58,0,0,1,0
01:34:42,16.8,58,0,0,1,0
01:35:41,16.7,58,0,0,1,0
01:36:41,16.9,62,0,0,1,0
01:37:41,17.6,66,0,0,1,0
01:38:44,18.2,68,0,0,1,0
01:39:41,18.4,68,0,0,1,0
01:40:41,18.3,66,0,0,1,0
01:41:41,18.1,65,0,0,1,0
01:42:41,17.9,63,0,0,1,0
01:43:41,17.7,62,0,0,1,0
01:44:41,17.6,62,0,0,1,0
01:45:41,17.4,61,0,0,1,0
01:46:41,17.3,61,0,0,1,0
01:47:44,17.3,60,0,0,1,0
01:48:41,17.2,60,0,0,1,0
01:49:41,17.1,60,0,0,1,0
01:50:41,17.1,59,0,0,1,0
01:51:41,17.1,59,0,0,1,0
01:52:41,17,59,0,0,1,0
01:53:41,17,59,0,0,1,0
01:54:41,17,59,0,0,1,0
01:55:41,17,59,0,0,1,0
01:56:41,17,59,0,0,1,0
01:57:44,16.9,59,0,0,1,0
01:58:41,16.9,59,0,0,1,0
01:59:41,16.9,58,0,0,1,0
02:00:41,16.8,58,0,0,1,0
02:01:41,16.8,58,0,0,1,0
02:02:41,16.8,58,0,0,1,0
02:03:41,16.8,58,0,0,1,0
02:04:41,16.7,58,0,0,1,0
02:05:41,16.7,58,0,0,1,0
02:06:42,17,63,0,0,1,0
02:07:41,17.7,67,0,0,1,0
02:08:43,18.3,69,0,0,1,0
02:09:42,18.8,70,0,0,1,0
02:10:41,18.7,68,0,0,1,0
02:11:41,18.4,66,0,0,1,0
02:12:43,18.1,64,0,0,1,0
02:13:41,17.9,63,0,0,1,0
02:14:41,17.8,62,0,0,1,0
02:15:44,17.6,62,0,0,1,0
02:16:41,17.5,61,0,0,1,0
02:17:42,17.4,60,0,0,1,0
02:18:42,17.3,60,0,0,1,0
02:19:42,17.3,60,0,0,1,0
02:20:42,17.2,59,0,0,1,0
02:21:45,17.1,59,0,0,1,0
02:22:42,17.1,59,0,0,1,0
02:24:42,17,59,0,0,1,0
02:25:42,17,59,0,0,1,0
02:26:42,16.9,58,0,0,1,0
02:27:42,16.9,58,0,0,1,0
02:28:42,16.9,58,0,0,1,0
02:29:42,16.8,58,0,0,1,0
02:30:42,16.8,58,0,0,1,0
02:31:42,16.8,58,0,0,1,0
02:32:42,16.7,58,0,0,1,0
02:33:43,16.7,58,0,0,1,0
02:34:42,16.7,58,0,0,1,0
02:35:42,16.7,58,0,0,1,0
02:36:43,16.7,58,0,0,1,0
02:37:42,16.8,60,0,0,1,0
02:38:42,17.3,65,0,0,1,0
02:39:42,18,67,0,0,1,0
02:40:42,18.6,69,0,0,1,0
02:41:42,18.8,70,0,0,1,0
02:42:43,18.7,67,0,0,1,0
02:43:42,18.4,65,0,0,1,0
02:44:42,18.1,64,0,0,1,0
02:45:42,17.9,63,0,0,1,0
02:46:42,17.8,62,0,0,1,0
02:47:44,17.6,61,0,0,1,0
02:48:42,17.5,60,0,0,1,0
02:49:42,17.4,60,0,0,1,0
02:50:42,17.3,60,0,0,1,0
02:51:47,17.3,60,0,0,1,0
02:52:44,17.2,59,0,0,1,0
02:53:43,17.1,59,0,0,1,0
02:54:43,17.1,59,0,0,1,0
02:55:43,17,59,0,0,1,0
02:56:43,17,59,0,0,1,0
02:57:43,17,58,0,0,1,0
02:58:43,16.9,58,0,0,1,0
02:59:43,16.9,58,0,0,1,0
03:00:43,16.9,58,0,0,1,0
03:01:44,16.9,58,0,0,1,0
03:02:43,16.8,58,0,0,1,0
03:03:43,16.8,57,0,0,1,0
03:04:43,16.8,57,0,0,1,0
03:05:43,16.8,58,0,0,1,0
03:06:43,16.7,57,0,0,1,0
03:07:43,16.7,57,0,0,1,0
03:08:43,16.7,57,0,0,1,0
03:09:43,16.7,58,0,0,1,0
03:10:43,17,62,0,0,1,0
03:11:43,17.6,66,0,0,1,0
03:12:43,18.2,68,0,0,1,0
03:13:43,18.7,70,0,0,1,0
03:14:43,18.7,68,0,0,1,0
03:15:43,18.4,66,0,0,1,0
03:16:43,18.1,64,0,0,1,0
03:17:43,17.9,63,0,0,1,0
03:18:43,17.7,62,0,0,1,0
03:19:43,17.6,62,0,0,1,0
03:20:43,17.4,61,0,0,1,0
03:21:43,17.3,60,0,0,1,0
03:22:43,17.3,60,0,0,1,0
03:23:43,17.2,60,0,0,1,0
03:24:43,17.2,59,0,0,1,0
03:25:44,17.1,59,0,0,1,0
03:26:43,17.1,59,0,0,1,0
03:27:45,17.1,59,0,0,1,0
03:28:43,17,59,0,0,1,0
03:29:43,17,58,0,0,1,0
03:30:43,16.9,58,0,0,1,0
03:31:43,16.9,58,0,0,1,0
03:32:43,16.9,58,0,0,1,0
03:33:43,16.9,58,0,0,1,0
03:34:43,16.8,58,0,0,1,0
03:35:44,16.8,58,0,0,1,0
03:36:43,16.8,58,0,0,1,0
03:37:43,16.9,61,0,0,1,0
03:38:44,17.3,65,0,0,1,0
03:39:43,17.9,68,0,0,1,0
03:40:45,18.5,70,0,0,1,0
03:41:44,18.7,68,0,0,1,0
03:42:44,18.5,66,0,0,1,0
03:43:44,18.2,64,0,0,1,0
03:44:44,17.9,63,0,0,1,0
03:45:44,17.8,62,0,0,1,0
03:46:44,17.6,62,0,0,1,0
03:47:44,17.5,61,0,0,1,0
03:48:44,17.4,60,0,0,1,0
03:49:44,17.3,60,0,0,1,0
03:50:44,17.2,59,0,0,1,0
03:51:44,17.2,59,0,0,1,0
03:52:44,17.1,59,0,0,1,0
03:53:44,17,59,0,0,1,0
03:54:44,17,59,0,0,1,0
03:55:44,17,59,0,0,1,0
03:56:44,16.9,58,0,0,1,0
03:57:44,16.9,58,0,0,1,0
03:58:44,16.9,58,0,0,1,0
03:59:44,16.9,58,0,0,1,0
04:00:44,16.8,57,0,0,1,0
04:01:44,16.7,57,0,0,1,0
04:02:44,16.8,58,0,0,1,0
04:03:44,17.1,63,0,0,1,0
04:04:44,17.7,66,0,0,1,0
04:05:44,18.3,69,0,0,1,0
04:06:44,18.8,70,0,0,1,0
04:07:44,18.8,67,0,0,1,0
04:08:44,18.5,65,0,0,1,0
04:09:44,18.2,64,0,0,1,0
04:10:44,17.9,63,0,0,1,0
04:11:44,17.8,62,0,0,1,0
04:12:44,17.6,61,0,0,1,0
04:13:44,17.5,60,0,0,1,0
04:14:44,17.4,60,0,0,1,0
04:15:44,17.3,60,0,0,1,0
04:16:44,17.3,60,0,0,1,0
04:17:44,17.3,59,0,0,1,0
04:18:44,17.2,59,0,0,1,0
04:19:44,17.1,59,0,0,1,0
04:20:44,17,59,0,0,1,0
04:21:44,17,58,0,0,1,0
04:22:44,17,58,0,0,1,0
04:23:44,17,58,0,0,1,0
04:24:44,16.9,58,0,0,1,0
04:25:44,17,58,0,0,1,0
04:26:47,16.9,58,0,0,1,0
04:27:44,16.9,58,0,0,1,0
04:28:44,16.8,58,0,0,1,0
04:29:44,16.8,58,0,0,1,0
04:30:44,17.2,63,0,0,1,0
04:31:44,17.8,67,0,0,1,0
04:32:44,18.3,68,0,0,1,0
04:33:44,18.4,67,0,0,1,0
04:34:44,18.2,65,0,0,1,0
04:35:44,17.9,63,0,0,1,0
04:36:44,17.7,62,0,0,1,0
04:37:44,17.5,62,0,0,1,0
04:38:45,17.5,61,0,0,1,0
04:39:44,17.3,60,0,0,1,0
04:40:44,17.3,60,0,0,1,0
04:41:44,17.2,59,0,0,1,0
04:42:44,17.1,59,0,0,1,0
04:43:44,17.1,59,0,0,1,0
04:44:44,17,59,0,0,1,0
04:45:44,16.9,59,0,0,1,0
04:46:44,16.9,58,0,0,1,0
04:47:44,16.9,58,0,0,1,0
04:48:44,16.9,58,0,0,1,0
04:49:44,16.8,58,0,0,1,0
04:50:44,16.8,58,0,0,1,0
04:51:44,16.8,58,0,0,1,0
04:52:44,16.8,58,0,0,1,0
04:53:44,16.8,58,0,0,1,0
04:54:44,16.8,58,0,0,1,0
04:55:44,16.8,60,0,0,1,0
04:56:44,17.3,65,0,0,1,0
04:57:44,18,67,0,0,1,0
04:58:44,18.6,70,0,0,1,0
04:59:44,19,71,0,0,1,1
05:00:45,19.3,72,0,0,1,1
05:01:44,19.1,69,0,0,1,0
05:02:44,18.8,67,0,0,1,0
05:03:44,18.4,65,0,0,1,0
05:04:45,18.2,64,0,0,1,0
05:05:44,18,63,0,0,1,0
05:06:44,17.8,62,0,0,1,0
05:07:44,17.7,61,0,0,1,0
05:08:45,17.6,60,0,0,1,0
05:09:44,17.5,60,0,0,1,0
05:10:44,17.4,60,0,0,1,0
05:11:44,17.4,60,0,0,1,0
05:12:44,17.3,59,0,0,1,0
05:13:44,17.2,59,0,0,1,0
05:14:44,17.2,59,0,0,1,0
05:15:44,17.1,59,0,0,1,0
05:16:44,17,59,0,0,1,0
05:17:46,17,58,0,0,1,0
05:18:45,17,58,0,0,1,0
05:19:45,17,58,0,0,1,0
05:20:45,16.9,58,0,0,1,0
05:21:45,16.9,58,0,0,1,0
05:22:45,16.9,58,0,0,1,0
05:23:45,16.9,58,0,0,1,0
05:24:45,16.8,59,0,0,1,0
05:25:45,17.2,63,0,0,1,0
05:26:45,17.9,66,0,0,1,0
05:27:46,18.5,69,0,0,1,0
05:28:45,18.9,70,0,0,1,0
05:29:45,18.7,67,0,0,1,0
05:30:45,18.4,66,0,0,1,0
05:31:45,18.2,64,0,0,1,0
05:32:45,18,63,0,0,1,0
05:33:45,17.8,62,0,0,1,0
05:34:45,17.6,61,0,0,1,0
05:35:45,17.5,61,0,0,1,0
05:36:45,17.3,60,0,0,1,0
05:37:45,17.3,60,0,0,1,0
05:38:45,17.2,59,0,0,1,0
05:39:45,17.2,59,0,0,1,0
05:40:45,17.2,59,0,0,1,0
05:41:45,17.1,59,0,0,1,0
05:42:45,17.1,59,0,0,1,0
05:43:45,17.1,58,0,0,1,0
05:44:45,17,58,0,0,1,0
05:45:45,16.9,58,0,0,1,0
05:46:45,16.9,58,0,0,1,0
05:47:45,16.9,58,0,0,1,0
05:48:45,16.8,58,0,0,1,0
05:49:45,16.8,58,0,0,1,0
05:50:45,16.8,58,0,0,1,0
05:51:45,16.8,58,0,0,1,0
05:52:45,16.9,61,0,0,1,0
05:53:46,17.5,65,0,0,1,0
05:54:45,18.1,67,0,0,1,0
05:55:45,18.7,70,0,0,1,0
05:56:45,18.9,69,0,0,1,0
05:57:45,18.7,67,0,0,1,0
05:58:45,18.3,65,0,0,1,0
05:59:45,18.1,64,0,0,1,0
06:00:45,17.8,63,0,0,1,0
06:01:45,17.7,62,0,0,1,0
06:02:45,17.6,61,0,0,1,0
06:03:45,17.4,61,0,0,1,0
06:04:45,17.3,60,0,0,1,0
06:05:45,17.3,60,0,0,1,0
06:06:45,17.2,60,0,0,1,0
06:07:45,17.2,59,0,0,1,0
06:08:45,17.1,59,0,0,1,0
06:09:45,17,59,0,0,1,0
06:10:45,17,59,0,0,1,0
06:11:45,17,59,0,0,1,0
06:12:45,16.9,58,0,0,1,0
06:13:45,16.9,58,0,0,1,0
06:14:45,16.9,58,0,0,1,0
06:15:45,16.9,58,0,0,1,0
06:16:45,16.8,58,0,0,1,0
06:17:45,16.8,58,0,0,1,0
06:18:45,16.8,58,0,0,1,0
06:19:45,16.7,58,0,0,1,0
06:20:45,16.9,61,0,0,1,0
06:21:45,17.4,65,0,0,1,0
06:22:45,18.1,67,0,0,1,0
06:23:45,18.6,69,0,0,1,0
06:24:45,18.6,67,0,0,1,0
06:25:45,18.3,65,0,0,1,0
06:26:45,18,64,0,0,1,0
06:27:45,17.8,63,0,0,1,0
06:28:45,17.7,62,0,0,1,0
06:29:45,17.6,61,0,0,1,0
06:30:46,17.4,61,0,0,1,0
06:31:46,17.3,60,0,0,1,0
06:32:47,17.3,60,0,0,1,0
06:33:46,17.2,60,0,0,1,0
06:34:46,17.2,59,0,0,1,0
06:35:46,17.1,59,0,0,1,0
06:36:46,17.1,59,0,0,1,0
06:37:46,17,58,0,0,1,0
06:38:46,16.9,58,0,0,1,0
06:39:46,16.9,58,0,0,1,0
06:40:46,16.9,58,0,0,1,0
06:41:46,16.8,58,0,0,1,0
06:42:47,16.8,58,0,0,1,0
06:43:46,16.8,58,0,0,1,0
06:44:46,16.8,59,0,0,1,0
06:45:46,17.2,63,0,0,1,0
06:46:46,17.9,67,0,0,1,0
06:47:46,18.4,69,0,0,1,0
06:48:46,18.9,71,0,0,1,1
06:49:46,19.1,70,0,0,1,1
06:50:46,18.8,68,0,0,1,0
06:51:46,18.5,66,0,0,1,0
06:52:46,18.2,65,0,0,1,0
06:53:46,18,64,0,0,1,0
06:54:46,17.8,63,0,0,1,0
06:55:46,17.7,62,0,0,1,0
06:56:46,17.6,61,0,0,1,0
06:57:46,17.5,60,0,0,1,0
06:58:46,17.3,60,0,0,1,0
06:59:46,17.3,60,0,0,1,0
07:00:46,17.3,60,0,0,1,0
07:01:46,17.2,60,0,0,1,0
07:02:46,17.1,59,0,0,1,0
07:03:46,17.1,59,0,0,1,0
07:04:46,17.1,59,0,0,1,0
07:05:46,17,59,0,0,1,0
07:06:46,17,58,0,0,1,0
07:07:46,17,58,0,0,1,0
07:08:50,17.3,60,0,0,1,0
07:09:46,18,64,0,0,1,0
07:10:46,18.5,67,0,0,1,0
07:11:46,18.9,68,0,0,1,0
07:12:46,18.8,67,0,0,1,0
07:13:46,18.5,65,0,0,1,0
07:14:46,18.3,63,0,0,1,0
07:15:46,18,62,0,0,1,0
07:16:46,17.8,62,0,0,1,0
07:17:46,17.7,61,0,0,1,0
07:18:46,17.5,60,0,0,1,0
07:19:46,17.5,60,0,0,1,0
07:20:46,17.4,60,0,0,1,0
07:21:46,17.3,59,0,0,1,0
07:22:46,17.3,59,0,0,1,0
07:23:46,17.3,59,0,0,1,0
07:24:46,17.2,59,0,0,1,0
07:25:46,17.1,59,0,0,1,0
07:26:46,17.1,59,0,0,1,0
07:27:46,17,58,0,0,1,0
07:28:46,17,58,0,0,1,0
07:29:46,16.9,58,0,0,1,0
07:30:46,16.9,58,0,0,1,0
07:31:46,16.9,58,0,0,1,0
07:32:46,16.8,58,0,0,1,0
07:33:46,16.9,58,0,0,1,0
07:34:46,16.8,58,0,0,1,0
07:35:47,16.8,58,0,0,1,0
07:36:46,16.8,58,0,0,1,0
07:37:46,16.8,58,0,0,1,0
07:38:46,16.8,58,0,0,1,0
07:39:46,16.8,59,0,0,1,0
07:40:46,17.2,63,0,0,1,0
07:41:46,17.8,67,0,0,1,0
07:42:47,18.4,70,0,0,1,0
07:43:46,18.8,70,0,0,1,0
07:44:46,18.6,67,0,0,1,0
07:45:46,18.4,66,0,0,1,0
07:46:46,18.1,64,0,0,1,0
07:47:46,17.9,63,0,0,1,0
07:48:46,17.7,63,0,0,1,0
07:49:46,17.6,62,0,0,1,0
07:50:46,17.5,61,0,0,1,0
07:51:46,17.4,60,0,0,1,0
07:52:46,17.4,60,0,0,1,0
07:53:46,17.3,60,0,0,1,0
07:54:46,17.2,60,0,0,1,0
07:55:46,17.2,59,0,0,1,0
07:56:47,17.1,59,0,0,1,0
07:57:47,17.1,59,0,0,1,0
07:58:47,17,59,0,0,1,0
07:59:48,17,59,0,0,1,0
08:00:47,17,59,0,0,1,0
08:01:47,17,59,0,0,1,0
08:02:47,16.9,58,0,0,1,0
08:03:47,16.9,58,0,0,1,0
08:04:47,16.9,58,0,0,1,0
08:05:47,16.8,58,0,0,1,0
08:06:47,16.9,59,0,0,1,0
08:07:47,16.9,58,0,0,1,0
08:08:47,16.8,58,0,0,1,0
08:09:47,16.8,58,0,0,1,0
08:10:47,16.8,58,0,0,1,0
08:11:48,16.8,58,0,0,1,0
08:12:47,16.8,59,0,0,1,0
08:13:47,16.8,59,0,0,1,0
08:14:47,16.8,58,0,0,1,0
08:15:47,16.8,58,0,0,1,0
08:16:47,16.8,58,0,0,1,0
08:17:47,16.8,58,0,0,1,0
08:18:47,16.8,58,0,0,1,0
08:19:47,16.8,58,0,0,1,0
08:20:47,16.7,58,0,0,1,0
08:21:47,16.8,58,0,0,1,0
08:22:47,16.8,58,0,0,1,0
08:23:47,16.7,58,0,0,1,0
08:24:47,16.8,58,0,0,1,0
08:25:47,16.7,58,0,0,1,0
08:26:47,16.7,58,0,0,1,0
08:27:47,16.7,58,0,0,1,0
08:28:47,16.8,58,0,0,1,0
08:29:47,16.8,58,0,0,1,0
08:30:47,16.8,58,0,0,1,0
08:31:47,16.8,58,0,0,1,0
08:32:47,16.7,58,0,0,1,0
08:33:47,16.7,58,0,0,1,0
08:34:47,16.7,58,0,0,1,0
08:35:47,16.7,59,0,0,1,0
08:36:47,16.7,59,0,0,1,0
08:37:49,16.7,59,0,0,1,0
08:38:47,16.7,58,0,0,1,0
08:39:47,16.7,58,0,0,1,0
08:40:48,16.7,58,0,0,1,0
08:41:48,16.7,58,0,0,1,0
08:42:48,16.7,58,0,0,1,0
08:43:48,16.6,58,0,0,1,0
08:44:48,16.6,58,0,0,1,0
08:45:48,16.6,58,0,0,1,0
08:46:48,16.6,58,0,0,1,0
08:47:48,16.6,58,0,0,1,0
08:48:48,16.7,60,0,0,1,0
08:49:48,17.2,65,0,0,1,0
08:50:48,17.9,68,0,0,1,0
08:51:48,18.5,69,0,0,1,0
08:52:48,18.8,70,0,0,1,1
08:53:48,18.7,69,0,0,1,0
08:54:48,18.5,66,0,0,1,0
08:55:48,18.2,65,0,0,1,0
08:56:48,18,64,0,0,1,0
08:57:48,17.8,63,0,0,1,0
08:58:48,17.6,62,0,0,1,0
08:59:48,17.5,61,0,0,1,0
09:00:50,17.4,61,0,0,1,0
09:01:48,17.3,60,0,0,1,0
09:02:48,17.3,60,0,0,1,0
09:03:48,17.2,60,0,0,1,0
09:04:48,17.2,60,0,0,1,0
09:05:48,17.1,59,0,0,1,0
09:06:48,17.1,59,0,0,1,0
09:07:48,17,59,0,0,1,0
09:08:48,17,59,0,0,1,0
09:09:48,17,59,0,0,1,0
09:10:48,16.9,59,0,0,1,0
09:11:48,16.9,59,0,0,1,0
09:12:48,16.9,59,0,0,1,0
09:13:48,16.9,59,0,0,1,0
09:14:48,16.9,58,0,0,1,0
09:15:48,16.9,58,0,0,1,0
09:16:48,16.9,58,0,0,1,0
09:17:48,16.9,58,0,0,1,0
09:18:48,16.9,58,0,0,1,0
09:19:48,16.9,58,0,0,1,0
09:20:48,16.9,58,0,0,1,0
09:21:48,16.9,58,0,0,1,0
09:22:48,16.8,58,0,0,1,0
09:23:49,16.8,58,0,0,1,0
09:24:48,16.8,58,0,0,1,0
09:25:48,16.8,58,0,0,1,0
09:26:48,16.8,58,0,0,1,0
09:27:48,16.8,58,0,0,1,0
09:28:48,16.8,58,0,0,1,0
09:29:48,16.8,59,0,0,1,0
09:30:48,17.2,64,0,0,1,0
09:31:48,17.9,67,0,0,1,0
09:32:48,18.5,69,0,0,1,0
09:33:48,18.6,68,0,0,1,0
09:34:48,18.5,66,0,0,1,0
09:35:48,18.2,65,0,0,1,0
09:36:48,17.9,63,0,0,1,0
09:37:48,17.8,62,0,0,1,0
09:38:48,17.6,62,0,0,1,0
09:39:48,17.5,61,0,0,1,0
09:40:48,17.4,61,0,0,1,0
09:41:48,17.3,60,0,0,1,0
09:42:48,17.3,60,0,0,1,0
09:43:48,17.3,60,0,0,1,0
09:44:49,17.2,60,0,0,1,0
09:45:48,17.2,59,0,0,1,0
09:46:48,17.2,59,0,0,1,0
09:47:48,17.2,59,0,0,1,0
09:48:48,17.1,59,0,0,1,0
09:49:48,17.1,59,0,0,1,0
09:50:48,17.1,59,0,0,1,0
09:51:48,17.1,59,0,0,1,0
09:52:48,17.1,59,0,0,1,0
09:53:48,17,59,0,0,1,0
09:54:48,17,58,0,0,1,0
09:55:48,17,58,0,0,1,0
09:56:49,17,59,0,0,1,0
09:57:49,17,59,0,0,1,0
09:58:49,16.9,58,0,0,1,0
09:59:49,16.9,58,0,0,1,0
10:00:49,16.9,58,0,0,1,0
10:01:49,16.9,58,0,0,1,0
10:02:50,16.9,58,0,0,1,0
10:03:49,16.9,58,0,0,1,0
10:04:49,16.9,58,0,0,1,0
10:05:49,16.9,59,0,0,1,0
10:06:49,16.9,59,0,0,1,0
10:07:49,16.9,59,0,0,1,0
10:08:49,16.9,59,0,0,1,0
10:09:49,16.9,59,0,0,1,0
10:10:49,17,58,0,0,1,0
10:11:49,16.9,58,0,0,1,0
10:12:49,16.9,58,0,0,1,0
10:13:49,16.9,58,0,0,1,0
10:14:49,16.9,58,0,0,1,0
10:15:49,16.9,58,0,0,1,0
10:16:49,16.9,58,0,0,1,0
10:17:49,16.9,58,0,0,1,0
10:18:49,16.8,58,0,0,1,0
10:19:49,16.9,58,0,0,1,0
10:20:49,16.9,58,0,0,1,0
10:21:49,16.9,58,0,0,1,0
10:22:49,16.9,58,0,0,1,0
10:23:49,16.9,58,0,0,1,0
10:24:49,16.9,58,0,0,1,0
10:25:52,16.9,58,0,0,1,0
10:26:49,16.9,58,0,0,1,0
10:27:50,16.9,58,0,0,1,0
10:28:49,16.9,58,0,0,1,0
10:29:49,16.9,58,0,0,1,0
10:30:49,16.9,58,0,0,1,0
10:31:49,16.9,58,0,0,1,0
10:32:49,16.9,58,0,0,1,0
10:33:49,16.9,58,0,0,1,0
10:34:49,16.9,59,0,0,1,0
10:35:49,16.9,59,0,0,1,0
10:36:49,16.8,59,0,0,1,0
10:37:49,16.9,59,0,0,1,0
10:38:49,16.9,59,0,0,1,0
10:39:49,16.9,58,0,0,1,0
10:40:49,16.9,58,0,0,1,0
10:41:49,16.9,58,0,0,1,0
10:42:49,16.9,58,0,0,1,0
10:43:49,16.9,58,0,0,1,0
10:44:49,16.9,59,0,0,1,0
10:45:49,16.9,59,0,0,1,0
10:46:49,16.9,59,0,0,1,0
10:47:49,16.9,59,0,0,1,0
10:48:49,16.9,59,0,0,1,0
10:49:51,16.9,59,0,0,1,0
10:50:49,16.9,59,0,0,1,0
10:51:49,17,59,0,0,1,0
10:52:49,17,59,0,0,1,0
10:53:49,17,59,0,0,1,0
10:54:49,16.9,59,0,0,1,0
10:55:49,17,59,0,0,1,0
10:56:49,17,59,0,0,1,0
10:57:49,17,59,0,0,1,0
10:58:49,17,59,0,0,1,0
10:59:49,17,59,0,0,1,0
11:00:49,17,59,0,0,1,0
11:01:49,17,59,0,0,1,0
11:02:49,17.1,59,0,0,1,0
11:03:49,17.1,59,0,0,1,0
11:04:49,17,59,0,0,1,0
11:05:49,17,59,0,0,1,0
11:06:49,17,59,0,0,1,0
11:07:49,17.1,59,0,0,1,0
11:08:49,17.1,59,0,0,1,0
11:09:49,17.1,59,0,0,1,0
11:10:49,17.1,59,0,0,1,0
11:11:49,17.1,59,0,0,1,0
11:12:52,17.1,59,0,0,1,0
11:13:49,17.1,59,0,0,1,0
11:14:49,17.1,59,0,0,1,0
11:15:49,17.1,59,0,0,1,0
11:16:49,17.1,59,0,0,1,0
11:17:51,17.1,59,0,0,1,0
11:18:49,17.1,59,0,0,1,0
11:19:50,17.2,59,0,0,1,0
11:20:50,17.2,59,0,0,1,0
11:21:50,17.1,59,0,0,1,0
11:22:50,17.1,59,0,0,1,0
11:23:50,17.1,59,0,0,1,0
11:24:50,17.2,59,0,0,1,0
11:25:50,17.1,59,0,0,1,0
11:26:50,17.1,59,0,0,1,0
11:27:50,17.2,59,0,0,1,0
11:28:50,17.2,59,0,0,1,0
11:29:50,17.2,59,0,0,1,0
11:30:50,17.2,59,0,0,1,0
11:31:50,17.1,59,0,0,1,0
11:32:50,17.2,59,0,0,1,0
11:33:50,17.2,59,0,0,1,0
11:34:50,17.2,59,0,0,1,0
11:35:50,17.2,59,0,0,1,0
11:36:51,17.2,59,0,0,1,0
11:37:50,17.2,59,0,0,1,0
11:38:50,17.2,59,0,0,1,0
11:39:50,17.2,59,0,0,1,0
11:40:51,17.2,59,0,0,1,0
11:41:50,17.2,59,0,0,1,0
11:42:50,17.2,59,0,0,1,0
11:43:50,17.2,59,0,0,1,0
11:44:50,17.2,59,0,0,1,0
11:45:50,17.2,59,0,0,1,0
11:46:50,17.2,59,0,0,1,0
11:47:50,17.2,59,0,0,1,0
11:48:50,17.2,60,0,0,1,0
11:49:50,17.2,60,0,0,1,0
11:50:50,17.2,60,0,0,1,0
11:51:50,17.2,60,0,0,1,0
11:52:50,17.3,60,0,0,1,0
11:53:50,17.3,60,0,0,1,0
11:54:50,17.3,59,0,0,1,0
11:55:50,17.3,59,0,0,1,0
11:56:50,17.3,59,0,0,1,0
11:57:50,17.3,60,0,0,1,0
11:58:50,17.3,60,0,0,1,0
11:59:50,17.3,60,0,0,1,0
12:00:50,17.3,60,0,0,1,0
12:01:50,17.3,60,0,0,1,0
12:02:50,17.3,60,0,0,1,0
12:03:50,17.3,60,0,0,1,0
12:04:50,17.4,60,0,0,1,0
12:05:51,17.3,60,0,0,1,0
12:06:51,17.3,60,0,0,1,0
12:07:50,17.3,60,0,0,1,0
12:08:50,17.3,60,0,0,1,0
12:09:50,17.3,60,0,0,1,0
12:10:50,17.4,60,0,0,1,0
12:11:50,17.4,60,0,0,1,0
12:12:50,17.4,60,0,0,1,0
12:13:50,17.4,60,0,0,1,0
12:14:50,17.4,60,0,0,1,0
12:15:50,17.4,60,0,0,1,0
12:16:50,17.4,60,0,0,1,0
12:17:50,17.4,60,0,0,1,0
12:18:50,17.4,59,0,0,1,0
12:19:50,17.4,59,0,0,1,0
12:20:50,17.5,59,0,0,1,0
12:21:50,18,63,0,0,1,0
12:22:51,18.6,67,0,0,1,0
12:23:50,19.2,69,0,0,1,0
12:24:50,19.4,69,0,0,1,0
12:25:51,19.2,67,0,0,1,0
12:26:51,19,66,0,0,1,0
12:27:51,18.8,65,0,0,1,0
12:28:51,18.6,64,0,0,1,0
12:29:51,18.4,63,0,0,1,0
12:30:51,18.3,62,0,0,1,0
12:31:51,18.3,62,0,0,1,0
12:32:51,18.2,62,0,0,1,0
12:33:51,18.1,61,0,0,1,0
12:34:51,18.1,61,0,0,1,0
12:35:51,18.3,61,0,0,1,0
12:36:54,18.9,66,0,0,1,0
12:37:51,19.4,69,0,0,1,0
12:38:51,19.8,71,0,0,1,1
12:39:51,19.8,69,0,0,1,0
12:40:52,19.6,67,0,0,1,0
12:41:51,19.3,66,0,0,1,0
12:42:51,19.1,65,0,0,1,0
12:43:51,19,64,0,0,1,0
12:44:51,18.8,63,0,0,1,0
12:45:51,18.7,62,0,0,1,0
12:46:51,18.7,62,0,0,1,0
12:47:52,18.6,61,0,0,1,0
12:48:51,18.5,61,0,0,1,0
12:49:51,18.4,61,0,0,1,0
12:50:51,18.4,60,0,0,1,0
12:51:51,18.3,60,0,0,1,0
12:52:51,18.3,60,0,0,1,0
12:53:51,18.3,60,0,0,1,0
12:54:51,18.2,60,0,0,1,0
12:55:51,18.2,60,0,0,1,0
12:56:51,18.1,60,0,0,1,0
12:57:51,18.1,60,0,0,1,0
12:58:51,18.1,60,0,0,1,0
12:59:51,18.1,59,0,0,1,0
13:00:51,18.1,59,0,0,1,0
13:01:51,18.1,59,0,0,1,0
13:02:51,18.1,59,0,0,1,0
13:03:51,18.1,59,0,0,1,0
13:04:51,18,59,0,0,1,0
13:05:52,18.1,59,0,0,1,0
13:06:52,18,59,0,0,1,0
13:07:52,18,59,0,0,1,0
13:08:54,18.1,59,0,0,1,0
13:09:52,18,59,0,0,1,0
13:10:52,18,59,0,0,1,0
13:11:52,18,59,0,0,1,0
13:12:52,18.1,59,0,0,1,0
13:13:52,18,59,0,0,1,0
13:14:52,18,59,0,0,1,0
13:15:52,18,59,0,0,1,0
13:16:52,18,59,0,0,1,0
13:17:52,18,59,0,0,1,0
13:18:52,18,59,0,0,1,0
13:19:52,18,59,0,0,1,0
13:20:52,18,59,0,0,1,0
13:21:52,18,59,0,0,1,0
13:22:52,18,59,0,0,1,0
13:23:52,18,59,0,0,1,0
13:24:52,18,59,0,0,1,0
13:25:52,18,59,0,0,1,0
13:26:52,18,60,0,0,1,0
13:27:52,18,59,0,0,1,0
13:28:52,18,60,0,0,1,0
13:29:52,18,59,0,0,1,0
13:30:52,18,60,0,0,1,0
13:31:52,18.1,59,0,0,1,0
13:32:52,18.1,59,0,0,1,0
13:33:52,18,59,0,0,1,0
13:34:52,18,59,0,0,1,0
13:35:52,18,60,0,0,1,0
13:36:52,18,59,0,0,1,0
13:37:52,18,60,0,0,1,0
13:38:53,18,60,0,0,1,0
13:39:52,18,60,0,0,1,0
13:40:52,18,60,0,0,1,0
13:41:52,18,60,0,0,1,0
13:42:52,18,60,0,0,1,0
13:43:52,18,60,0,0,1,0
13:44:52,18,60,0,0,1,0
13:45:52,18,60,0,0,1,0
13:46:52,18,60,0,0,1,0
13:47:52,18,60,0,0,1,0
13:48:53,18,60,0,0,1,0
13:49:53,18,60,0,0,1,0
13:50:53,18,60,0,0,1,0
13:51:53,18,60,0,0,1,0
13:52:53,18.1,60,0,0,1,0
13:53:56,18,60,0,0,1,0
13:54:53,18,60,0,0,1,0
13:55:53,18.1,60,0,0,1,0
13:56:53,18,59,0,0,1,0
13:57:53,18,60,0,0,1,0
13:58:53,18.1,60,0,0,1,0
13:59:53,18.1,60,0,0,1,0
14:00:53,18.1,60,0,0,1,0
14:01:53,18.1,60,0,0,1,0
14:02:53,18.1,60,0,0,1,0
14:03:53,18.1,60,0,0,1,0
14:04:54,18,60,0,0,1,0
14:05:53,18.1,60,0,0,1,0
14:06:53,18.1,60,0,0,1,0
14:07:53,18,60,0,0,1,0
14:08:53,18,59,0,0,1,0
14:09:58,18,59,0,0,1,0
14:10:53,18.1,59,0,0,1,0
14:11:53,18.1,59,0,0,1,0
14:12:53,18.1,59,0,0,1,0
14:13:53,18,59,0,0,1,0
14:14:53,18,59,0,0,1,0
14:15:53,18,60,0,0,1,0
14:16:53,18,59,0,0,1,0
14:17:53,18,60,0,0,1,0
14:18:53,18,60,0,0,1,0
14:19:53,18,59,0,0,1,0
14:20:53,18,60,0,0,1,0
14:21:53,18,59,0,0,1,0
14:22:53,18.1,59,0,0,1,0
14:23:53,18.1,59,0,0,1,0
14:24:53,18.1,59,0,0,1,0
14:25:56,18.1,59,0,0,1,0
14:26:53,18.1,59,0,0,1,0
14:27:53,18.1,60,0,0,1,0
14:28:53,18,59,0,0,1,0
14:29:53,18.1,60,0,0,1,0
14:30:53,18,59,0,0,1,0
14:31:53,18.1,59,0,0,1,0
14:32:54,18.1,59,0,0,1,0
14:33:53,18,59,0,0,1,0
14:34:53,18,59,0,0,1,0
14:35:53,18,59,0,0,1,0
14:36:53,18,59,0,0,1,0
14:37:53,18,59,0,0,1,0
14:38:53,18,59,0,0,1,0
14:39:53,18,59,0,0,1,0
14:40:53,18,59,0,0,1,0
14:41:53,18,59,0,0,1,0
14:42:53,18,59,0,0,1,0
14:43:54,18,59,0,0,1,0
14:44:54,18,59,0,0,1,0
14:45:54,18.1,59,0,0,1,0
14:46:54,18.1,59,0,0,1,0
14:47:54,18,59,0,0,1,0
14:48:54,18,59,0,0,1,0
14:49:54,18,59,0,0,1,0
14:50:54,18,59,0,0,1,0
14:51:54,18,59,0,0,1,0
14:52:54,18,59,0,0,1,0
14:53:54,18,59,0,0,1,0
14:54:54,18,59,0,0,1,0
14:55:59,18.1,59,0,0,1,0
14:56:54,18.1,59,0,0,1,0
14:57:54,18.1,59,0,0,1,0
14:58:54,18.1,59,0,0,1,0
14:59:55,18,60,0,0,1,0
15:00:55,18.1,60,0,0,1,0
15:01:55,18.1,59,0,0,1,0
15:02:55,18.1,60,0,0,1,0
15:03:55,18.1,60,0,0,1,0
15:04:55,18.1,60,0,0,1,0
15:05:55,18.1,60,0,0,1,0
15:06:55,18.1,59,0,0,1,0
15:07:55,18.1,60,0,0,1,0
15:08:55,18.2,59,0,0,1,0
15:09:55,18.2,59,0,0,1,0
15:10:56,18.1,59,0,0,1,0
15:11:55,18.1,59,0,0,1,0
15:12:55,18.1,59,0,0,1,0
15:13:55,18.1,59,0,0,1,0
15:14:55,18.1,59,0,0,1,0
15:15:55,18.2,60,0,0,1,0
15:16:55,18.2,60,0,0,1,0
15:17:55,18.1,60,0,0,1,0
15:18:55,18.2,59,0,0,1,0
15:19:55,18.2,59,0,0,1,0
15:20:55,18.2,60,0,0,1,0
15:21:55,18.2,60,0,0,1,0
15:22:55,18.2,60,0,0,1,0
15:23:55,18.2,59,0,0,1,0
15:24:55,18.2,60,0,0,1,0
15:25:59,18.2,60,0,0,1,0
15:26:55,18.2,60,0,0,1,0
15:27:55,18.2,60,0,0,1,0
15:28:55,18.2,60,0,0,1,0
15:29:55,18.2,60,0,0,1,0
15:30:55,18.2,60,0,0,1,0
15:31:55,18.2,60,0,0,1,0
15:32:55,18.2,60,0,0,1,0
15:33:55,18.2,60,0,0,1,0
15:34:55,18.2,60,0,0,1,0
15:35:55,18.2,60,0,0,1,0
15:36:55,18.2,60,0,0,1,0
15:37:55,18.2,59,0,0,1,0
15:38:55,18.2,60,0,0,1,0
15:39:56,18.2,60,0,0,1,0
15:40:55,18.2,59,0,0,1,0
15:41:55,18.2,59,0,0,1,0
15:42:55,18.2,60,0,0,1,0
15:43:55,18.2,59,0,0,1,0
15:44:55,18.2,60,0,0,1,0
15:45:55,18.2,60,0,0,1,0
15:46:56,18.2,60,0,0,1,0
15:47:55,18.2,60,0,0,1,0
15:48:55,18.2,60,0,0,1,0
15:49:55,18.2,60,0,0,1,0
15:50:56,18.2,59,0,0,1,0
15:51:55,18.2,59,0,0,1,0
15:52:55,18.2,60,0,0,1,0
15:53:55,18.2,59,0,0,1,0
15:54:56,18.2,60,0,0,1,0
15:55:55,18.2,60,0,0,1,0
15:56:55,18.2,60,0,0,1,0
15:57:55,18.2,59,0,0,1,0
15:58:55,18.2,59,0,0,1,0
15:59:55,18.2,59,0,0,1,0
16:00:55,18.2,59,0,0,1,0
16:01:55,18.2,60,0,0,1,0
16:02:55,18.2,60,0,0,1,0
16:03:56,18.2,60,0,0,1,0
16:04:56,18.2,59,0,0,1,0
16:05:56,18.1,59,0,0,1,0
16:06:56,18.1,59,0,0,1,0
16:07:56,18.1,59,0,0,1,0
16:08:56,18.1,59,0,0,1,0
16:09:56,18.1,59,0,0,1,0
16:10:56,18.1,59,0,0,1,0
16:11:56,18.1,59,0,0,1,0
16:12:56,18.1,59,0,0,1,0
16:13:56,18.1,59,0,0,1,0
16:14:57,18.1,59,0,0,1,0
16:15:56,18.1,59,0,0,1,0
16:16:56,18.1,59,0,0,1,0
16:17:56,18.1,59,0,0,1,0
16:18:56,18.1,59,0,0,1,0
16:19:56,18.1,59,0,0,1,0
16:20:56,18.1,59,0,0,1,0
16:21:56,18.1,59,0,0,1,0
16:22:56,18.1,59,0,0,1,0
16:23:56,18.2,59,0,0,1,0
16:24:56,18.2,59,0,0,1,0
16:25:56,18.1,59,0,0,1,0
16:26:56,18.1,60,0,0,1,0
16:27:56,18.1,60,0,0,1,0
16:28:56,18.1,60,0,0,1,0
16:29:56,18.1,60,0,0,1,0
16:30:56,18.2,59,0,0,1,0
16:31:56,18.2,59,0,0,1,0
16:32:56,18.2,59,0,0,1,0
16:33:56,18.2,60,0,0,1,0
16:34:56,18.1,60,0,0,1,0
16:35:56,18.1,60,0,0,1,0
16:36:56,18.1,60,0,0,1,0
16:37:56,18.1,60,0,0,1,0
16:38:56,18.2,60,0,0,1,0
16:39:56,18.3,60,0,0,1,0
16:40:56,18.2,60,0,0,1,0
16:41:56,18.2,60,0,0,1,0
16:42:56,18.2,60,0,0,1,0
16:43:56,18.2,60,0,0,1,0
16:44:58,18.2,60,0,0,1,0
16:45:56,18.2,60,0,0,1,0
16:46:56,18.2,59,0,0,1,0
16:47:57,18.2,59,0,0,1,0
16:48:57,18.2,59,0,0,1,0
16:50:00,18.2,59,0,0,1,0
16:50:57,18.2,60,0,0,1,0
16:51:57,18.2,60,0,0,1,0
16:52:57,18.3,59,0,0,1,0
16:53:57,18.2,60,0,0,1,0
16:54:57,18.2,59,0,0,1,0
16:55:57,18.2,60,0,0,1,0
16:56:57,18.2,60,0,0,1,0
16:57:57,18.2,60,0,0,1,0
16:58:57,18.2,60,0,0,1,0
16:59:57,18.2,60,0,0,1,0
17:00:57,18.2,60,0,0,1,0
17:01:57,18.2,59,0,0,1,0
17:02:57,18.2,60,0,0,1,0
17:03:57,18.2,60,0,0,1,0
17:04:57,18.1,60,0,0,1,0
17:05:57,18.1,60,0,0,1,0
17:06:57,18.1,60,0,0,1,0
17:07:57,18.2,60,0,0,1,0
17:08:57,18.1,60,0,0,1,0
17:09:57,18.1,60,0,0,1,0
17:10:59,18.1,60,0,0,1,0
17:11:57,18.1,60,0,0,1,0
17:12:57,18.1,60,0,0,1,0
17:13:57,18.1,60,0,0,1,0
17:14:57,18.1,60,0,0,1,0
17:15:57,18.2,60,0,0,1,0
17:16:57,18.1,60,0,0,1,0
17:17:57,18.1,60,0,0,1,0
17:18:58,18.1,60,0,0,1,0
17:19:57,18.1,60,0,0,1,0
17:20:57,18.1,60,0,0,1,0
17:21:57,18.1,60,0,0,1,0
17:22:57,18.1,60,0,0,1,0
17:23:57,18,60,0,0,1,0
17:24:57,18,60,0,0,1,0
17:25:57,18.1,60,0,0,1,0
17:26:58,18.1,60,0,0,1,0
17:27:57,18.1,60,0,0,1,0
17:28:57,18.1,60,0,0,1,0
17:29:58,18.1,60,0,0,1,0
17:30:58,18.1,60,0,0,1,0
17:31:58,18.1,60,0,0,1,0
17:32:58,18.1,60,0,0,1,0
17:33:58,18.1,60,0,0,1,0
17:34:58,18.1,60,0,0,1,0
17:35:58,18.1,60,0,0,1,0
17:36:58,18.1,60,0,0,1,0
17:37:58,18.1,60,0,0,1,0
17:38:58,18.1,60,0,0,1,0
17:39:58,18.1,60,0,0,1,0
17:40:58,18.1,60,0,0,1,0
17:41:58,18.1,60,0,0,1,0
17:42:58,18.1,60,0,0,1,0
17:43:58,18.1,60,0,0,1,0
17:44:58,18.1,60,0,0,1,0
17:45:58,18.1,60,0,0,1,0
17:46:58,18.1,60,0,0,1,0
17:47:58,18.1,60,0,0,1,0
17:48:58,18.1,60,0,0,1,0
17:49:58,18.1,60,0,0,1,0
17:50:58,18.1,60,0,0,1,0
17:51:59,18.1,60,0,0,1,0
17:52:58,18.1,60,0,0,1,0
17:53:58,18.1,60,0,0,1,0
17:54:58,18.1,60,0,0,1,0
17:55:58,18.1,60,0,0,1,0
17:56:58,18,60,0,0,1,0
17:57:58,18,60,0,0,1,0
17:58:58,18,60,0,0,1,0
17:59:58,18,60,0,0,1,0
18:00:58,18.1,60,0,0,1,0
18:01:58,18.1,60,0,0,1,0
18:02:59,18.1,60,0,0,1,0
18:03:58,18.1,60,0,0,1,0
18:04:58,18.1,60,0,0,1,0
18:05:58,18,60,0,0,1,0
18:06:58,18,60,0,0,1,0
18:07:58,18,60,0,0,1,0
18:08:58,18,60,0,0,1,0
18:09:58,18,60,0,0,1,0
18:10:58,18,60,0,0,1,0
18:11:59,18,60,0,0,1,0
18:12:58,18,60,0,0,1,0
18:13:58,18,60,0,0,1,0
18:14:58,18,60,0,0,1,0
18:15:58,18,60,0,0,1,0
18:16:58,18,60,0,0,1,0
18:17:58,18,60,0,0,1,0
18:18:58,18,60,0,0,1,0
18:19:58,18,59,0,0,1,0
18:20:58,17.9,59,0,0,1,0
18:21:58,17.9,59,0,0,1,0
18:22:58,18,59,0,0,1,0
18:23:58,17.9,60,0,0,1,0
18:24:58,17.9,60,0,0,1,0
18:25:58,17.9,60,0,0,1,0
18:27:59,17.9,60,0,0,1,0
18:28:59,17.9,60,0,0,1,0
18:29:58,18,60,0,0,1,0
18:30:58,17.9,59,0,0,1,0
18:31:58,17.9,60,0,0,1,0
18:32:58,17.9,60,0,0,1,0
18:33:58,17.9,59,0,0,1,0
18:34:59,17.9,59,0,0,1,0
18:35:58,17.9,59,0,0,1,0
18:36:58,17.9,59,0,0,1,0
18:37:58,17.9,59,0,0,1,0
18:38:58,17.8,59,0,0,1,0
18:39:58,17.8,59,0,0,1,0
18:40:58,17.8,59,0,0,1,0
18:41:58,17.8,59,0,0,1,0
18:42:58,17.9,59,0,0,1,0
18:43:58,17.8,59,0,0,1,0
18:44:58,17.8,59,0,0,1,0
18:45:58,17.8,59,0,0,1,0
18:46:58,17.8,60,0,0,1,0
18:47:59,17.8,59,0,0,1,0
18:48:59,17.8,59,0,0,1,0
18:49:59,17.8,59,0,0,1,0
18:50:59,17.8,59,0,0,1,0
18:51:59,17.8,60,0,0,1,0
18:52:59,17.8,60,0,0,1,0
18:53:59,17.8,60,0,0,1,0
18:54:59,17.8,59,0,0,1,0
18:55:59,17.8,59,0,0,1,0
18:56:59,17.8,60,0,0,1,0
18:57:59,17.7,59,0,0,1,0
18:58:59,17.8,59,0,0,1,0
18:59:59,17.8,59,0,0,1,0
19:00:59,17.8,59,0,0,1,0
19:01:59,17.8,59,0,0,1,0
19:03:02,17.8,59,0,0,1,0
19:03:59,17.8,59,0,0,1,0
19:04:59,17.8,59,0,0,1,0
19:05:59,17.7,59,0,0,1,0
19:06:59,17.8,59,0,0,1,0
19:07:59,17.7,59,0,0,1,0
19:08:59,17.7,59,0,0,1,0
19:09:59,17.7,59,0,0,1,0
19:10:59,17.7,59,0,0,1,0
19:11:59,17.7,59,0,0,1,0
19:12:59,17.7,59,0,0,1,0
19:14:00,17.7,59,0,0,1,0
19:15:00,17.7,59,0,0,1,0
19:16:00,17.7,59,0,0,1,0
19:17:00,17.7,59,0,0,1,0
19:18:00,17.7,59,0,0,1,0
19:19:00,17.7,59,0,0,1,0
19:20:00,17.7,59,0,0,1,0
19:21:00,17.7,59,0,0,1,0
19:22:00,17.7,59,0,0,1,0
19:23:00,17.7,59,0,0,1,0
19:24:00,17.7,59,0,0,1,0
19:25:00,17.7,59,0,0,1,0
19:26:00,17.7,59,0,0,1,0
19:27:00,17.7,59,0,0,1,0
19:28:00,17.7,59,0,0,1,0
19:29:00,17.6,59,0,0,1,0
19:30:00,17.7,59,0,0,1,0
19:31:00,17.6,59,0,0,1,0
19:32:00,17.6,59,0,0,1,0
19:33:00,17.6,59,0,0,1,0
19:34:01,17.7,59,0,0,1,0
19:35:01,17.6,59,0,0,1,0
19:36:01,17.6,59,0,0,1,0
19:37:01,17.6,59,0,0,1,0
19:38:01,17.6,59,0,0,1,0
19:39:01,17.6,59,0,0,1,0
19:40:03,17.6,59,0,0,1,0
19:41:01,17.6,59,0,0,1,0
19:42:01,17.6,59,0,0,1,0
19:43:01,17.6,59,0,0,1,0
19:44:01,17.6,59,0,0,1,0
19:45:01,17.6,59,0,0,1,0
19:46:01,17.6,59,0,0,1,0
19:47:01,17.6,59,0,0,1,0
19:48:01,17.6,59,0,0,1,0
19:49:02,17.6,59,0,0,1,0
19:50:01,17.6,60,0,0,1,0
19:51:02,17.6,59,0,0,1,0
19:52:01,17.6,59,0,0,1,0
19:53:01,17.6,59,0,0,1,0
19:54:01,17.6,59,0,0,1,0
19:55:04,17.6,59,0,0,1,0
19:56:01,17.6,60,0,0,1,0
19:57:01,17.6,60,0,0,1,0
19:58:01,17.6,59,0,0,1,0
19:59:01,17.6,60,0,0,1,0
20:00:01,17.6,60,0,0,1,0
20:01:01,17.6,60,0,0,1,0
20:02:01,17.6,60,0,0,1,0
20:03:01,17.6,60,0,0,1,0
20:04:01,17.6,60,0,0,1,0
20:05:01,17.5,59,0,0,1,0
20:06:01,17.5,60,0,0,1,0
20:07:01,17.6,60,0,0,1,0
20:08:02,17.6,60,0,0,1,0
20:09:01,17.6,59,0,0,1,0
20:10:01,17.6,59,0,0,1,0
20:11:05,17.6,60,0,0,1,0
20:12:01,17.6,60,0,0,1,0
20:13:01,17.6,60,0,0,1,0
20:14:01,17.6,60,0,0,1,0
20:15:02,17.6,60,0,0,1,0
20:16:01,17.6,60,0,0,1,0
20:17:01,17.6,60,0,0,1,0
20:18:01,17.6,60,0,0,1,0
20:19:01,17.6,60,0,0,1,0
20:20:01,17.6,60,0,0,1,0
20:21:01,17.6,60,0,0,1,0
20:22:01,17.6,60,0,0,1,0
20:23:01,17.6,60,0,0,1,0
20:24:01,17.6,60,0,0,1,0
20:25:01,17.6,60,0,0,1,0
20:26:01,17.6,60,0,0,1,0
20:27:05,17.6,60,0,0,1,0
20:28:01,17.5,60,0,0,1,0
20:29:01,17.6,60,0,0,1,0
20:30:01,17.6,60,0,0,1,0
20:31:01,17.6,60,0,0,1,0
20:32:01,17.6,60,0,0,1,0
20:33:01,17.6,60,0,0,1,0
20:34:01,17.6,60,0,0,1,0
20:35:01,17.6,60,0,0,1,0
20:36:01,17.6,60,0,0,1,0
20:37:02,17.6,60,0,0,1,0
20:39:02,17.6,60,0,0,1,0
20:40:02,17.6,60,0,0,1,0
20:41:02,17.5,60,0,0,1,0
20:42:04,17.5,60,0,0,1,0
20:43:02,17.6,60,0,0,1,0
20:44:02,17.6,60,0,0,1,0
20:45:02,17.6,60,0,0,1,0
20:46:02,17.6,60,0,0,1,0
20:47:02,17.6,60,0,0,1,0
20:48:02,17.6,60,0,0,1,0
20:49:02,17.6,60,0,0,1,0
20:50:02,17.6,60,0,0,1,0
20:51:02,17.6,60,0,0,1,0
20:52:02,17.5,60,0,0,1,0
20:53:02,17.5,60,0,0,1,0
20:54:02,17.5,60,0,0,1,0
20:55:02,17.6,60,0,0,1,0
20:56:02,17.6,60,0,0,1,0
20:57:07,17.5,60,0,0,1,0
20:58:02,17.5,60,0,0,1,0
20:59:02,17.5,60,0,0,1,0
21:00:02,17.5,60,0,0,1,0
21:01:02,17.5,60,0,0,1,0
21:02:02,17.5,60,0,0,1,0
21:03:02,17.5,60,0,0,1,0
21:04:02,17.5,60,0,0,1,0
21:05:02,17.5,60,0,0,1,0
21:06:02,17.6,60,0,0,1,0
21:07:02,17.6,60,0,0,1,0
21:08:02,17.5,60,0,0,1,0
21:09:02,17.5,60,0,0,1,0
21:10:02,17.5,60,0,0,1,0
21:11:03,17.5,60,0,0,1,0
21:12:03,17.5,60,0,0,1,0
21:13:02,17.5,60,0,0,1,0
21:14:02,17.5,60,0,0,1,0
21:15:02,17.5,60,0,0,1,0
21:16:02,17.5,59,0,0,1,0
21:17:02,17.5,59,0,0,1,0
21:18:03,17.5,59,0,0,1,0
21:19:03,17.5,59,0,0,1,0
21:20:03,17.5,59,0,0,1,0
21:21:03,17.5,60,0,0,1,0
21:22:03,17.5,60,0,0,1,0
21:23:03,17.6,60,0,0,1,0
21:24:03,17.5,60,0,0,1,0
21:25:03,17.5,60,0,0,1,0
21:26:05,17.5,60,0,0,1,0
21:27:03,17.5,60,0,0,1,0
21:28:03,17.5,60,0,0,1,0
21:29:03,17.5,60,0,0,1,0
21:30:03,17.5,60,0,0,1,0
21:31:03,17.5,60,0,0,1,0
21:32:03,17.5,59,0,0,1,0
21:33:03,17.5,60,0,0,1,0
21:34:03,17.5,60,0,0,1,0
21:35:03,17.5,60,0,0,1,0
21:36:03,17.5,60,0,0,1,0
21:37:03,17.5,60,0,0,1,0
21:39:03,17.5,60,0,0,1,0
21:40:03,17.5,60,0,0,1,0
21:41:07,17.5,60,0,0,1,0
21:42:04,17.5,60,0,0,1,0
21:43:03,17.5,60,0,0,1,0
21:44:03,17.5,60,0,0,1,0
21:45:03,17.5,60,0,0,1,0
21:46:03,17.5,60,0,0,1,0
21:47:03,17.5,59,0,0,1,0
21:48:03,17.4,59,0,0,1,0
21:49:03,17.5,59,0,0,1,0
21:50:03,17.5,59,0,0,1,0
21:51:03,17.5,59,0,0,1,0
21:52:03,17.5,59,0,0,1,0
21:53:03,17.4,59,0,0,1,0
21:54:04,17.5,59,0,0,1,0
21:55:04,17.5,59,0,0,1,0
21:56:04,17.5,59,0,0,1,0
21:57:04,17.5,60,0,0,1,0
21:58:04,17.4,60,0,0,1,0
21:59:04,17.5,60,0,0,1,0
22:00:04,17.5,60,0,0,1,0
22:01:04,17.5,60,0,0,1,0
22:02:05,17.5,60,0,0,1,0
22:03:04,17.5,60,0,0,1,0
22:04:04,17.5,59,0,0,1,0
22:05:04,17.5,59,0,0,1,0
22:06:04,17.5,59,0,0,1,0
22:07:04,17.5,59,0,0,1,0
22:08:04,17.5,60,0,0,1,0
22:09:04,17.4,60,0,0,1,0
22:10:04,17.5,60,0,0,1,0
22:11:04,17.5,60,0,0,1,0
22:12:04,17.5,60,0,0,1,0
22:13:04,17.5,60,0,0,1,0
22:14:04,17.5,60,0,0,1,0
22:15:04,17.5,60,0,0,1,0
22:16:04,17.4,60,0,0,1,0
22:18:04,17.4,59,0,0,1,0
22:19:05,17.5,59,0,0,1,0
22:20:04,17.5,59,0,0,1,0
22:21:04,17.4,59,0,0,1,0
22:22:04,17.4,59,0,0,1,0
22:23:04,17.4,59,0,0,1,0
22:24:05,17.4,59,0,0,1,0
22:25:05,17.4,59,0,0,1,0
22:26:07,17.4,59,0,0,1,0
22:27:05,17.4,59,0,0,1,0
22:28:07,17.4,60,0,0,1,0
22:29:05,17.4,60,0,0,1,0
22:30:05,17.4,59,0,0,1,0
22:31:05,17.4,59,0,0,1,0
22:32:05,17.4,59,0,0,1,0
22:33:05,17.4,59,0,0,1,0
22:34:06,17.4,59,0,0,1,0
22:35:06,17.4,59,0,0,1,0
22:36:05,17.4,59,0,0,1,0
22:37:05,17.4,59,0,0,1,0
22:38:06,17.4,59,0,0,1,0
22:39:05,17.4,59,0,0,1,0
22:40:05,17.4,59,0,0,1,0
22:41:05,17.4,59,0,0,1,0
22:42:05,17.4,59,0,0,1,0
22:43:05,17.4,60,0,0,1,0
22:44:06,17.4,60,0,0,1,0
22:45:05,17.4,60,0,0,1,0
22:46:05,17.4,60,0,0,1,0
22:47:05,17.4,60,0,0,1,0
22:48:05,17.4,60,0,0,1,0
22:49:06,17.4,59,0,0,1,0
22:50:05,17.4,60,0,0,1,0
22:51:05,17.4,60,0,0,1,0
22:52:05,17.4,59,0,0,1,0
22:53:05,17.3,59,0,0,1,0
22:54:05,17.3,59,0,0,1,0
22:55:05,17.4,60,0,0,1,0
22:56:05,17.4,60,0,0,1,0
22:57:05,17.4,60,0,0,1,0
22:58:05,17.4,60,0,0,1,0
22:59:05,17.4,60,0,0,1,0
23:00:05,17.4,60,0,0,1,0
23:01:05,17.4,60,0,0,1,0
23:02:05,17.4,60,0,0,1,0
23:03:05,17.4,59,0,0,1,0
23:04:06,17.4,60,0,0,1,0
23:05:05,17.4,60,0,0,1,0
23:06:05,17.4,60,0,0,1,0
23:07:05,17.3,59,0,0,1,0
23:08:05,17.4,59,0,0,1,0
23:09:05,17.4,59,0,0,1,0
23:10:05,17.4,59,0,0,1,0
23:11:07,17.4,59,0,0,1,0
23:12:05,17.4,59,0,0,1,0
23:13:05,17.4,59,0,0,1,0
23:14:05,17.4,59,0,0,1,0
23:15:05,17.3,60,0,0,1,0
23:16:05,17.3,60,0,0,1,0
23:17:05,17.3,60,0,0,1,0
23:18:05,17.3,59,0,0,1,0
23:19:06,17.3,59,0,0,1,0
23:20:06,17.3,59,0,0,1,0
23:21:06,17.3,59,0,0,1,0
23:22:07,17.3,59,0,0,1,0
23:23:06,17.4,60,0,0,1,0
23:24:06,17.4,59,0,0,1,0
23:25:07,17.4,59,0,0,1,0
23:26:06,17.3,59,0,0,1,0
23:27:06,17.3,59,0,0,1,0
23:28:06,17.3,59,0,0,1,0
23:29:06,17.3,59,0,0,1,0
23:30:09,17.3,59,0,0,1,0
23:31:06,17.3,60,0,0,1,0
23:32:06,17.3,60,0,0,1,0
23:33:06,17.3,60,0,0,1,0
23:34:06,17.3,60,0,0,1,0
23:35:06,17.3,60,0,0,1,0
23:36:06,17.3,59,0,0,1,0
23:37:06,17.3,59,0,0,1,0
23:38:10,17.3,59,0,0,1,0
23:39:06,17.3,59,0,0,1,0
23:40:06,17.3,60,0,0,1,0
23:41:06,17.3,59,0,0,1,0
23:42:06,17.3,59,0,0,1,0
23:43:06,17.3,60,0,0,1,0
23:44:06,17.3,60,0,0,1,0
23:45:06,17.3,60,0,0,1,0
23:46:06,17.3,60,0,0,1,0
23:47:06,17.3,59,0,0,1,0
23:48:06,17.2,59,0,0,1,0
23:49:06,17.3,59,0,0,1,0
23:50:06,17.3,59,0,0,1,0
23:51:06,17.2,59,0,0,1,0
23:52:07,17.2,59,0,0,1,0
23:53:06,17.2,59,0,0,1,0
23:54:06,17.3,59,0,0,1,0
23:55:06,17.2,59,0,0,1,0
23:56:08,17.2,59,0,0,1,0
23:57:07,17.2,59,0,0,1,0
23:58:07,17.2,59,0,0,1,0
23:59:07,17.2,59,0,0,1,0
00:00:07,17.2,60,0,0,1,0
00:01:07,17.2,60,0,0,1,0
00:02:07,17.2,60,0,0,1,0
00:03:07,17.2,60,0,0,1,0
00:04:07,17.3,60,0,0,1,0
00:05:07,17.3,60,0,0,1,0
00:06:07,17.3,59,0,0,1,0
00:07:07,17.2,59,0,0,1,0
00:08:07,17.2,59,0,0,1,0
00:09:07,17.2,59,0,0,1,0
00:10:07,17.2,59,0,0,1,0
00:11:07,17.2,60,0,0,1,0
00:12:07,17.2,60,0,0,1,0
00:13:07,17.2,60,0,0,1,0
00:14:08,17.3,60,0,0,1,0
00:15:07,17.2,59,0,0,1,0
00:16:07,17.2,59,0,0,1,0
00:17:07,17.2,59,0,0,1,0
00:18:07,17.2,59,0,0,1,0
00:19:07,17.2,59,0,0,1,0
00:20:08,17.2,59,0,0,1,0
00:21:07,17.2,59,0,0,1,0
00:22:07,17.2,59,0,0,1,0
00:23:07,17.1,59,0,0,1,0
00:24:07,17.1,59,0,0,1,0
00:25:07,17.1,59,0,0,1,0
00:26:07,17.1,59,0,0,1,0
00:27:07,17.2,59,0,0,1,0
00:28:07,17.2,59,0,0,1,0
00:29:07,17.2,59,0,0,1,0
00:30:07,17.2,60,0,0,1,0
00:31:07,17.2,59,0,0,1,0
00:32:07,17.2,60,0,0,1,0
00:33:07,17.3,59,0,0,1,0
00:34:07,17.3,60,0,0,1,0
00:35:07,17.3,60,0,0,1,0
00:36:07,17.2,60,0,0,1,0
00:37:07,17.2,60,0,0,1,0
00:38:07,17.2,60,0,0,1,0
00:39:07,17.2,59,0,0,1,0
00:40:07,17.2,59,0,0,1,0
00:41:07,17.2,59,0,0,1,0
00:42:07,17.2,59,0,0,1,0
00:43:07,17.2,59,0,0,1,0
00:44:07,17.2,59,0,0,1,0
00:45:07,17.2,59,0,0,1,0
00:46:07,17.2,59,0,0,1,0
00:47:07,17.2,59,0,0,1,0
00:48:07,17.2,59,0,0,1,0
00:49:07,17.2,59,0,0,1,0
00:50:07,17.2,59,0,0,1,0
00:51:07,17.2,59,0,0,1,0
00:52:07,17.2,59,0,0,1,0
00:53:07,17.2,59,0,0,1,0
00:54:07,17.2,59,0,0,1,0
00:55:07,17.2,59,0,0,1,0
00:56:07,17.2,59,0,0,1,0
00:57:07,17.1,59,0,0,1,0
00:58:07,17.1,59,0,0,1,0
00:59:07,17.2,59,0,0,1,0
01:00:07,17.2,59,0,0,1,0
01:01:07,17.2,59,0,0,1,0
01:02:07,17.2,59,0,0,1,0
01:03:07,17.2,59,0,0,1,0
01:04:07,17.2,60,0,0,1,0
01:05:07,17.2,59,0,0,1,0
01:06:07,17.2,60,0,0,1,0
01:07:07,17.2,59,0,0,1,0
01:08:07,17.2,59,0,0,1,0
01:09:07,17.2,59,0,0,1,0
01:10:07,17.1,59,0,0,1,0
01:11:07,17.1,59,0,0,1,0
01:12:07,17.1,59,0,0,1,0
01:13:07,17.1,59,0,0,1,0
01:14:07,17.2,59,0,0,1,0
01:15:07,17.1,59,0,0,1,0
01:16:08,17.1,59,0,0,1,0
01:17:08,17.1,59,0,0,1,0
01:18:08,17.1,59,0,0,1,0
01:19:08,17.1,59,0,0,1,0
01:20:08,17.1,60,0,0,1,0
01:21:08,17.1,60,0,0,1,0
01:22:09,17.1,60,0,0,1,0
01:23:08,17.1,60,0,0,1,0
01:24:08,17.1,60,0,0,1,0
01:25:08,17.1,60,0,0,1,0
01:26:08,17.1,59,0,0,1,0
01:27:09,17.1,60,0,0,1,0
01:28:08,17.1,59,0,0,1,0
01:29:08,17.1,59,0,0,1,0
01:30:08,17.1,59,0,0,1,0
01:31:08,17.1,59,0,0,1,0
01:32:08,17.1,59,0,0,1,0
01:33:08,17.1,59,0,0,1,0
01:34:08,17.1,59,0,0,1,0
01:35:08,17.1,59,0,0,1,0
01:36:08,17.1,59,0,0,1,0
01:37:08,17.1,59,0,0,1,0
01:38:08,17.1,59,0,0,1,0
01:39:08,17.1,59,0,0,1,0
01:40:08,17.1,59,0,0,1,0
01:41:08,17.1,59,0,0,1,0
01:42:08,17.1,59,0,0,1,0
01:43:08,17.1,59,0,0,1,0
01:44:08,17,59,0,0,1,0
01:45:10,17,59,0,0,1,0
01:46:08,17.1,59,0,0,1,0
01:47:08,17.1,59,0,0,1,0
01:48:08,17.1,59,0,0,1,0
01:49:08,17.1,59,0,0,1,0
01:50:08,17,59,0,0,1,0
01:51:08,17,59,0,0,1,0
01:52:08,17,59,0,0,1,0
01:53:08,17,59,0,0,1,0
01:54:08,17,59,0,0,1,0
01:55:08,17,59,0,0,1,0
01:56:09,17,59,0,0,1,0
01:57:08,17.1,59,0,0,1,0
01:58:08,17.1,59,0,0,1,0
01:59:08,17,59,0,0,1,0
02:00:08,17.1,59,0,0,1,0
02:01:08,17.1,59,0,0,1,0
02:02:08,17.1,59,0,0,1,0
02:03:08,17.1,59,0,0,1,0
02:04:08,17.1,59,0,0,1,0
02:05:08,17.1,59,0,0,1,0
02:06:08,17.1,59,0,0,1,0
02:07:08,17,59,0,0,1,0
02:08:08,17.1,59,0,0,1,0
02:09:08,17.1,59,0,0,1,0
02:10:08,17.1,59,0,0,1,0
02:11:08,17.1,59,0,0,1,0
02:12:08,17.1,59,0,0,1,0
02:13:08,17.1,59,0,0,1,0
02:14:08,17.1,59,0,0,1,0
02:15:09,17,59,0,0,1,0
02:16:08,17.1,59,0,0,1,0
02:17:08,17.1,59,0,0,1,0
02:18:08,17.1,59,0,0,1,0
02:19:08,17,59,0,0,1,0
02:20:08,17,59,0,0,1,0
02:21:08,17,59,0,0,1,0
02:22:08,17,59,0,0,1,0
02:23:08,17,59,0,0,1,0
02:24:08,17,59,0,0,1,0
02:25:08,17,59,0,0,1,0
02:26:08,17,59,0,0,1,0
02:27:08,17.1,59,0,0,1,0
02:28:08,17,59,0,0,1,0
02:29:08,17.1,59,0,0,1,0
02:30:08,17,59,0,0,1,0
02:31:08,17,59,0,0,1,0
02:32:08,17,59,0,0,1,0
02:33:08,17,59,0,0,1,0
02:34:08,17,59,0,0,1,0
02:35:08,17,59,0,0,1,0
02:36:08,17,59,0,0,1,0
02:37:08,17,59,0,0,1,0
02:38:09,17,59,0,0,1,0
02:39:08,16.9,59,0,0,1,0
02:40:08,17,59,0,0,1,0
02:41:08,16.9,59,0,0,1,0
02:42:09,17,60,0,0,1,0
02:43:09,17,59,0,0,1,0
02:44:09,17,59,0,0,1,0
02:45:09,17.1,60,0,0,1,0
02:46:09,17,59,0,0,1,0
02:47:09,17,59,0,0,1,0
02:48:09,17,59,0,0,1,0
02:49:09,17,59,0,0,1,0
02:50:09,17,59,0,0,1,0
02:51:09,17,59,0,0,1,0
02:52:09,17,59,0,0,1,0
02:53:12,17,59,0,0,1,0
02:54:09,17,59,0,0,1,0
02:55:09,17,59,0,0,1,0
02:56:09,17,59,0,0,1,0
02:57:09,17,59,0,0,1,0
02:58:09,17,59,0,0,1,0
02:59:09,17,59,0,0,1,0
03:00:09,17,59,0,0,1,0
03:01:09,16.9,59,0,0,1,0
03:02:09,16.9,59,0,0,1,0
03:03:09,16.9,59,0,0,1,0
03:04:09,17,59,0,0,1,0
03:05:09,17,59,0,0,1,0
03:06:09,17,59,0,0,1,0
03:07:09,16.9,59,0,0,1,0
03:08:09,17,59,0,0,1,0
03:09:09,16.9,59,0,0,1,0
03:10:09,16.9,59,0,0,1,0
03:11:09,17,59,0,0,1,0
03:12:09,17,59,0,0,1,0
03:13:09,17,59,0,0,1,0
03:14:09,17,59,0,0,1,0
03:15:09,17,59,0,0,1,0
03:16:10,16.9,59,0,0,1,0
03:17:09,17,59,0,0,1,0
03:18:10,17,59,0,0,1,0
03:19:09,17,59,0,0,1,0
03:20:09,17,59,0,0,1,0
03:21:09,17,59,0,0,1,0
03:22:09,17,59,0,0,1,0
03:23:09,17,59,0,0,1,0
03:24:09,16.9,59,0,0,1,0
03:25:09,16.9,59,0,0,1,0
03:26:09,16.9,59,0,0,1,0
03:27:09,16.9,59,0,0,1,0
03:28:09,16.9,59,0,0,1,0
03:29:09,16.9,59,0,0,1,0
03:30:09,16.9,59,0,0,1,0
03:31:09,16.9,59,0,0,1,0
03:32:09,16.9,59,0,0,1,0
03:33:10,16.9,59,0,0,1,0
03:34:09,16.9,59,0,0,1,0
03:35:10,16.9,59,0,0,1,0
03:36:09,16.9,59,0,0,1,0
03:37:09,16.9,59,0,0,1,0
03:38:09,16.9,59,0,0,1,0
03:39:09,16.9,59,0,0,1,0
03:40:09,16.9,59,0,0,1,0
03:41:10,17,59,0,0,1,0
03:42:09,17,59,0,0,1,0
03:43:10,16.9,59,0,0,1,0
03:44:09,16.9,59,0,0,1,0
03:45:10,16.9,59,0,0,1,0
03:46:09,16.9,59,0,0,1,0
03:47:11,16.9,59,0,0,1,0
03:48:10,16.9,59,0,0,1,0
03:49:10,16.9,59,0,0,1,0
03:50:09,16.9,59,0,0,1,0
03:51:09,16.9,59,0,0,1,0
03:52:09,16.9,59,0,0,1,0
03:53:10,16.9,59,0,0,1,0
03:54:10,16.9,59,0,0,1,0
03:55:10,16.9,59,0,0,1,0
03:56:10,16.9,59,0,0,1,0
03:57:09,16.9,59,0,0,1,0
03:58:10,16.9,59,0,0,1,0
03:59:10,16.9,59,0,0,1,0
04:00:10,16.9,59,0,0,1,0
04:01:10,16.9,59,0,0,1,0
04:02:10,16.9,59,0,0,1,0
04:03:10,16.9,59,0,0,1,0
04:04:10,16.9,59,0,0,1,0
04:05:10,16.9,59,0,0,1,0
04:06:10,16.9,59,0,0,1,0
04:07:10,16.9,59,0,0,1,0
04:08:10,16.9,59,0,0,1,0
04:09:10,16.9,59,0,0,1,0
04:10:10,16.9,59,0,0,1,0
04:11:10,16.9,59,0,0,1,0
04:12:10,16.9,59,0,0,1,0
04:13:10,16.9,59,0,0,1,0
04:14:10,16.9,59,0,0,1,0
04:15:10,16.9,59,0,0,1,0
04:16:10,16.9,59,0,0,1,0
04:17:10,16.9,59,0,0,1,0
04:18:10,16.8,59,0,0,1,0
04:19:10,16.8,59,0,0,1,0
04:20:10,16.8,59,0,0,1,0
04:21:10,16.8,59,0,0,1,0
04:22:10,16.8,59,0,0,1,0
04:23:11,16.9,59,0,0,1,0
04:24:10,16.9,59,0,0,1,0
04:25:10,16.9,59,0,0,1,0
04:26:10,16.9,59,0,0,1,0
04:27:10,16.9,61,0,0,1,0
04:28:11,17.4,65,0,0,1,0
04:29:10,18.1,68,0,0,1,0
04:30:10,18.7,70,0,0,1,1
04:31:10,18.8,69,0,0,1,0
04:32:10,18.7,67,0,0,1,0
04:33:10,18.4,66,0,0,1,0
04:34:10,18.2,65,0,0,1,0
04:35:10,18,64,0,0,1,0
04:36:10,17.8,63,0,0,1,0
04:37:10,17.7,62,0,0,1,0
04:38:10,17.6,62,0,0,1,0
04:39:10,17.5,61,0,0,1,0
04:40:10,17.5,61,0,0,1,0
04:41:10,17.4,61,0,0,1,0
04:42:10,17.4,60,0,0,1,0
04:43:10,17.3,60,0,0,1,0
04:44:10,17.3,60,0,0,1,0
04:45:11,17.3,60,0,0,1,0
04:46:10,17.3,60,0,0,1,0
04:47:10,17.3,60,0,0,1,0
04:48:11,17.2,60,0,0,1,0
04:49:12,17.2,60,0,0,1,0
04:50:10,17.2,60,0,0,1,0
04:51:11,17.1,60,0,0,1,0
04:52:11,17.1,59,0,0,1,0
04:53:10,17.1,59,0,0,1,0
04:54:10,17.1,59,0,0,1,0
04:55:10,17.1,59,0,0,1,0
04:56:10,17,59,0,0,1,0
04:57:10,17,59,0,0,1,0
04:58:10,17,59,0,0,1,0
04:59:10,17,59,0,0,1,0
05:00:11,17.1,59,0,0,1,0
05:01:10,17,59,0,0,1,0
05:03:11,17,59,0,0,1,0
05:04:11,17,59,0,0,1,0
05:05:11,16.9,59,0,0,1,0
05:06:11,16.9,59,0,0,1,0
05:07:11,17,59,0,0,1,0
05:08:11,16.9,59,0,0,1,0
05:09:11,16.9,59,0,0,1,0
05:10:11,16.9,59,0,0,1,0
05:11:11,16.9,58,0,0,1,0
05:12:11,16.8,59,0,0,1,0
05:13:11,16.8,59,0,0,1,0
05:14:11,16.8,59,0,0,1,0
05:15:11,16.8,59,0,0,1,0
05:16:11,16.8,59,0,0,1,0
05:17:11,16.8,60,0,0,1,0
05:18:11,17.3,64,0,0,1,0
05:19:11,17.9,68,0,0,1,0
05:20:11,18.5,70,0,0,1,0
05:21:11,18.6,69,0,0,1,0
05:22:11,18.4,67,0,0,1,0
05:23:11,18.2,65,0,0,1,0
05:24:11,18,64,0,0,1,0
05:25:11,17.8,63,0,0,1,0
05:26:11,17.7,62,0,0,1,0
05:27:11,17.6,62,0,0,1,0
05:28:11,17.5,61,0,0,1,0
05:29:11,17.4,61,0,0,1,0
05:30:11,17.4,60,0,0,1,0
05:31:11,17.3,60,0,0,1,0
05:32:11,17.2,60,0,0,1,0
05:33:12,17.3,60,0,0,1,0
05:34:12,17.2,60,0,0,1,0
05:35:11,17.2,60,0,0,1,0
05:36:11,17.2,60,0,0,1,0
05:37:11,17.1,60,0,0,1,0
05:38:11,17.1,59,0,0,1,0
05:39:14,17.1,59,0,0,1,0
05:40:12,17.1,59,0,0,1,0
05:41:11,17,59,0,0,1,0
05:42:12,17,59,0,0,1,0
05:43:11,17,59,0,0,1,0
05:44:11,17,59,0,0,1,0
05:45:11,17,58,0,0,1,0
05:46:11,16.9,58,0,0,1,0
05:47:12,16.9,58,0,0,1,0
05:49:12,16.8,58,0,0,1,0
05:50:11,16.8,58,0,0,1,0
05:51:11,16.9,58,0,0,1,0
05:52:11,16.9,58,0,0,1,0
05:53:11,16.9,59,0,0,1,0
05:54:12,16.9,58,0,0,1,0
05:55:11,16.9,58,0,0,1,0
05:56:11,16.9,58,0,0,1,0
05:57:11,16.8,58,0,0,1,0
05:58:11,16.8,58,0,0,1,0
05:59:11,16.8,58,0,0,1,0
06:00:11,16.8,58,0,0,1,0
06:01:11,16.8,60,0,0,1,0
06:02:11,17.4,65,0,0,1,0
06:03:11,17.9,69,0,0,1,0
06:04:11,18.4,70,0,0,1,1
06:05:12,18.6,68,0,0,1,0
06:06:12,18.4,66,0,0,1,0
06:07:12,18.1,65,0,0,1,0
06:08:12,17.9,64,0,0,1,0
06:09:12,17.7,62,0,0,1,0
06:10:12,17.6,62,0,0,1,0
06:11:12,17.5,61,0,0,1,0
06:12:13,17.4,60,0,0,1,0
06:13:12,17.3,60,0,0,1,0
06:14:12,17.3,60,0,0,1,0
06:15:12,17.2,59,0,0,1,0
06:16:12,17.1,59,0,0,1,0
06:17:12,17.1,59,0,0,1,0
06:18:12,17.1,59,0,0,1,0
06:19:12,17,59,0,0,1,0
06:20:12,17,58,0,0,1,0
06:21:12,17,58,0,0,1,0
06:22:13,17,58,0,0,1,0
06:23:12,16.9,58,0,0,1,0
06:24:12,16.9,58,0,0,1,0
06:25:12,16.9,58,0,0,1,0
06:26:12,16.8,58,0,0,1,0
06:27:12,16.8,58,0,0,1,0
06:28:12,16.8,58,0,0,1,0
06:29:12,16.9,58,0,0,1,0
06:30:12,16.8,58,0,0,1,0
06:31:12,16.8,58,0,0,1,0
06:32:12,16.8,58,0,0,1,0
06:33:12,16.8,58,0,0,1,0
06:34:12,16.8,58,0,0,1,0
06:35:12,16.7,58,0,0,1,0
06:36:13,16.8,58,0,0,1,0
06:37:13,16.8,58,0,0,1,0
06:38:13,16.8,58,0,0,1,0
06:39:13,16.8,58,0,0,1,0
06:40:13,16.7,58,0,0,1,0
06:41:13,17,63,0,0,1,0
06:42:13,17.7,67,0,0,1,0
06:43:13,18.3,69,0,0,1,0
06:44:13,18.6,70,0,0,1,0
06:45:13,18.6,68,0,0,1,0
06:46:13,18.3,65,0,0,1,0
06:47:13,18.1,64,0,0,1,0
06:48:13,17.9,63,0,0,1,0
06:49:13,17.7,62,0,0,1,0
06:50:13,17.6,61,0,0,1,0
06:51:13,17.5,61,0,0,1,0
06:52:13,17.4,60,0,0,1,0
06:53:13,17.3,60,0,0,1,0
06:54:13,17.3,60,0,0,1,0
06:55:13,17.2,60,0,0,1,0
06:56:13,17.2,59,0,0,1,0
06:57:13,17.2,59,0,0,1,0
06:58:13,17.1,59,0,0,1,0
06:59:13,17,59,0,0,1,0
07:00:13,17,59,0,0,1,0
07:01:13,17,58,0,0,1,0
07:02:13,17,58,0,0,1,0
07:03:13,17,58,0,0,1,0
07:04:13,17,58,0,0,1,0
07:05:13,16.9,58,0,0,1,0
07:06:13,16.9,58,0,0,1,0
07:07:13,16.9,58,0,0,1,0
07:08:13,16.9,58,0,0,1,0
07:09:13,16.9,58,0,0,1,0
07:10:13,16.9,58,0,0,1,0
07:11:13,16.9,58,0,0,1,0
07:12:13,16.8,58,0,0,1,0
07:13:13,16.9,60,0,0,1,0
07:14:13,17.2,64,0,0,1,0
07:15:14,17.9,67,0,0,1,0
07:16:13,18.5,70,0,0,1,0
07:17:13,18.8,69,0,0,1,0
07:18:13,18.6,67,0,0,1,0
07:19:13,18.3,65,0,0,1,0
07:20:13,18,64,0,0,1,0
07:21:14,17.9,63,0,0,1,0
07:22:13,17.8,62,0,0,1,0
07:23:14,17.6,62,0,0,1,0
07:24:14,17.5,61,0,0,1,0
07:25:13,17.5,60,0,0,1,0
07:26:13,17.4,60,0,0,1,0
07:27:13,17.3,60,0,0,1,0
07:28:13,17.2,60,0,0,1,0
07:29:13,17.2,59,0,0,1,0
07:30:13,17.2,59,0,0,1,0
07:31:13,17.1,59,0,0,1,0
07:32:13,17.1,59,0,0,1,0
07:33:14,17.1,59,0,0,1,0
07:34:14,17.1,59,0,0,1,0
07:35:14,17,59,0,0,1,0
07:36:14,17,58,0,0,1,0
07:37:14,17,58,0,0,1,0
07:38:15,17,59,0,0,1,0
07:39:14,16.9,59,0,0,1,0
07:40:14,16.9,59,0,0,1,0
07:41:14,16.9,59,0,0,1,0
07:42:14,16.9,58,0,0,1,0
07:43:14,16.9,58,0,0,1,0
07:44:14,16.9,58,0,0,1,0
07:45:14,16.9,58,0,0,1,0
07:46:14,16.8,58,0,0,1,0
07:47:14,16.8,58,0,0,1,0
07:48:14,16.8,58,0,0,1,0
07:49:14,16.8,58,0,0,1,0
07:50:14,16.8,58,0,0,1,0
07:51:14,16.8,58,0,0,1,0
07:52:14,16.8,58,0,0,1,0
07:53:14,16.9,63,0,0,1,0
07:54:15,17.6,66,0,0,1,0
07:55:14,18.2,69,0,0,1,0
07:56:14,18.6,68,0,0,1,0
07:57:14,18.4,66,0,0,1,0
07:59:15,17.9,64,0,0,1,0
08:00:14,17.7,63,0,0,1,0
08:01:14,17.5,63,0,0,1,0
08:02:14,17.4,62,0,0,1,0
08:03:14,17.4,62,0,0,1,0
08:04:14,17.3,61,0,0,1,0
08:05:14,17.3,61,0,0,1,0
08:07:14,17.2,60,0,0,1,0
08:08:14,17.1,60,0,0,1,0
08:09:14,17.1,60,0,0,1,0
08:10:14,17.1,60,0,0,1,0
08:11:14,17,60,0,0,1,0
08:12:14,17,59,0,0,1,0
08:13:14,17.1,60,0,0,1,0
08:14:16,17.7,60,0,0,1,0
08:15:14,18.3,61,0,0,1,0
08:16:17,18.6,61,0,0,1,0
08:17:17,18.8,62,0,0,1,0
08:18:17,19.1,62,0,0,1,0
08:19:14,19.1,62,0,0,1,0
08:20:14,19.3,62,0,0,1,0
08:21:15,19.4,62,0,0,1,0
08:22:15,19.4,62,0,0,1,0
08:23:18,19.4,61,0,0,1,0
08:24:15,18.9,60,0,0,1,0
08:25:15,18.9,61,0,0,1,0
08:27:15,19.4,61,0,0,1,0
08:28:15,19.5,61,0,0,1,0
08:29:18,19,60,0,0,1,0
08:30:14,18.8,61,0,0,1,0
08:31:15,18.8,60,0,0,1,0
08:32:14,18.5,60,0,0,1,0
08:33:14,18.2,59,0,0,1,0
08:34:14,18.1,59,0,0,1,0
08:35:14,17.9,59,0,0,1,0
08:36:14,17.8,58,0,0,1,0
08:37:14,17.7,58,0,0,1,0
08:38:14,17.7,58,0,0,1,0
08:39:14,17.6,58,0,0,1,0
08:40:17,17.5,58,0,0,1,0
08:41:14,17.5,58,0,0,1,0
08:42:14,17.4,58,0,0,1,0
08:43:14,17.4,58,0,0,1,0
08:44:14,17.4,58,0,0,1,0
08:45:14,17.3,58,0,0,1,0
08:46:14,17.2,58,0,0,1,0
08:47:14,17.2,58,0,0,1,0
08:48:15,17.2,58,0,0,1,0
08:49:14,17.2,57,0,0,1,0
08:50:14,17.1,57,0,0,1,0
08:51:14,17,57,0,0,1,0
08:52:14,17,57,0,0,1,0
08:53:14,17,57,0,0,1,0
08:54:15,16.9,57,0,0,1,0
08:55:15,16.9,57,0,0,1,0
08:56:14,16.9,57,0,0,1,0
08:57:14,16.9,57,0,0,1,0
08:58:14,17,57,0,0,1,0
08:59:16,16.9,57,0,0,1,0
09:00:14,16.9,57,0,0,1,0
09:01:14,16.8,57,0,0,1,0
09:02:14,16.8,58,0,0,1,0
09:03:15,17.2,64,0,0,1,0
09:04:15,17.7,68,0,0,1,0
09:05:15,18.2,71,0,0,1,1
09:06:15,18.7,73,0,0,1,1
09:07:15,18.9,72,0,0,1,1
09:08:15,18.8,70,0,0,1,0
09:09:15,18.6,67,0,0,1,0
09:10:18,18.3,65,0,0,1,0
09:11:15,18.1,64,0,0,1,0
09:12:15,18,63,0,0,1,0
09:13:15,17.8,62,0,0,1,0
09:14:15,17.7,61,0,0,1,0
09:15:15,17.6,60,0,0,1,0
09:16:15,17.5,60,0,0,1,0
09:17:15,17.4,59,0,0,1,0
09:18:15,17.4,59,0,0,1,0
09:19:17,17.3,59,0,0,1,0
09:20:15,17.2,58,0,0,1,0
09:21:15,17.2,58,0,0,1,0
09:22:15,17.2,58,0,0,1,0
09:23:15,17.1,58,0,0,1,0
09:24:16,17.1,58,0,0,1,0
09:26:15,17.1,58,0,0,1,0
09:27:15,17,58,0,0,1,0
09:28:15,17,58,0,0,1,0
09:29:15,17,58,0,0,1,0
09:30:15,17,57,0,0,1,0
09:31:15,16.9,58,0,0,1,0
09:32:15,17,60,0,0,1,0
09:33:15,17.4,66,0,0,1,0
09:34:15,17.9,69,0,0,1,0
09:35:15,18.4,71,0,0,1,1
09:36:15,18.6,70,0,0,1,0
09:37:15,18.4,67,0,0,1,0
09:38:15,18.3,65,0,0,1,0
09:39:15,18.1,64,0,0,1,0
09:40:16,17.9,62,0,0,1,0
09:41:15,17.8,61,0,0,1,0
09:42:15,17.7,61,0,0,1,0
09:43:15,17.6,60,0,0,1,0
09:44:15,17.5,60,0,0,1,0
09:45:15,17.4,59,0,0,1,0
09:46:15,17.3,59,0,0,1,0
09:47:15,17.3,59,0,0,1,0
09:48:15,17.3,59,0,0,1,0
09:49:15,17.3,58,0,0,1,0
09:50:15,17.2,58,0,0,1,0
09:51:16,17.2,58,0,0,1,0
09:52:15,17.1,58,0,0,1,0
09:53:15,17,58,0,0,1,0
09:54:15,17,58,0,0,1,0
09:55:17,17,58,0,0,1,0
09:56:15,17,57,0,0,1,0
09:57:17,17,57,0,0,1,0
09:58:15,17,57,0,0,1,0
09:59:15,17,58,0,0,1,0
10:00:16,17.7,61,0,0,1,0
10:01:15,17.7,60,0,0,1,0
10:02:15,17.6,60,0,0,1,0
10:03:15,17.4,59,0,0,1,0
10:04:15,17.3,59,0,0,1,0
10:05:15,17.2,59,0,0,1,0
10:06:15,17.1,59,0,0,1,0
10:07:15,17.1,58,0,0,1,0
10:08:15,17.1,58,0,0,1,0
10:09:15,17.1,58,0,0,1,0
10:10:15,17.1,58,0,0,1,0
10:11:15,17,58,0,0,1,0
10:12:16,17,58,0,0,1,0
10:13:15,17,58,0,0,1,0
10:14:16,17.2,62,0,0,1,0
10:15:16,17.6,67,0,0,1,0
10:16:16,18.1,70,0,0,1,0
10:17:16,18.5,72,0,0,1,1
10:18:16,18.6,70,0,0,1,0
10:19:16,18.5,67,0,0,1,0
10:20:16,18.3,65,0,0,1,0
10:21:16,18.2,64,0,0,1,0
10:22:16,18.2,63,0,0,1,0
10:23:16,18.1,62,0,0,1,0
10:24:16,17.9,61,0,0,1,0
10:25:16,17.8,60,0,0,1,0
10:26:18,17.7,60,0,0,1,0
10:27:16,17.6,60,0,0,1,0
10:28:16,17.5,59,0,0,1,0
10:29:16,17.5,59,0,0,1,0
10:30:16,17.4,59,0,0,1,0
10:31:16,17.4,58,0,0,1,0
10:32:16,17.3,58,0,0,1,0
10:33:16,17.2,58,0,0,1,0
10:34:16,17.2,58,0,0,1,0
10:35:16,17.2,58,0,0,1,0
10:36:16,17.2,58,0,0,1,0
10:37:16,17.2,58,0,0,1,0
10:38:16,17.1,58,0,0,1,0
10:39:16,17.2,60,0,0,1,0
10:40:17,17.5,65,0,0,1,0
10:41:16,18,69,0,0,1,0
10:42:16,18.4,70,0,0,1,1
10:43:16,18.4,68,0,0,1,0
10:44:16,18.3,66,0,0,1,0
10:45:16,18.2,64,0,0,1,0
10:46:16,18,63,0,0,1,0
10:47:16,17.9,62,0,0,1,0
10:48:16,17.8,61,0,0,1,0
10:49:16,17.7,61,0,0,1,0
10:50:16,17.6,60,0,0,1,0
10:51:16,17.5,60,0,0,1,0
10:52:16,17.5,60,0,0,1,0
10:53:16,17.4,59,0,0,1,0
10:54:16,17.4,59,0,0,1,0
10:55:16,17.4,59,0,0,1,0
10:56:18,17.4,59,0,0,1,0
10:57:17,17.3,59,0,0,1,0
10:58:16,17.3,59,0,0,1,0
10:59:16,17.3,59,0,0,1,0
11:00:16,17.3,59,0,0,1,0
11:01:16,17.2,58,0,0,1,0
11:02:16,17.2,58,0,0,1,0
11:03:16,17.2,58,0,0,1,0
11:04:16,17.1,58,0,0,1,0
11:05:16,17.1,58,0,0,1,0
11:06:16,17.1,58,0,0,1,0
11:07:16,17.1,58,0,0,1,0
11:08:16,17.1,58,0,0,1,0
11:09:16,17,58,0,0,1,0
11:10:17,17,58,0,0,1,0
11:11:17,17.1,58,0,0,1,0
11:12:17,17,58,0,0,1,0
11:13:17,17,58,0,0,1,0
11:14:17,17,58,0,0,1,0
11:15:17,17,58,0,0,1,0
11:16:17,17,58,0,0,1,0
11:17:17,17,58,0,0,1,0
11:18:17,17.1,58,0,0,1,0
11:19:17,17,58,0,0,1,0
11:20:17,17,58,0,0,1,0
11:21:17,17,58,0,0,1,0
11:22:17,17,58,0,0,1,0
11:23:17,17,58,0,0,1,0
11:24:17,17,58,0,0,1,0
11:25:17,17,58,0,0,1,0
11:26:17,17,58,0,0,1,0
11:27:17,17,58,0,0,1,0
11:28:17,17,58,0,0,1,0
11:29:17,17,58,0,0,1,0
11:30:17,17,58,0,0,1,0
11:31:17,17,58,0,0,1,0
11:32:17,17,58,0,0,1,0
11:33:17,17,58,0,0,1,0
11:34:17,17,58,0,0,1,0
11:35:17,17,58,0,0,1,0
11:36:17,17,58,0,0,1,0
11:37:17,17,58,0,0,1,0
11:38:17,17,58,0,0,1,0
11:39:17,17,58,0,0,1,0
11:40:17,17,58,0,0,1,0
11:41:17,16.9,58,0,0,1,0
11:42:17,16.9,58,0,0,1,0
11:43:17,16.9,58,0,0,1,0
11:44:17,17,58,0,0,1,0
11:45:17,17,58,0,0,1,0
11:46:17,17,58,0,0,1,0
11:47:17,17,58,0,0,1,0
11:48:17,17,58,0,0,1,0
11:49:17,17,58,0,0,1,0
11:50:17,17,58,0,0,1,0
11:51:17,17,58,0,0,1,0
11:52:17,17,58,0,0,1,0
11:53:17,17,58,0,0,1,0
11:54:17,17,58,0,0,1,0
11:55:17,17,58,0,0,1,0
11:56:17,17,58,0,0,1,0
11:57:17,17,58,0,0,1,0
11:58:17,17,58,0,0,1,0
11:59:17,17,58,0,0,1,0
12:00:17,17,58,0,0,1,0
12:01:18,17,58,0,0,1,0
12:02:17,17,58,0,0,1,0
12:03:17,17,58,0,0,1,0
12:04:17,17,58,0,0,1,0
12:05:17,17,58,0,0,1,0
12:06:17,17,58,0,0,1,0
12:07:17,17,58,0,0,1,0
12:08:17,17,58,0,0,1,0
12:09:17,17,58,0,0,1,0
12:10:17,17,58,0,0,1,0
12:11:17,17,58,0,0,1,0
12:12:17,17,58,0,0,1,0
12:13:17,17,58,0,0,1,0
12:14:17,17,58,0,0,1,0
12:15:17,17,58,0,0,1,0
12:16:17,17,58,0,0,1,0
12:17:17,17,58,0,0,1,0
12:18:17,17,58,0,0,1,0
12:19:17,17,58,0,0,1,0
12:20:17,17,58,0,0,1,0
12:21:17,17,58,0,0,1,0
12:22:17,17,58,0,0,1,0
12:23:17,17,58,0,0,1,0
12:24:18,16.9,58,0,0,1,0
12:25:17,17,58,0,0,1,0
12:26:20,17,58,0,0,1,0
12:27:17,17,58,0,0,1,0
12:28:17,17,58,0,0,1,0
12:29:17,17,58,0,0,1,0
12:30:17,17,58,0,0,1,0
12:31:17,17,58,0,0,1,0
12:32:17,17,58,0,0,1,0
12:33:18,17,58,0,0,1,0
12:34:18,17,58,0,0,1,0
12:35:18,17,58,0,0,1,0
12:36:18,17,58,0,0,1,0
12:37:18,17,58,0,0,1,0
12:38:18,17,58,0,0,1,0
12:39:18,17,58,0,0,1,0
12:40:19,17,58,0,0,1,0
12:41:18,17,58,0,0,1,0
12:42:18,17,58,0,0,1,0
12:43:18,17,58,0,0,1,0
12:44:18,17,58,0,0,1,0
12:45:18,17,59,0,0,1,0
12:46:19,17,58,0,0,1,0
12:47:18,17,58,0,0,1,0
12:48:18,17.1,58,0,0,1,0
12:49:18,17.1,58,0,0,1,0
12:50:18,17,58,0,0,1,0
12:51:18,17.1,58,0,0,1,0
12:52:18,17.1,58,0,0,1,0
12:53:19,17.1,58,0,0,1,0
12:54:18,17.1,58,0,0,1,0
12:55:18,17.1,58,0,0,1,0
12:56:18,17.1,58,0,0,1,0
12:57:18,17.1,58,0,0,1,0
12:58:18,17.1,58,0,0,1,0
12:59:18,17,58,0,0,1,0
13:00:18,17,58,0,0,1,0
13:01:21,17.1,58,0,0,1,0
13:02:18,17.1,58,0,0,1,0
13:03:18,17.1,58,0,0,1,0
13:04:18,17.1,58,0,0,1,0
13:05:18,17.1,58,0,0,1,0
13:06:18,17.1,58,0,0,1,0
13:07:18,17.1,58,0,0,1,0
13:08:18,17.1,58,0,0,1,0
13:09:18,17.1,58,0,0,1,0
13:10:18,17.1,58,0,0,1,0
13:11:18,17.1,58,0,0,1,0
13:12:18,17,58,0,0,1,0
13:13:18,17.1,58,0,0,1,0
13:14:18,17.1,58,0,0,1,0
13:15:18,17.1,59,0,0,1,0
13:16:18,17.1,58,0,0,1,0
13:17:18,17.1,59,0,0,1,0
13:18:18,17.1,58,0,0,1,0
13:19:18,17.1,58,0,0,1,0
13:20:18,17.1,58,0,0,1,0
13:21:18,17.1,58,0,0,1,0
13:22:18,17.1,58,0,0,1,0
13:23:18,17.1,58,0,0,1,0
13:24:18,17.1,58,0,0,1,0
13:25:18,17.1,58,0,0,1,0
13:26:18,17.1,59,0,0,1,0
13:27:18,17.1,58,0,0,1,0
13:28:18,17.1,59,0,0,1,0
13:29:18,17.1,58,0,0,1,0
13:30:18,17.2,59,0,0,1,0
13:31:18,17.1,59,0,0,1,0
13:32:18,17.2,58,0,0,1,0
13:33:18,17.2,58,0,0,1,0
13:34:18,17.2,59,0,0,1,0
13:35:18,17.2,59,0,0,1,0
13:36:18,17.2,58,0,0,1,0
13:37:18,17.2,58,0,0,1,0
13:38:18,17.2,58,0,0,1,0
13:39:18,17.2,58,0,0,1,0
13:40:18,17.2,58,0,0,1,0
13:41:18,17.2,58,0,0,1,0
13:42:18,17.2,59,0,0,1,0
13:43:19,17.2,59,0,0,1,0
13:44:19,17.3,59,0,0,1,0
13:45:19,17.3,59,0,0,1,0
13:46:19,17.2,59,0,0,1,0
13:47:19,17.3,59,0,0,1,0
13:48:19,17.3,59,0,0,1,0
13:49:19,17.3,59,0,0,1,0
13:50:19,17.3,59,0,0,1,0
13:51:19,17.2,58,0,0,1,0
13:52:19,17.2,59,0,0,1,0
13:53:19,17.2,59,0,0,1,0
13:54:19,17.3,59,0,0,1,0
13:55:19,17.3,59,0,0,1,0
13:56:19,17.3,59,0,0,1,0
13:57:19,17.3,59,0,0,1,0
13:58:19,17.3,59,0,0,1,0
13:59:19,17.3,59,0,0,1,0
14:00:19,17.3,59,0,0,1,0
14:01:20,17.3,59,0,0,1,0
14:02:19,17.3,59,0,0,1,0
14:03:19,17.3,58,0,0,1,0
14:04:19,17.3,58,0,0,1,0
14:05:19,17.3,58,0,0,1,0
14:06:19,17.3,59,0,0,1,0
14:07:19,17.3,58,0,0,1,0
14:08:19,17.3,58,0,0,1,0
14:09:19,17.3,58,0,0,1,0
14:10:19,17.3,59,0,0,1,0
14:11:19,17.3,59,0,0,1,0
14:12:19,17.3,59,0,0,1,0
14:13:19,17.4,59,0,0,1,0
14:14:19,17.4,58,0,0,1,0
14:15:20,17.3,59,0,0,1,0
14:16:19,17.3,59,0,0,1,0
14:17:19,17.3,59,0,0,1,0
14:18:19,17.4,59,0,0,1,0
14:19:19,17.4,58,0,0,1,0
14:20:21,17.3,58,0,0,1,0
14:21:19,17.4,58,0,0,1,0
14:22:20,17.4,58,0,0,1,0
14:23:20,17.3,58,0,0,1,0
14:24:20,17.4,59,0,0,1,0
14:25:20,17.4,59,0,0,1,0
14:26:20,17.4,59,0,0,1,0
14:27:20,17.4,59,0,0,1,0
14:28:20,17.3,59,0,0,1,0
14:29:20,17.4,58,0,0,1,0
14:30:20,17.4,59,0,0,1,0
14:31:20,17.4,58,0,0,1,0
14:32:20,17.4,58,0,0,1,0
14:33:20,17.4,58,0,0,1,0
14:34:20,17.4,58,0,0,1,0
14:35:20,17.4,59,0,0,1,0
14:36:20,17.4,59,0,0,1,0
14:37:20,17.4,59,0,0,1,0
14:38:20,17.4,59,0,0,1,0
14:39:20,17.4,59,0,0,1,0
14:40:20,17.4,58,0,0,1,0
14:41:20,17.4,58,0,0,1,0
14:42:20,17.4,58,0,0,1,0
14:43:20,17.4,59,0,0,1,0
14:44:20,17.4,59,0,0,1,0
14:45:20,17.4,59,0,0,1,0
14:46:20,17.4,59,0,0,1,0
14:47:20,17.4,59,0,0,1,0
14:48:20,17.4,59,0,0,1,0
14:49:20,17.4,59,0,0,1,0
14:50:20,17.4,59,0,0,1,0
14:51:20,17.4,59,0,0,1,0
14:52:20,17.5,59,0,0,1,0
14:53:20,17.5,58,0,0,1,0
14:54:20,17.4,58,0,0,1,0
14:55:20,17.4,58,0,0,1,0
14:56:20,17.4,59,0,0,1,0
14:57:20,17.4,59,0,0,1,0
14:58:20,17.4,59,0,0,1,0
14:59:20,17.4,59,0,0,1,0
15:00:20,17.4,59,0,0,1,0
15:01:20,17.4,59,0,0,1,0
15:02:20,17.4,59,0,0,1,0
15:03:20,17.5,59,0,0,1,0
15:04:20,17.5,59,0,0,1,0
15:05:23,17.4,59,0,0,1,0
15:06:20,17.5,59,0,0,1,0
15:07:20,17.5,59,0,0,1,0
15:08:20,17.4,59,0,0,1,0
15:09:22,17.5,59,0,0,1,0
15:11:20,17.5,58,0,0,1,0
15:12:20,17.5,59,0,0,1,0
15:13:20,17.5,59,0,0,1,0
15:14:20,17.5,59,0,0,1,0
15:15:20,17.5,59,0,0,1,0
15:16:20,17.5,59,0,0,1,0
15:17:20,17.6,60,0,0,1,0
15:18:20,17.6,59,0,0,1,0
15:19:23,17.6,59,0,0,1,0
15:20:23,17.6,59,0,0,1,0
15:21:20,17.6,59,0,0,1,0
15:22:20,17.6,59,0,0,1,0
15:23:20,17.6,59,0,0,1,0
15:24:20,17.6,59,0,0,1,0
15:25:23,17.6,59,0,0,1,0
15:26:20,17.6,59,0,0,1,0
15:27:20,17.6,59,0,0,1,0
15:28:20,17.6,59,0,0,1,0
15:29:20,17.6,59,0,0,1,0
15:30:20,17.5,59,0,0,1,0
15:31:20,17.6,59,0,0,1,0
15:32:20,17.6,59,0,0,1,0
15:33:20,17.6,59,0,0,1,0
15:34:20,17.6,59,0,0,1,0
15:35:20,17.6,59,0,0,1,0
15:36:20,17.6,59,0,0,1,0
15:37:20,17.6,59,0,0,1,0
15:38:20,17.6,59,0,0,1,0
15:39:20,17.6,59,0,0,1,0
15:40:20,17.6,59,0,0,1,0
15:41:20,17.6,59,0,0,1,0
15:42:20,17.6,59,0,0,1,0
15:43:20,17.6,59,0,0,1,0
15:44:20,17.6,59,0,0,1,0
15:45:20,17.6,58,0,0,1,0
15:46:20,17.5,58,0,0,1,0
15:47:21,17.5,58,0,0,1,0
15:48:20,17.6,58,0,0,1,0
15:49:21,17.6,58,0,0,1,0
15:50:21,17.6,59,0,0,1,0
15:51:22,17.6,59,0,0,1,0
15:52:21,17.6,59,0,0,1,0
15:53:21,17.6,59,0,0,1,0
15:54:21,17.6,59,0,0,1,0
15:55:21,17.6,59,0,0,1,0
15:56:21,17.6,59,0,0,1,0
15:57:21,17.6,58,0,0,1,0
15:58:21,17.6,59,0,0,1,0
15:59:21,17.6,59,0,0,1,0
16:00:22,17.6,58,0,0,1,0
16:01:21,17.6,58,0,0,1,0
16:03:21,17.6,58,0,0,1,0
16:04:21,17.6,58,0,0,1,0
16:05:21,17.5,58,0,0,1,0
16:06:21,17.5,58,0,0,1,0
16:07:21,17.5,58,0,0,1,0
16:08:21,17.5,58,0,0,1,0
16:09:21,17.5,59,0,0,1,0
16:10:21,17.5,58,0,0,1,0
16:11:21,17.6,59,0,0,1,0
16:12:22,17.6,59,0,0,1,0
16:13:21,17.6,58,0,0,1,0
16:14:21,17.6,59,0,0,1,0
16:15:21,17.6,59,0,0,1,0
16:16:21,17.6,59,0,0,1,0
16:17:21,17.5,58,0,0,1,0
16:18:21,17.5,58,0,0,1,0
16:19:21,17.6,58,0,0,1,0
16:20:21,17.6,58,0,0,1,0
16:21:21,17.5,58,0,0,1,0
16:22:21,17.5,58,0,0,1,0
16:23:21,17.5,59,0,0,1,0
16:24:21,17.5,59,0,0,1,0
16:25:21,17.5,59,0,0,1,0
16:26:21,17.5,59,0,0,1,0
16:27:24,17.5,59,0,0,1,0
16:28:21,17.5,59,0,0,1,0
16:29:21,17.5,59,0,0,1,0
16:30:21,17.5,59,0,0,1,0
16:31:21,17.5,59,0,0,1,0
16:32:22,17.5,59,0,0,1,0
16:33:21,17.5,59,0,0,1,0
16:34:21,17.5,59,0,0,1,0
16:35:21,17.6,59,0,0,1,0
16:36:24,17.6,59,0,0,1,0
16:37:21,17.6,59,0,0,1,0
16:38:21,17.6,59,0,0,1,0
16:39:21,17.5,59,0,0,1,0
16:40:21,17.5,59,0,0,1,0
16:41:21,17.6,59,0,0,1,0
16:42:21,17.6,59,0,0,1,0
16:43:21,17.5,59,0,0,1,0
16:44:21,17.5,59,0,0,1,0
16:45:21,17.6,59,0,0,1,0
16:46:21,17.5,59,0,0,1,0
16:47:21,17.5,59,0,0,1,0
16:48:21,17.5,59,0,0,1,0
16:49:21,17.6,59,0,0,1,0
16:50:21,17.5,59,0,0,1,0
16:51:21,17.6,59,0,0,1,0
16:52:22,17.6,59,0,0,1,0
16:53:21,17.6,59,0,0,1,0
16:54:22,17.6,59,0,0,1,0
16:55:21,17.6,59,0,0,1,0
16:56:21,17.6,59,0,0,1,0
16:57:21,17.6,59,0,0,1,0
16:58:22,17.6,59,0,0,1,0
16:59:21,17.6,59,0,0,1,0
17:00:21,17.5,59,0,0,1,0
17:01:21,17.5,59,0,0,1,0
17:02:21,17.6,59,0,0,1,0
17:03:21,17.6,59,0,0,1,0
17:04:21,17.6,59,0,0,1,0
17:05:22,17.6,59,0,0,1,0
17:06:21,17.5,59,0,0,1,0
17:07:21,17.5,59,0,0,1,0
17:08:22,17.5,59,0,0,1,0
17:09:21,17.5,59,0,0,1,0
17:10:21,17.5,59,0,0,1,0
17:11:21,17.5,59,0,0,1,0
17:12:21,17.5,59,0,0,1,0
17:13:21,17.5,59,0,0,1,0
17:14:21,17.5,59,0,0,1,0
17:15:21,17.5,59,0,0,1,0
17:16:21,17.5,59,0,0,1,0
17:17:21,17.5,59,0,0,1,0
17:20:21,17.5,59,0,0,1,0
17:21:21,17.5,59,0,0,1,0
17:23:21,17.5,59,0,0,1,0
17:25:21,17.5,59,0,0,1,0
17:26:21,17.5,59,0,0,1,0
17:27:21,17.5,59,0,0,1,0
17:29:21,17.5,59,0,0,1,0
17:30:21,17.5,59,0,0,1,0
17:31:21,17.5,59,0,0,1,0
17:32:21,17.5,59,0,0,1,0
17:33:21,17.5,59,0,0,1,0
17:34:21,17.5,59,0,0,1,0
17:35:21,17.5,59,0,0,1,0
17:36:21,17.5,59,0,0,1,0
17:37:21,17.5,59,0,0,1,0
17:38:21,17.5,59,0,0,1,0
17:39:21,17.4,59,0,0,1,0
17:40:21,17.4,59,0,0,1,0
17:41:22,17.5,59,0,0,1,0
17:42:22,17.4,59,0,0,1,0
17:43:22,17.5,59,0,0,1,0
17:44:22,17.5,59,0,0,1,0
17:45:22,17.5,59,0,0,1,0
17:46:22,17.5,59,0,0,1,0
17:47:22,17.4,59,0,0,1,0
17:48:22,17.4,59,0,0,1,0
17:49:22,17.5,59,0,0,1,0
17:50:22,17.5,59,0,0,1,0
17:51:22,17.4,59,0,0,1,0
17:52:22,17.5,59,0,0,1,0
17:53:22,17.4,59,0,0,1,0
17:54:22,17.4,59,0,0,1,0
17:55:22,17.4,59,0,0,1,0
17:56:22,17.5,59,0,0,1,0
17:57:22,17.4,59,0,0,1,0
17:58:22,17.4,59,0,0,1,0
17:59:27,17.4,59,0,0,1,0
18:00:22,17.4,59,0,0,1,0
18:01:22,17.4,59,0,0,1,0
18:02:22,17.4,59,0,0,1,0
18:03:22,17.4,59,0,0,1,0
18:04:22,17.4,59,0,0,1,0
18:05:25,17.4,59,0,0,1,0
18:06:22,17.4,59,0,0,1,0
18:07:22,17.4,59,0,0,1,0
18:08:22,17.4,59,0,0,1,0
18:09:22,17.4,59,0,0,1,0
18:10:22,17.4,59,0,0,1,0
18:11:22,17.4,59,0,0,1,0
18:12:22,17.4,59,0,0,1,0
18:13:25,17.4,59,0,0,1,0
18:14:22,17.4,59,0,0,1,0
18:15:22,17.4,59,0,0,1,0
18:16:22,17.4,59,0,0,1,0
18:17:22,17.4,59,0,0,1,0
18:18:22,17.4,59,0,0,1,0
18:19:22,17.4,59,0,0,1,0
18:20:22,17.4,59,0,0,1,0
18:21:22,17.3,59,0,0,1,0
18:22:22,17.4,59,0,0,1,0
18:23:22,17.3,59,0,0,1,0
18:24:22,17.4,59,0,0,1,0
18:25:22,17.4,59,0,0,1,0
18:26:23,17.3,59,0,0,1,0
18:27:22,17.4,59,0,0,1,0
18:28:22,17.3,59,0,0,1,0
18:29:22,17.4,59,0,0,1,0
18:30:22,17.3,59,0,0,1,0
18:31:22,17.4,59,0,0,1,0
18:32:22,17.3,59,0,0,1,0
18:33:22,17.3,59,0,0,1,0
18:34:22,17.3,59,0,0,1,0
18:35:22,17.3,59,0,0,1,0
18:36:22,17.3,59,0,0,1,0
18:37:22,17.3,59,0,0,1,0
18:38:22,17.2,59,0,0,1,0
18:39:22,17.3,59,0,0,1,0
18:40:22,17.3,59,0,0,1,0
18:41:23,17.3,59,0,0,1,0
18:42:22,17.3,59,0,0,1,0
18:43:22,17.3,59,0,0,1,0
18:44:22,17.3,59,0,0,1,0
18:45:22,17.3,59,0,0,1,0
18:46:22,17.3,59,0,0,1,0
18:47:22,17.2,59,0,0,1,0
18:48:22,17.3,59,0,0,1,0
18:49:23,17.3,59,0,0,1,0
18:50:22,17.3,59,0,0,1,0
18:51:22,17.3,59,0,0,1,0
18:52:22,17.3,59,0,0,1,0
18:53:22,17.3,59,0,0,1,0
18:54:22,17.3,59,0,0,1,0
18:55:23,17.3,59,0,0,1,0
18:56:22,17.3,59,0,0,1,0
18:57:22,17.3,59,0,0,1,0
18:58:23,17.3,59,0,0,1,0
18:59:22,17.3,59,0,0,1,0
19:00:22,17.3,59,0,0,1,0
19:01:22,17.3,59,0,0,1,0
19:02:23,17.3,59,0,0,1,0
19:03:23,17.3,59,0,0,1,0
19:04:23,17.2,59,0,0,1,0
19:05:23,17.2,59,0,0,1,0
19:06:23,17.2,59,0,0,1,0
19:07:23,17.2,59,0,0,1,0
19:08:23,17.2,59,0,0,1,0
19:09:23,17.2,59,0,0,1,0
19:10:23,17.2,59,0,0,1,0
19:11:23,17.3,59,0,0,1,0
19:12:23,17.3,59,0,0,1,0
19:13:23,17.3,59,0,0,1,0
19:14:23,17.2,59,0,0,1,0
19:15:23,17.2,59,0,0,1,0
19:16:23,17.2,59,0,0,1,0
19:17:23,17.2,59,0,0,1,0
19:18:23,17.3,59,0,0,1,0
19:19:23,17.3,59,0,0,1,0
19:20:23,17.3,59,0,0,1,0
19:21:24,17.3,59,0,0,1,0
19:22:23,17.2,59,0,0,1,0
19:23:23,17.2,59,0,0,1,0
19:24:23,17.2,59,0,0,1,0
19:25:23,17.2,59,0,0,1,0
19:26:23,17.2,59,0,0,1,0
19:27:23,17.2,59,0,0,1,0
19:28:23,17.3,59,0,0,1,0
19:29:23,17.2,59,0,0,1,0
19:30:23,17.2,59,0,0,1,0
19:31:23,17.2,59,0,0,1,0
19:32:23,17.2,59,0,0,1,0
19:33:23,17.2,59,0,0,1,0
19:34:23,17.2,59,0,0,1,0
19:35:23,17.3,59,0,0,1,0
19:36:23,17.3,59,0,0,1,0
19:37:23,17.2,60,0,0,1,0
19:38:23,17.2,60,0,0,1,0
19:39:23,17.3,60,0,0,1,0
19:40:23,17.3,60,0,0,1,0
19:41:23,17.3,60,0,0,1,0
19:42:23,17.2,60,0,0,1,0
19:43:23,17.2,59,0,0,1,0
19:44:23,17.2,59,0,0,1,0
19:45:23,17.2,59,0,0,1,0
19:46:23,17.2,60,0,0,1,0
19:47:23,17.2,60,0,0,1,0
19:48:24,17.2,60,0,0,1,0
19:49:24,17.4,61,0,0,1,0
19:50:24,17.8,61,0,0,1,0
19:51:23,18.2,61,0,0,1,0
19:52:23,18.5,61,0,0,1,0
19:53:23,18.7,61,0,0,1,0
19:54:25,19,62,0,0,1,0
19:55:23,19.1,63,0,0,1,0
19:56:24,19.3,63,0,0,1,0
19:57:23,19.3,63,0,0,1,0
19:58:23,19.3,63,0,0,1,0
19:59:23,19.1,63,0,0,1,0
20:01:24,19.1,62,0,0,1,0
20:02:23,19,62,0,0,1,0
20:03:23,19.2,62,0,0,1,0
20:04:23,19.2,62,0,0,1,0
20:05:23,19.2,63,0,0,1,0
20:06:23,19.2,63,0,0,1,0
20:07:23,19.3,64,0,0,1,0
20:08:23,19.3,63,0,0,1,0
20:09:23,19.4,64,0,0,1,0
20:10:23,19.4,63,0,0,1,0
20:11:23,19.4,62,0,0,1,0
20:12:23,19.4,62,0,0,1,0
20:13:23,19.4,62,0,0,1,0
20:14:24,19.3,62,0,0,1,0
20:15:24,19.3,62,0,0,1,0
20:16:24,19.4,62,0,0,1,0
20:17:24,19.4,62,0,0,1,0
20:18:24,19.4,62,0,0,1,0
20:19:24,19.6,64,0,0,1,0
20:20:24,19.7,64,0,0,1,0
20:21:24,19.8,65,0,0,1,0
20:22:24,19.9,66,0,0,1,0
20:23:24,20,66,0,0,1,0
20:24:24,20.1,66,0,0,1,0
20:25:25,20.2,65,0,0,1,0
20:26:24,20.2,65,0,0,1,0
20:27:24,20.1,64,0,0,1,0
20:28:24,20.1,64,0,0,1,0
20:29:25,20,63,0,0,1,0
20:30:25,19.9,62,0,0,1,0
20:31:25,19.9,63,0,0,1,0
20:32:25,19.9,64,0,0,1,0
20:33:26,20,65,0,0,1,0
20:34:28,20.1,64,0,0,1,0
20:35:30,20.2,65,0,0,1,0
20:36:25,20.3,66,0,0,1,0
20:37:25,20.4,65,0,0,1,0
20:38:25,20.4,64,0,0,1,0
20:39:25,20.3,63,0,0,1,0
20:40:25,20.2,62,0,0,1,0
20:41:25,20.1,62,0,0,1,0
20:42:25,20,61,0,0,1,0
20:43:28,20,61,0,0,1,0
20:44:25,19.9,61,0,0,1,0
20:45:25,19.9,61,0,0,1,0
20:46:25,20,62,0,0,1,0
20:47:25,20,63,0,0,1,0
20:48:25,20.1,63,0,0,1,0
20:49:28,20.2,64,0,0,1,0
20:50:25,20.3,64,0,0,1,0
20:51:26,20.4,64,0,0,1,0
20:52:26,20.5,64,0,0,1,0
20:53:25,20.5,63,0,0,1,0
20:54:28,20.5,62,0,0,1,0
20:55:25,20.4,61,0,0,1,0
20:56:25,20.2,61,0,0,1,0
20:57:25,20.2,60,0,0,1,0
20:58:26,20.1,60,0,0,1,0
20:59:25,20,60,0,0,1,0
21:00:25,20,61,0,0,1,0
21:01:28,20.1,61,0,0,1,0
21:02:25,20.2,62,0,0,1,0
21:03:26,20.3,63,0,0,1,0
21:04:25,20.4,63,0,0,1,0
21:05:25,20.5,63,0,0,1,0
21:06:26,20.5,63,0,0,1,0
21:07:28,20.5,61,0,0,1,0
21:08:26,20.4,61,0,0,1,0
21:09:25,20.4,61,0,0,1,0
21:10:25,20.3,60,0,0,1,0
21:11:26,20.2,60,0,0,1,0
21:14:28,20.1,60,0,0,1,0
21:15:25,20,60,0,0,1,0
21:16:25,20.1,61,0,0,1,0
21:17:25,20.1,62,0,0,1,0
21:18:25,20.1,63,0,0,1,0
21:19:25,20.2,63,0,0,1,0
21:20:26,20.4,64,0,0,1,0
21:21:25,20.5,64,0,0,1,0
21:22:25,20.5,63,0,0,1,0
21:23:26,20.5,62,0,0,1,0
21:24:26,20.4,61,0,0,1,0
21:25:25,20.3,60,0,0,1,0
21:26:26,20.2,60,0,0,1,0
21:27:26,20.1,60,0,0,1,0
21:28:27,20.1,60,0,0,1,0
21:29:26,20.1,61,0,0,1,0
21:30:26,20.2,61,0,0,1,0
21:31:26,20.2,62,0,0,1,0
21:32:26,20.3,62,0,0,1,0
21:33:26,20.4,63,0,0,1,0
21:34:26,20.5,62,0,0,1,0
21:35:26,20.5,62,0,0,1,0
21:36:26,20.6,62,0,0,1,0
21:37:26,20.6,61,0,0,1,0
21:38:27,20.6,60,0,0,1,0
21:39:26,20.4,60,0,0,1,0
21:40:26,20.3,59,0,0,1,0
21:41:26,20.3,59,0,0,1,0
21:42:26,20.2,59,0,0,1,0
21:43:26,20.2,60,0,0,1,0
21:44:29,20.2,60,0,0,1,0
21:45:26,20.3,61,0,0,1,0
21:46:26,20.4,61,0,0,1,0
21:47:27,20.5,62,0,0,1,0
21:48:26,20.6,62,0,0,1,0
21:49:26,20.6,61,0,0,1,0
21:50:27,20.6,60,0,0,1,0
21:51:27,20.5,60,0,0,1,0
21:52:27,20.4,59,0,0,1,0
21:53:27,20.2,59,0,0,1,0
21:54:27,20.2,60,0,0,1,0
21:55:27,20.2,60,0,0,1,0
21:56:27,20.3,60,0,0,1,0
21:57:27,20.4,61,0,0,1,0
21:58:27,20.5,61,0,0,1,0
21:59:27,20.6,61,0,0,1,0
22:00:27,20.7,60,0,0,1,0
22:01:27,20.7,60,0,0,1,0
22:02:28,20.7,60,0,0,1,0
22:03:27,20.6,59,0,0,1,0
22:04:27,20.4,59,0,0,1,0
22:05:28,20.3,58,0,0,1,0
22:06:27,20.2,58,0,0,1,0
22:07:27,20.2,59,0,0,1,0
22:08:27,20.2,59,0,0,1,0
22:09:27,20.2,60,0,0,1,0
22:10:27,20.4,61,0,0,1,0
22:11:27,20.4,60,0,0,1,0
22:12:30,20.5,61,0,0,1,0
22:13:27,20.6,60,0,0,1,0
22:14:27,20.7,60,0,0,1,0
22:15:27,20.7,59,0,0,1,0
22:16:27,20.6,59,0,0,1,0
22:17:27,20.5,58,0,0,1,0
22:18:27,20.4,58,0,0,1,0
22:19:27,20.3,58,0,0,1,0
22:20:30,20.2,58,0,0,1,0
22:21:27,20.1,59,0,0,1,0
22:22:27,20.1,59,0,0,1,0
22:23:32,20.2,60,0,0,1,0
22:24:27,20.2,60,0,0,1,0
22:25:27,20.3,61,0,0,1,0
22:26:27,20.4,61,0,0,1,0
22:27:27,20.5,60,0,0,1,0
22:28:27,20.5,60,0,0,1,0
22:29:27,20.5,60,0,0,1,0
22:30:27,20.4,59,0,0,1,0
22:31:27,20.3,58,0,0,1,0
22:32:27,20.2,58,0,0,1,0
22:33:28,20.1,59,0,0,1,0
22:34:30,20.2,59,0,0,1,0
22:35:27,20.2,60,0,0,1,0
22:36:28,20.3,60,0,0,1,0
22:37:27,20.4,60,0,0,1,0
22:39:27,20.6,60,0,0,1,0
22:40:27,20.6,60,0,0,1,0
22:41:28,20.5,59,0,0,1,0
22:42:27,20.4,58,0,0,1,0
22:43:27,20.3,58,0,0,1,0
22:44:27,20.2,58,0,0,1,0
22:45:28,20.1,58,0,0,1,0
22:46:28,20.1,59,0,0,1,0
22:47:28,20.1,59,0,0,1,0
22:48:28,20.2,60,0,0,1,0
22:49:28,20.3,60,0,0,1,0
22:50:28,20.5,60,0,0,1,0
22:51:28,20.5,60,0,0,1,0
22:52:28,20.6,59,0,0,1,0
22:53:28,20.5,58,0,0,1,0
22:54:28,20.4,58,0,0,1,0
22:55:30,20.3,58,0,0,1,0
22:56:28,20.2,58,0,0,1,0
22:57:28,20.2,59,0,0,1,0
22:58:28,20.2,60,0,0,1,0
22:59:28,20.3,60,0,0,1,0
23:00:28,20.3,60,0,0,1,0
23:01:29,20.5,59,0,0,1,0
23:02:28,20.6,59,0,0,1,0
23:03:28,20.6,59,0,0,1,0
23:04:28,20.5,58,0,0,1,0
23:05:28,20.4,58,0,0,1,0
23:06:28,20.3,57,0,0,1,0
23:07:28,20.2,57,0,0,1,0
23:08:28,20.1,57,0,0,1,0
23:09:28,20.1,58,0,0,1,0
23:10:28,20.2,58,0,0,1,0
23:11:31,20.3,59,0,0,1,0
23:12:28,20.3,59,0,0,1,0
23:13:28,20.4,59,0,0,1,0
23:14:28,20.5,59,0,0,1,0
23:15:28,20.6,59,0,0,1,0
23:16:28,20.6,59,0,0,1,0
23:17:28,20.6,58,0,0,1,0
23:18:28,20.5,57,0,0,1,0
23:19:28,20.3,57,0,0,1,0
23:20:29,20.2,57,0,0,1,0
23:21:28,20.2,58,0,0,1,0
23:22:28,20.3,59,0,0,1,0
23:23:28,20.4,59,0,0,1,0
23:24:28,20.4,59,0,0,1,0
23:25:28,20.5,59,0,0,1,0
23:26:30,20.6,59,0,0,1,0
23:27:29,20.6,58,0,0,1,0
23:28:29,20.5,58,0,0,1,0
23:29:29,20.4,57,0,0,1,0
23:30:29,20.3,57,0,0,1,0
23:31:29,20.2,57,0,0,1,0
23:32:29,20.2,57,0,0,1,0
23:33:29,20.3,58,0,0,1,0
23:34:29,20.3,59,0,0,1,0
23:35:29,20.4,59,0,0,1,0
23:36:29,20.5,59,0,0,1,0
23:37:29,20.5,59,0,0,1,0
23:38:29,20.6,58,0,0,1,0
23:39:29,20.4,58,0,0,1,0
23:40:29,20.3,58,0,0,1,0
23:41:30,20.3,57,0,0,1,0
23:42:30,20.2,57,0,0,1,0
23:43:29,20.2,58,0,0,1,0
23:44:30,20.2,59,0,0,1,0
23:45:29,20.3,59,0,0,1,0
23:46:29,20.4,58,0,0,1,0
23:48:29,20.6,58,0,0,1,0
23:49:29,20.6,58,0,0,1,0
23:50:29,20.6,57,0,0,1,0
23:51:29,20.5,57,0,0,1,0
23:52:29,20.4,57,0,0,1,0
23:53:29,20.2,57,0,0,1,0
23:54:29,20.1,57,0,0,1,0
23:55:29,20.1,57,0,0,1,0
23:56:30,20.2,58,0,0,1,0
23:57:29,20.3,59,0,0,1,0
23:58:29,20.4,59,0,0,1,0
23:59:29,20.5,59,0,0,1,0
00:00:29,20.5,59,0,0,1,0
00:01:30,20.5,58,0,0,1,0
00:02:29,20.5,58,0,0,1,0
00:03:29,20.4,57,0,0,1,0
00:04:29,20.3,57,0,0,1,0
00:05:29,20.2,57,0,0,1,0
00:06:29,20.1,58,0,0,1,0
00:07:29,20.1,58,0,0,1,0
00:08:29,20.2,59,0,0,1,0
00:09:29,20.2,59,0,0,1,0
00:10:29,20.3,59,0,0,1,0
00:11:29,20.5,59,0,0,1,0
00:12:29,20.5,59,0,0,1,0
00:13:30,20.5,58,0,0,1,0
00:14:29,20.4,57,0,0,1,0
00:15:29,20.4,57,0,0,1,0
00:16:29,20.2,57,0,0,1,0
00:17:29,20.1,57,0,0,1,0
00:18:30,20.2,58,0,0,1,0
00:19:29,20.1,59,0,0,1,0
00:20:29,20.2,59,0,0,1,0
00:21:29,20.4,59,0,0,1,0
00:22:29,20.4,59,0,0,1,0
00:23:29,20.5,59,0,0,1,0
00:24:29,20.5,59,0,0,1,0
00:25:29,20.5,58,0,0,1,0
00:26:32,20.4,58,0,0,1,0
00:27:29,20.3,57,0,0,1,0
00:28:31,20.2,57,0,0,1,0
00:29:29,20.1,57,0,0,1,0
00:30:29,20.1,58,0,0,1,0
00:31:29,20.2,59,0,0,1,0
00:32:29,20.3,59,0,0,1,0
00:33:29,20.4,59,0,0,1,0
00:34:29,20.5,59,0,0,1,0
00:35:29,20.6,59,0,0,1,0
00:36:29,20.6,58,0,0,1,0
00:37:29,20.6,58,0,0,1,0
00:38:29,20.5,57,0,0,1,0
00:39:29,20.3,57,0,0,1,0
00:40:29,20.2,57,0,0,1,0
00:42:29,20.1,58,0,0,1,0
00:43:29,20.2,59,0,0,1,0
00:44:29,20.3,59,0,0,1,0
00:45:29,20.4,59,0,0,1,0
00:46:29,20.5,58,0,0,1,0
00:47:29,20.6,58,0,0,1,0
00:48:29,20.6,58,0,0,1,0
00:49:29,20.6,57,0,0,1,0
00:50:29,20.5,57,0,0,1,0
00:51:29,20.4,57,0,0,1,0
00:52:29,20.3,57,0,0,1,0
00:53:29,20.2,57,0,0,1,0
00:54:30,20.2,57,0,0,1,0
00:55:30,20.3,58,0,0,1,0
00:56:31,20.3,59,0,0,1,0
00:57:30,20.4,58,0,0,1,0
00:58:30,20.5,58,0,0,1,0
00:59:30,20.6,58,0,0,1,0
01:00:30,20.6,57,0,0,1,0
01:01:30,20.5,57,0,0,1,0
01:02:31,20.4,56,0,0,1,0
01:03:30,20.3,56,0,0,1,0
01:04:30,20.2,56,0,0,1,0
01:05:30,20.2,57,0,0,1,0
01:06:30,20.3,58,0,0,1,0
01:07:30,20.3,58,0,0,1,0
01:08:30,20.4,58,0,0,1,0
01:09:30,20.5,58,0,0,1,0
01:10:30,20.6,58,0,0,1,0
01:11:35,20.6,57,0,0,1,0
01:12:32,20.6,57,0,0,1,0
01:13:30,20.4,57,0,0,1,0
01:14:30,20.3,56,0,0,1,0
01:15:32,20.2,57,0,0,1,0
01:16:30,20.2,57,0,0,1,0
01:17:30,20.2,58,0,0,1,0
01:18:30,20.3,58,0,0,1,0
01:19:30,20.5,58,0,0,1,0
01:20:30,20.6,57,0,0,1,0
01:21:30,20.7,57,0,0,1,0
01:22:30,20.7,57,0,0,1,0
01:23:30,20.7,56,0,0,1,0
01:24:30,20.6,56,0,0,1,0
01:25:30,20.5,56,0,0,1,0
01:26:30,20.3,56,0,0,1,0
01:27:31,20.3,57,0,0,1,0
01:28:30,20.3,57,0,0,1,0
01:29:30,20.3,57,0,0,1,0
01:30:30,20.4,57,0,0,1,0
01:31:30,20.5,57,0,0,1,0
01:32:32,20.5,57,0,0,1,0
01:33:30,20.5,57,0,0,1,0
01:34:30,20.6,56,0,0,1,0
01:35:30,20.5,56,0,0,1,0
01:36:30,20.4,56,0,0,1,0
01:37:30,20.3,56,0,0,1,0
01:38:30,20.3,56,0,0,1,0
01:39:30,20.3,57,0,0,1,0
01:40:32,20.3,57,0,0,1,0
01:41:30,20.4,57,0,0,1,0
01:42:30,20.5,57,0,0,1,0
01:43:31,20.6,57,0,0,1,0
01:44:30,20.6,56,0,0,1,0
01:45:30,20.6,56,0,0,1,0
01:46:30,20.5,55,0,0,1,0
01:47:30,20.4,55,0,0,1,0
01:48:30,20.3,55,0,0,1,0
01:49:30,20.2,56,0,0,1,0
01:50:30,20.1,56,0,0,1,0
01:51:30,20.2,57,0,0,1,0
01:52:32,20.3,57,0,0,1,0
01:53:31,20.4,57,0,0,1,0
01:54:30,20.5,57,0,0,1,0
01:55:30,20.5,57,0,0,1,0
01:56:30,20.6,57,0,0,1,0
01:57:31,20.6,57,0,0,1,0
01:58:31,20.6,56,0,0,1,0
01:59:31,20.4,56,0,0,1,0
02:00:31,20.4,55,0,0,1,0
02:01:31,20.2,56,0,0,1,0
02:02:31,20.1,56,0,0,1,0
02:03:31,20.2,57,0,0,1,0
02:04:31,20.3,58,0,0,1,0
02:05:32,20.3,57,0,0,1,0
02:06:31,20.5,57,0,0,1,0
02:07:31,20.5,57,0,0,1,0
02:08:31,20.6,57,0,0,1,0
02:09:32,20.6,56,0,0,1,0
02:10:31,20.5,56,0,0,1,0
02:11:31,20.4,56,0,0,1,0
02:12:31,20.3,56,0,0,1,0
02:13:31,20.2,56,0,0,1,0
02:14:31,20.3,57,0,0,1,0
02:15:31,20.3,57,0,0,1,0
02:16:31,20.4,57,0,0,1,0
02:17:31,20.4,57,0,0,1,0
02:18:31,20.5,57,0,0,1,0
02:19:32,20.6,57,0,0,1,0
02:20:32,20.6,56,0,0,1,0
02:21:31,20.5,56,0,0,1,0
02:22:31,20.4,56,0,0,1,0
02:23:31,20.2,55,0,0,1,0
02:24:31,20.1,56,0,0,1,0
02:25:31,20.1,57,0,0,1,0
02:26:31,20.2,57,0,0,1,0
02:27:31,20.3,58,0,0,1,0
02:28:31,20.4,57,0,0,1,0
02:29:31,20.5,57,0,0,1,0
02:30:31,20.6,57,0,0,1,0
02:31:32,20.6,57,0,0,1,0
02:32:31,20.5,56,0,0,1,0
02:33:31,20.4,56,0,0,1,0
02:34:31,20.3,56,0,0,1,0
02:35:31,20.2,56,0,0,1,0
02:36:31,20.1,56,0,0,1,0
02:37:31,20.1,56,0,0,1,0
02:38:31,20.2,57,0,0,1,0
02:39:33,20.3,58,0,0,1,0
02:40:31,20.4,57,0,0,1,0
02:41:31,20.5,57,0,0,1,0
02:42:31,20.6,57,0,0,1,0
02:43:31,20.6,57,0,0,1,0
02:44:31,20.6,56,0,0,1,0
02:45:32,20.5,56,0,0,1,0
02:46:34,20.4,56,0,0,1,0
02:47:31,20.2,56,0,0,1,0
02:48:31,20.2,56,0,0,1,0
02:49:32,20.2,57,0,0,1,0
02:50:32,20.3,57,0,0,1,0
02:51:32,20.4,57,0,0,1,0
02:52:32,20.5,57,0,0,1,0
02:53:33,20.6,57,0,0,1,0
02:54:32,20.7,57,0,0,1,0
02:55:32,20.7,56,0,0,1,0
02:56:32,20.6,56,0,0,1,0
02:57:32,20.4,55,0,0,1,0
02:58:32,20.3,56,0,0,1,0
02:59:32,20.2,56,0,0,1,0
03:00:33,20.2,57,0,0,1,0
03:01:32,20.3,57,0,0,1,0
03:02:32,20.5,57,0,0,1,0
03:03:32,20.5,57,0,0,1,0
03:04:32,20.6,57,0,0,1,0
03:05:32,20.6,56,0,0,1,0
03:06:32,20.6,56,0,0,1,0
03:07:32,20.5,56,0,0,1,0
03:08:32,20.4,56,0,0,1,0
03:09:32,20.3,55,0,0,1,0
03:10:33,20.2,56,0,0,1,0
03:11:32,20.2,57,0,0,1,0
03:12:32,20.3,57,0,0,1,0
03:13:32,20.4,57,0,0,1,0
03:14:32,20.5,57,0,0,1,0
03:15:34,20.5,57,0,0,1,0
03:16:32,20.6,57,0,0,1,0
03:17:32,20.6,56,0,0,1,0
03:18:32,20.5,56,0,0,1,0
03:19:32,20.4,56,0,0,1,0
03:20:32,20.3,56,0,0,1,0
03:21:32,20.2,56,0,0,1,0
03:22:32,20.2,57,0,0,1,0
03:23:32,20.3,57,0,0,1,0
03:24:32,20.3,57,0,0,1,0
03:25:33,20.4,57,0,0,1,0
03:26:34,20.5,57,0,0,1,0
03:27:32,20.5,56,0,0,1,0
03:28:32,20.4,56,0,0,1,0
03:29:34,20.3,56,0,0,1,0
03:30:32,20.2,56,0,0,1,0
03:31:32,20.2,56,0,0,1,0
03:32:32,20.2,57,0,0,1,0
03:33:32,20.2,57,0,0,1,0
03:34:32,20.3,57,0,0,1,0
03:35:32,20.4,57,0,0,1,0
03:36:32,20.5,57,0,0,1,0
03:37:32,20.6,56,0,0,1,0
03:38:32,20.6,56,0,0,1,0
03:39:32,20.6,56,0,0,1,0
03:40:32,20.5,55,0,0,1,0
03:41:33,20.3,55,0,0,1,0
03:42:32,20.2,56,0,0,1,0
03:43:32,20.2,56,0,0,1,0
03:44:33,20.2,57,0,0,1,0
03:45:32,20.2,57,0,0,1,0
03:46:32,20.3,57,0,0,1,0
03:47:32,20.4,57,0,0,1,0
03:48:32,20.5,56,0,0,1,0
03:49:32,20.6,56,0,0,1,0
03:50:32,20.7,56,0,0,1,0
03:51:32,20.6,55,0,0,1,0
03:52:32,20.4,55,0,0,1,0
03:53:32,20.3,55,0,0,1,0
03:54:32,20.1,55,0,0,1,0
03:55:32,20.2,56,0,0,1,0
03:56:36,20.2,57,0,0,1,0
03:57:32,20.3,57,0,0,1,0
03:58:32,20.4,56,0,0,1,0
03:59:32,20.4,56,0,0,1,0
04:00:33,20.5,56,0,0,1,0
04:01:33,20.6,56,0,0,1,0
04:02:33,20.5,55,0,0,1,0
04:03:33,20.4,55,0,0,1,0
04:04:33,20.3,55,0,0,1,0
04:05:33,20.2,55,0,0,1,0
04:06:33,20.3,56,0,0,1,0
04:07:33,20.3,56,0,0,1,0
04:08:33,20.4,56,0,0,1,0
04:09:33,20.5,56,0,0,1,0
04:10:33,20.5,56,0,0,1,0
04:11:33,20.5,56,0,0,1,0
04:12:33,20.6,55,0,0,1,0
04:13:33,20.4,55,0,0,1,0
04:14:33,20.3,55,0,0,1,0
04:15:33,20.2,55,0,0,1,0
04:16:33,20.2,55,0,0,1,0
04:17:33,20.3,56,0,0,1,0
04:18:33,20.3,56,0,0,1,0
04:19:33,20.4,56,0,0,1,0
04:20:33,20.6,56,0,0,1,0
04:21:33,20.6,56,0,0,1,0
04:22:33,20.7,56,0,0,1,0
04:23:33,20.7,55,0,0,1,0
04:24:33,20.6,55,0,0,1,0
04:25:33,20.4,55,0,0,1,0
04:26:33,20.2,55,0,0,1,0
04:27:33,20.1,55,0,0,1,0
04:28:33,20.1,55,0,0,1,0
04:29:33,20.3,56,0,0,1,0
04:30:33,20.3,56,0,0,1,0
04:31:33,20.4,56,0,0,1,0
04:32:33,20.4,56,0,0,1,0
04:33:33,20.5,56,0,0,1,0
04:34:33,20.5,56,0,0,1,0
04:35:33,20.6,55,0,0,1,0
04:36:33,20.5,55,0,0,1,0
04:37:33,20.4,55,0,0,1,0
04:38:33,20.3,55,0,0,1,0
04:39:33,20.3,55,0,0,1,0
04:40:33,20.3,56,0,0,1,0
04:41:33,20.4,56,0,0,1,0
04:42:33,20.5,56,0,0,1,0
04:43:33,20.5,56,0,0,1,0
04:44:33,20.6,56,0,0,1,0
04:45:33,20.5,55,0,0,1,0
04:46:33,20.5,55,0,0,1,0
04:47:33,20.4,55,0,0,1,0
04:48:35,20.2,55,0,0,1,0
04:49:33,20.1,55,0,0,1,0
04:50:33,20.2,56,0,0,1,0
04:51:33,20.2,56,0,0,1,0
04:52:33,20.3,56,0,0,1,0
04:53:33,20.4,56,0,0,1,0
04:54:33,20.5,55,0,0,1,0
04:55:33,20.6,55,0,0,1,0
04:56:33,20.6,55,0,0,1,0
04:57:33,20.6,55,0,0,1,0
04:58:33,20.6,55,0,0,1,0
04:59:33,20.4,55,0,0,1,0
05:01:34,20.2,56,0,0,1,0
05:03:33,20.3,56,0,0,1,0
05:04:35,20.4,56,0,0,1,0
05:05:33,20.5,56,0,0,1,0
05:06:33,20.6,56,0,0,1,0
05:07:33,20.6,56,0,0,1,0
05:08:33,20.6,55,0,0,1,0
05:09:33,20.5,55,0,0,1,0
05:10:33,20.3,55,0,0,1,0
05:11:33,20.2,55,0,0,1,0
05:12:33,20.1,56,0,0,1,0
05:13:33,20.1,56,0,0,1,0
05:14:33,20.2,56,0,0,1,0
05:15:33,20.3,56,0,0,1,0
05:16:33,20.4,56,0,0,1,0
05:17:33,20.5,56,0,0,1,0
05:18:33,20.6,55,0,0,1,0
05:19:33,20.6,55,0,0,1,0
05:20:36,20.5,55,0,0,1,0
05:21:33,20.4,55,0,0,1,0
05:22:33,20.2,55,0,0,1,0
05:23:33,20.2,55,0,0,1,0
05:24:33,20.2,56,0,0,1,0
05:25:33,20.3,56,0,0,1,0
05:26:33,20.4,56,0,0,1,0
05:27:33,20.5,55,0,0,1,0
05:28:34,20.6,55,0,0,1,0
05:29:34,20.6,55,0,0,1,0
05:30:35,20.6,55,0,0,1,0
05:31:34,20.6,55,0,0,1,0
05:32:34,20.6,54,0,0,1,0
05:33:36,20.4,54,0,0,1,0
05:34:34,20.2,55,0,0,1,0
05:35:34,20.3,55,0,0,1,0
05:36:34,20.3,55,0,0,1,0
05:37:34,20.3,55,0,0,1,0
05:38:34,20.4,55,0,0,1,0
05:39:34,20.5,55,0,0,1,0
05:40:34,20.6,55,0,0,1,0
05:41:34,20.6,55,0,0,1,0
05:42:36,20.6,55,0,0,1,0
05:43:34,20.5,54,0,0,1,0
05:44:34,20.3,54,0,0,1,0
05:45:34,20.3,55,0,0,1,0
05:46:34,20.3,55,0,0,1,0
05:47:34,20.3,55,0,0,1,0
05:48:36,20.4,55,0,0,1,0
05:49:35,20.5,55,0,0,1,0
05:50:34,20.6,55,0,0,1,0
05:51:34,20.6,55,0,0,1,0
05:52:34,20.6,55,0,0,1,0
05:53:34,20.6,55,0,0,1,0
05:54:34,20.4,54,0,0,1,0
05:55:34,20.2,54,0,0,1,0
05:56:34,20.1,55,0,0,1,0
05:57:34,20.2,55,0,0,1,0
05:58:34,20.3,56,0,0,1,0
05:59:34,20.4,56,0,0,1,0
06:00:34,20.5,55,0,0,1,0
06:01:34,20.5,55,0,0,1,0
06:02:34,20.6,55,0,0,1,0
06:03:34,20.5,55,0,0,1,0
06:04:34,20.4,55,0,0,1,0
06:05:34,20.3,54,0,0,1,0
06:06:34,20.2,55,0,0,1,0
06:07:34,20.2,55,0,0,1,0
06:08:34,20.3,56,0,0,1,0
06:09:34,20.3,55,0,0,1,0
06:10:34,20.4,55,0,0,1,0
06:11:34,20.5,55,0,0,1,0
06:12:37,20.6,55,0,0,1,0
06:13:34,20.5,55,0,0,1,0
06:14:34,20.4,55,0,0,1,0
06:15:34,20.2,55,0,0,1,0
06:16:34,20.2,55,0,0,1,0
06:17:34,20.2,55,0,0,1,0
06:18:36,20.3,56,0,0,1,0
06:19:34,20.3,56,0,0,1,0
06:20:34,20.4,55,0,0,1,0
06:21:35,20.5,55,0,0,1,0
06:22:34,20.6,55,0,0,1,0
06:23:34,20.6,55,0,0,1,0
06:24:34,20.5,55,0,0,1,0
06:25:34,20.4,54,0,0,1,0
06:26:34,20.3,55,0,0,1,0
06:27:39,20.3,55,0,0,1,0
06:28:34,20.3,55,0,0,1,0
06:29:34,20.4,55,0,0,1,0
06:30:34,20.5,55,0,0,1,0
06:31:34,20.5,55,0,0,1,0
06:32:34,20.6,55,0,0,1,0
06:33:34,20.7,55,0,0,1,0
06:34:34,20.6,55,0,0,1,0
06:35:34,20.4,54,0,0,1,0
06:36:34,20.3,54,0,0,1,0
06:37:34,20.2,55,0,0,1,0
06:38:34,20.2,55,0,0,1,0
06:39:34,20.2,56,0,0,1,0
06:40:37,20.3,56,0,0,1,0
06:41:34,20.4,56,0,0,1,0
06:42:34,20.5,56,0,0,1,0
06:43:34,20.5,55,0,0,1,0
06:44:34,20.6,55,0,0,1,0
06:45:34,20.6,55,0,0,1,0
06:46:34,20.4,55,0,0,1,0
06:47:38,20.3,55,0,0,1,0
06:48:34,20.2,55,0,0,1,0
06:49:35,20.3,55,0,0,1,0
06:50:34,20.3,55,0,0,1,0
06:51:36,20.4,55,0,0,1,0
06:52:34,20.5,55,0,0,1,0
06:53:36,20.5,55,0,0,1,0
06:54:34,20.5,55,0,0,1,0
06:55:34,20.5,55,0,0,1,0
06:56:37,20.6,55,0,0,1,0
06:57:34,20.4,54,0,0,1,0
06:58:34,20.3,54,0,0,1,0
06:59:34,20.2,55,0,0,1,0
07:00:34,20.2,55,0,0,1,0
07:01:34,20.3,55,0,0,1,0
07:02:34,20.3,56,0,0,1,0
07:03:34,20.4,55,0,0,1,0
07:04:34,20.4,55,0,0,1,0
07:05:34,20.5,56,0,0,1,0
07:06:38,20.6,55,0,0,1,0
07:07:34,20.5,55,0,0,1,0
07:08:37,20.4,55,0,0,1,0
07:09:35,20.2,55,0,0,1,0
07:10:34,20.2,55,0,0,1,0
07:11:34,20.2,55,0,0,1,0
07:13:34,20.3,56,0,0,1,0
07:14:35,20.4,55,0,0,1,0
07:15:35,20.5,56,0,0,1,0
07:16:36,20.6,55,0,0,1,0
07:17:35,20.6,55,0,0,1,0
07:18:35,20.6,55,0,0,1,0
07:19:35,20.5,55,0,0,1,0
07:20:35,20.3,55,0,0,1,0
07:21:35,20.2,55,0,0,1,0
07:22:35,20.2,55,0,0,1,0
07:24:35,20.4,56,0,0,1,0
07:25:35,20.4,56,0,0,1,0
07:26:35,20.5,55,0,0,1,0
07:27:35,20.5,55,0,0,1,0
07:28:35,20.5,55,0,0,1,0
07:29:35,20.5,55,0,0,1,0
07:30:35,20.4,55,0,0,1,0
07:31:36,20.3,55,0,0,1,0
07:32:35,20.2,55,0,0,1,0
07:33:35,20.3,55,0,0,1,0
07:34:35,20.3,56,0,0,1,0
07:35:35,20.4,56,0,0,1,0
07:36:35,20.4,56,0,0,1,0
07:37:35,20.4,56,0,0,1,0
07:38:37,20.5,56,0,0,1,0
07:39:35,20.6,55,0,0,1,0
07:40:35,20.6,55,0,0,1,0
07:41:37,20.5,55,0,0,1,0
07:42:35,20.4,55,0,0,1,0
07:43:35,20.2,55,0,0,1,0
07:44:35,20.2,55,0,0,1,0
07:45:35,20.2,56,0,0,1,0
07:46:35,20.2,56,0,0,1,0
07:47:35,20.3,56,0,0,1,0
07:48:35,20.4,56,0,0,1,0
07:49:35,20.5,56,0,0,1,0
07:50:35,20.6,56,0,0,1,0
07:51:35,20.6,55,0,0,1,0
07:52:35,20.6,55,0,0,1,0
07:53:35,20.4,55,0,0,1,0
07:54:35,20.3,55,0,0,1,0
07:55:35,20.3,56,0,0,1,0
07:56:35,20.3,56,0,0,1,0
07:57:35,20.3,56,0,0,1,0
07:58:35,20.4,56,0,0,1,0
07:59:35,20.5,56,0,0,1,0
08:00:35,20.6,56,0,0,1,0
08:01:35,20.6,56,0,0,1,0
08:02:35,20.5,56,0,0,1,0
08:03:36,20.4,56,0,0,1,0
08:04:35,20.3,56,0,0,1,0
08:05:35,20.2,56,0,0,1,0
08:06:35,20.3,57,0,0,1,0
08:07:35,20.3,57,0,0,1,0
08:08:35,20.4,57,0,0,1,0
08:09:35,20.5,57,0,0,1,0
08:10:35,20.7,57,0,0,1,0
08:11:35,20.7,57,0,0,1,0
08:12:37,20.7,57,0,0,1,0
08:13:35,20.6,57,0,0,1,0
08:14:35,20.5,56,0,0,1,0
08:15:35,20.4,56,0,0,1,0
08:16:35,20.3,56,0,0,1,0
08:17:36,20.2,57,0,0,1,0
08:18:35,20.3,57,0,0,1,0
08:19:35,20.4,58,0,0,1,0
08:20:36,20.5,58,0,0,1,0
08:21:35,20.5,58,0,0,1,0
08:22:35,20.7,58,0,0,1,0
08:23:35,20.7,58,0,0,1,0
08:24:35,20.7,57,0,0,1,0
08:25:35,20.6,57,0,0,1,0
08:26:35,20.5,57,0,0,1,0
08:27:35,20.4,57,0,0,1,0
08:28:35,20.3,57,0,0,1,0
08:29:35,20.2,57,0,0,1,0
08:30:35,20.3,58,0,0,1,0
08:31:35,20.4,59,0,0,1,0
08:32:35,20.5,59,0,0,1,0
08:33:36,20.6,59,0,0,1,0
08:34:35,20.7,58,0,0,1,0
08:35:35,20.8,58,0,0,1,0
08:36:35,20.7,57,0,0,1,0
08:37:35,20.6,57,0,0,1,0
08:38:35,20.5,57,0,0,1,0
08:39:35,20.4,57,0,0,1,0
08:40:35,20.3,58,0,0,1,0
08:41:35,20.4,58,0,0,1,0
08:42:35,20.4,59,0,0,1,0
08:43:35,20.5,59,0,0,1,0
08:44:35,20.7,59,0,0,1,0
08:45:36,20.7,59,0,0,1,0
08:46:36,20.8,59,0,0,1,0
08:47:36,20.7,58,0,0,1,0
08:48:36,20.6,58,0,0,1,0
08:49:36,20.5,58,0,0,1,0
08:50:36,20.4,58,0,0,1,0
08:51:36,20.3,58,0,0,1,0
08:52:36,20.3,58,0,0,1,0
08:53:38,20.3,59,0,0,1,0
08:54:36,20.4,59,0,0,1,0
08:55:36,20.5,60,0,0,1,0
08:56:37,20.6,60,0,0,1,0
08:57:36,20.7,60,0,0,1,0
08:58:36,20.8,60,0,0,1,0
08:59:36,20.8,59,0,0,1,0
09:00:36,20.7,59,0,0,1,0
09:01:36,20.6,58,0,0,1,0
09:02:36,20.5,58,0,0,1,0
09:03:36,20.4,58,0,0,1,0
09:04:36,20.4,58,0,0,1,0
09:05:36,20.5,59,0,0,1,0
09:06:36,20.5,59,0,0,1,0
09:07:36,20.5,59,0,0,1,0
09:08:36,20.7,59,0,0,1,0
09:09:36,20.8,59,0,0,1,0
09:10:36,20.8,59,0,0,1,0
09:11:39,20.7,58,0,0,1,0
09:12:36,20.6,58,0,0,1,0
09:13:36,20.5,57,0,0,1,0
09:14:36,20.4,57,0,0,1,0
09:15:37,20.4,58,0,0,1,0
09:16:36,20.4,58,0,0,1,0
09:17:36,20.5,59,0,0,1,0
09:18:37,20.6,59,0,0,1,0
09:19:37,20.7,59,0,0,1,0
09:20:37,20.8,59,0,0,1,0
09:21:37,20.8,58,0,0,1,0
09:22:37,20.7,58,0,0,1,0
09:23:37,20.6,57,0,0,1,0
09:24:37,20.5,57,0,0,1,0
09:25:37,20.4,57,0,0,1,0
09:26:37,20.3,57,0,0,1,0
09:27:37,20.3,58,0,0,1,0
09:28:37,20.4,59,0,0,1,0
09:29:37,20.5,60,0,0,1,0
09:30:37,20.5,59,0,0,1,0
09:31:37,20.7,59,0,0,1,0
09:32:37,20.7,59,0,0,1,0
09:33:37,20.8,59,0,0,1,0
09:34:37,20.7,58,0,0,1,0
09:35:37,20.6,58,0,0,1,0
09:36:37,20.5,58,0,0,1,0
09:37:38,20.4,58,0,0,1,0
09:38:37,20.4,59,0,0,1,0
09:39:37,20.4,60,0,0,1,0
09:40:37,20.5,60,0,0,1,0
09:41:40,20.6,60,0,0,1,0
09:42:37,20.7,60,0,0,1,0
09:43:37,20.8,60,0,0,1,0
09:44:37,20.9,59,0,0,1,0
09:45:38,20.8,58,0,0,1,0
09:46:37,20.7,58,0,0,1,0
09:47:37,20.6,57,0,0,1,0
09:48:37,20.5,57,0,0,1,0
09:49:38,20.5,58,0,0,1,0
09:50:37,20.5,58,0,0,1,0
09:51:37,20.6,59,0,0,1,0
09:52:38,20.7,59,0,0,1,0
09:53:37,20.8,59,0,0,1,0
09:54:37,20.8,59,0,0,1,0
09:55:37,20.8,58,0,0,1,0
09:56:37,20.7,57,0,0,1,0
09:57:37,20.6,57,0,0,1,0
09:58:37,20.6,57,0,0,1,0
09:59:37,20.5,57,0,0,1,0
10:00:38,20.4,57,0,0,1,0
10:02:37,20.5,59,0,0,1,0
10:03:37,20.6,59,0,0,1,0
10:04:37,20.7,59,0,0,1,0
10:05:37,20.8,59,0,0,1,0
10:06:37,20.9,59,0,0,1,0
10:07:37,20.8,58,0,0,1,0
10:08:37,20.7,58,0,0,1,0
10:09:37,20.7,57,0,0,1,0
10:10:37,20.6,57,0,0,1,0
10:11:42,20.5,57,0,0,1,0
10:12:37,20.4,57,0,0,1,0
10:13:38,20.3,57,0,0,1,0
10:14:37,20.4,58,0,0,1,0
10:15:37,20.5,59,0,0,1,0
10:16:38,20.6,59,0,0,1,0
10:18:37,20.7,60,0,0,1,0
10:19:38,20.9,60,0,0,1,0
10:20:38,20.9,59,0,0,1,0
10:21:40,20.9,58,0,0,1,0
10:22:39,20.7,58,0,0,1,0
10:23:38,20.6,57,0,0,1,0
10:24:38,20.5,57,0,0,1,0
10:25:38,20.4,57,0,0,1,0
10:26:38,20.4,57,0,0,1,0
10:27:38,20.4,59,0,0,1,0
10:28:38,20.4,59,0,0,1,0
10:29:38,20.5,60,0,0,1,0
10:30:42,20.6,60,0,0,1,0
10:31:38,20.7,60,0,0,1,0
10:32:38,20.8,60,0,0,1,0
10:33:41,20.8,59,0,0,1,0
10:34:38,20.8,59,0,0,1,0
10:35:38,20.6,59,0,0,1,0
10:36:38,20.5,58,0,0,1,0
10:37:38,20.5,58,0,0,1,0
10:39:41,20.4,59,0,0,1,0
10:40:38,20.5,60,0,0,1,0
10:43:38,20.8,60,0,0,1,0
10:44:38,20.8,59,0,0,1,0
10:45:38,20.8,59,0,0,1,0
10:46:38,20.7,58,0,0,1,0
10:47:38,20.6,58,0,0,1,0
10:48:38,20.6,58,0,0,1,0
10:49:39,20.5,58,0,0,1,0
10:50:38,20.5,59,0,0,1,0
10:51:38,20.4,59,0,0,1,0
10:52:38,20.6,60,0,0,1,0
10:53:39,20.7,60,0,0,1,0
10:54:39,20.8,60,0,0,1,0
10:55:39,20.8,59,0,0,1,0
10:56:38,20.8,59,0,0,1,0
10:57:38,20.7,58,0,0,1,0
10:58:39,20.6,58,0,0,1,0
10:59:38,20.6,58,0,0,1,0
11:00:38,20.5,58,0,0,1,0
11:01:38,20.5,59,0,0,1,0
11:02:38,20.6,59,0,0,1,0
11:03:38,20.7,60,0,0,1,0
11:04:39,20.8,60,0,0,1,0
11:05:38,20.9,60,0,0,1,0
11:06:43,20.9,59,0,0,1,0
11:08:38,20.7,59,0,0,1,0
11:09:38,20.6,58,0,0,1,0
11:10:38,20.5,58,0,0,1,0
11:11:38,20.5,58,0,0,1,0
11:12:38,20.4,58,0,0,1,0
11:13:39,20.4,59,0,0,1,0
11:14:38,20.5,60,0,0,1,0
11:15:38,20.7,60,0,0,1,0
11:16:38,20.8,60,0,0,1,0
11:17:38,21,60,0,0,1,0
11:18:38,21.1,59,0,0,1,0
11:19:38,21,59,0,0,1,0
11:21:38,20.7,59,0,0,1,0
11:22:38,20.5,58,0,0,1,0
11:25:39,19.7,59,0,0,1,0
11:28:38,19.5,59,0,0,1,0
11:29:38,19.4,59,0,0,1,0
11:30:38,19.3,59,0,0,1,0
11:31:38,19.3,59,0,0,1,0
11:32:38,19.3,59,0,0,1,0
11:33:38,19.3,59,0,0,1,0
11:34:38,19.3,59,0,0,1,0
11:35:38,19.3,59,0,0,1,0
11:36:38,19.2,59,0,0,1,0
11:37:38,19.2,59,0,0,1,0
11:38:38,19.2,59,0,0,1,0
11:39:38,19.2,59,0,0,1,0
11:40:38,19.2,59,0,0,1,0
11:41:39,19.1,59,0,0,1,0
11:42:38,19.1,59,0,0,1,0
11:43:38,19.1,59,0,0,1,0
11:44:38,19.3,60,0,0,1,0
11:45:38,19.8,60,0,0,1,0
11:46:38,20.1,60,0,0,1,0
11:47:39,20.2,60,0,0,1,0
11:48:40,19.9,60,0,0,1,0
11:49:42,19.7,60,0,0,1,0
11:50:43,19.6,59,0,0,1,0
11:51:43,19.4,59,0,0,1,0
11:52:39,19.3,59,0,0,1,0
11:53:40,19.3,59,0,0,1,0
11:54:39,19.2,59,0,0,1,0
11:55:40,19.1,59,0,0,1,0
11:56:39,19.1,59,0,0,1,0
11:57:39,19.1,59,0,0,1,0
11:58:39,19.1,59,0,0,1,0
11:59:39,19,58,0,0,1,0
12:00:39,19,58,0,0,1,0
12:01:39,19,58,0,0,1,0
12:02:39,19,58,0,0,1,0
12:03:39,19,58,0,0,1,0
12:04:39,19,58,0,0,1,0
12:05:39,19,58,0,0,1,0
12:06:40,19,58,0,0,1,0
12:07:39,19,58,0,0,1,0
12:08:39,19,58,0,0,1,0
12:09:39,18.9,58,0,0,1,0
12:12:39,18.9,58,0,0,1,0
12:13:39,18.9,58,0,0,1,0
12:14:39,18.9,58,0,0,1,0
12:15:40,18.9,58,0,0,1,0
12:16:39,18.9,58,0,0,1,0
12:17:40,18.8,58,0,0,1,0
12:18:39,18.8,58,0,0,1,0
12:19:39,18.8,58,0,0,1,0
12:20:39,18.9,58,0,0,1,0
12:21:39,18.9,58,0,0,1,0
12:22:44,18.9,59,0,0,1,0
12:23:39,18.9,58,0,0,1,0
12:24:39,18.9,58,0,0,1,0
12:25:39,18.9,58,0,0,1,0
12:26:39,18.9,58,0,0,1,0
12:27:39,18.8,58,0,0,1,0
12:28:40,18.8,58,0,0,1,0
12:29:39,18.8,59,0,0,1,0
12:30:39,18.8,59,0,0,1,0
12:31:39,18.8,59,0,0,1,0
12:32:39,18.8,59,0,0,1,0
12:33:39,18.8,58,0,0,1,0
12:34:39,18.8,58,0,0,1,0
12:35:39,18.8,58,0,0,1,0
12:36:39,18.8,58,0,0,1,0
12:37:40,18.8,58,0,0,1,0
12:40:39,18.8,59,0,0,1,0
12:41:39,18.8,58,0,0,1,0
12:42:39,18.8,59,0,0,1,0
12:43:39,18.8,58,0,0,1,0
12:44:40,18.8,58,0,0,1,0
12:45:39,18.8,58,0,0,1,0
12:46:39,18.8,58,0,0,1,0
12:48:39,18.7,58,0,0,1,0
12:49:39,18.8,59,0,0,1,0
12:50:39,18.8,59,0,0,1,0
12:51:39,18.8,58,0,0,1,0
12:52:39,18.8,58,0,0,1,0
12:53:39,18.8,58,0,0,1,0
12:54:39,18.8,58,0,0,1,0
12:55:40,18.9,58,0,0,1,0
12:56:39,18.8,58,0,0,1,0
12:57:39,18.8,58,0,0,1,0
12:58:39,18.8,58,0,0,1,0
12:59:39,18.8,58,0,0,1,0
13:00:39,18.8,59,0,0,1,0
13:01:39,18.8,58,0,0,1,0
13:02:39,18.8,58,0,0,1,0
13:03:39,18.8,58,0,0,1,0
13:05:39,18.7,59,0,0,1,0
13:06:39,18.8,59,0,0,1,0
13:08:41,18.8,59,0,0,1,0
13:09:39,18.8,59,0,0,1,0
13:10:39,18.8,59,0,0,1,0
13:11:39,18.8,59,0,0,1,0
13:12:40,18.8,59,0,0,1,0
13:13:40,18.8,59,0,0,1,0
13:14:40,18.9,59,0,0,1,0
13:15:40,18.8,59,0,0,1,0
13:16:42,18.8,59,0,0,1,0
13:17:40,18.8,59,0,0,1,0
13:18:40,18.8,59,0,0,1,0
13:19:40,18.9,59,0,0,1,0
13:20:42,18.9,59,0,0,1,0
13:21:40,18.9,59,0,0,1,0
13:22:40,18.8,59,0,0,1,0
13:23:40,18.8,59,0,0,1,0
13:24:41,18.8,59,0,0,1,0
13:25:40,18.8,59,0,0,1,0
13:26:40,18.8,59,0,0,1,0
13:27:40,18.8,59,0,0,1,0
13:28:41,18.8,59,0,0,1,0
13:29:40,18.8,59,0,0,1,0
13:30:40,18.8,59,0,0,1,0
13:31:42,18.8,59,0,0,1,0
13:32:44,18.8,59,0,0,1,0
13:33:41,18.8,59,0,0,1,0
13:34:40,18.9,59,0,0,1,0
13:35:40,18.8,59,0,0,1,0
13:36:40,18.9,59,0,0,1,0
13:37:40,18.9,59,0,0,1,0
13:38:40,18.8,59,0,0,1,0
13:39:40,18.8,59,0,0,1,0
13:40:40,18.8,59,0,0,1,0
13:41:41,18.8,59,0,0,1,0
13:42:40,18.9,59,0,0,1,0
13:43:40,18.9,59,0,0,1,0
13:44:41,18.9,59,0,0,1,0
13:45:40,18.9,59,0,0,1,0
13:46:40,18.9,59,0,0,1,0
13:47:40,18.9,59,0,0,1,0
13:48:40,18.9,59,0,0,1,0
13:49:40,18.9,59,0,0,1,0
13:50:40,18.9,59,0,0,1,0
13:51:40,18.9,59,0,0,1,0
13:52:41,18.9,59,0,0,1,0
13:53:42,18.9,59,0,0,1,0
13:54:41,18.8,59,0,0,1,0
13:55:40,18.9,59,0,0,1,0
13:56:40,18.9,59,0,0,1,0
13:57:41,18.8,59,0,0,1,0
13:58:40,18.9,58,0,0,1,0
13:59:40,18.8,59,0,0,1,0
14:00:40,18.9,59,0,0,1,0
14:01:40,18.9,58,0,0,1,0
14:02:41,18.9,59,0,0,1,0
14:03:40,18.9,58,0,0,1,0
14:04:40,18.9,59,0,0,1,0
14:05:45,18.9,59,0,0,1,0
14:06:43,18.9,59,0,0,1,0
14:07:40,18.9,59,0,0,1,0
14:08:40,18.9,59,0,0,1,0
14:09:40,18.9,59,0,0,1,0
14:10:40,18.9,59,0,0,1,0
14:11:40,18.9,59,0,0,1,0
14:12:40,18.9,59,0,0,1,0
14:13:40,18.9,59,0,0,1,0
14:15:45,18.9,59,0,0,1,0
14:16:40,18.9,59,0,0,1,0
14:17:40,18.9,59,0,0,1,0
14:18:40,18.9,59,0,0,1,0
14:19:40,19,59,0,0,1,0
14:20:40,19,59,0,0,1,0
14:21:41,19,59,0,0,1,0
14:22:41,19,59,0,0,1,0
14:23:41,19,59,0,0,1,0
14:24:41,19,59,0,0,1,0
14:25:41,19,59,0,0,1,0
14:26:41,18.9,59,0,0,1,0
14:27:41,18.9,59,0,0,1,0
14:28:41,19,59,0,0,1,0
14:29:41,18.9,59,0,0,1,0
14:30:41,18.9,59,0,0,1,0
14:31:41,18.9,59,0,0,1,0
14:32:41,19,59,0,0,1,0
14:33:41,18.9,59,0,0,1,0
14:34:41,19,59,0,0,1,0
14:35:41,19,59,0,0,1,0
14:36:41,19,59,0,0,1,0
14:37:41,18.9,58,0,0,1,0
14:38:41,18.9,59,0,0,1,0
14:39:41,18.9,59,0,0,1,0
14:40:41,19,59,0,0,1,0
14:41:41,19,58,0,0,1,0
14:42:41,19,59,0,0,1,0
14:43:42,18.9,59,0,0,1,0
14:44:41,19,59,0,0,1,0
14:45:41,19,59,0,0,1,0
14:46:41,19,59,0,0,1,0
14:47:41,19,59,0,0,1,0
14:48:41,18.9,58,0,0,1,0
14:49:42,19,59,0,0,1,0
14:50:42,18.9,59,0,0,1,0
14:51:42,19,59,0,0,1,0
14:52:42,19,59,0,0,1,0
14:53:42,19,59,0,0,1,0
14:54:42,19,59,0,0,1,0
14:55:42,19,59,0,0,1,0
14:56:42,19,59,0,0,1,0
14:57:42,19,59,0,0,1,0
14:58:42,19,59,0,0,1,0
14:59:42,19.1,59,0,0,1,0
15:00:42,19.1,59,0,0,1,0
15:01:42,19.1,59,0,0,1,0
15:02:42,19.1,59,0,0,1,0
15:03:42,19.1,59,0,0,1,0
15:04:42,19.1,59,0,0,1,0
15:05:42,19.1,59,0,0,1,0
15:06:43,19.1,59,0,0,1,0
15:07:43,19.1,59,0,0,1,0
15:08:43,19.1,59,0,0,1,0
15:09:43,19,59,0,0,1,0
15:10:43,19,59,0,0,1,0
15:11:43,19,59,0,0,1,0
15:12:43,19,59,0,0,1,0
15:13:43,19,59,0,0,1,0
15:14:43,19,59,0,0,1,0
15:15:43,19,59,0,0,1,0
15:16:43,19,59,0,0,1,0
15:17:43,19,59,0,0,1,0
15:18:43,19,59,0,0,1,0
15:19:43,19,59,0,0,1,0
15:20:43,19,59,0,0,1,0
15:21:44,19,59,0,0,1,0
15:22:44,19,59,0,0,1,0
15:23:44,19,59,0,0,1,0
15:24:44,19.1,59,0,0,1,0
15:25:44,19.1,59,0,0,1,0
15:26:44,19.1,59,0,0,1,0
15:27:44,19.1,59,0,0,1,0
15:28:44,19.1,59,0,0,1,0
15:29:44,19,59,0,0,1,0
15:30:44,19.1,59,0,0,1,0
15:31:44,19,59,0,0,1,0
15:32:44,19,59,0,0,1,0
15:33:44,19,59,0,0,1,0
15:34:44,19.1,59,0,0,1,0
15:35:44,19.1,59,0,0,1,0
15:36:44,19,59,0,0,1,0
15:37:44,19,59,0,0,1,0
15:38:44,19,59,0,0,1,0
15:39:44,19,59,0,0,1,0
15:40:44,19,59,0,0,1,0
15:41:44,19.1,59,0,0,1,0
15:42:44,19,59,0,0,1,0
15:43:44,19,59,0,0,1,0
15:44:44,19.1,59,0,0,1,0
15:45:44,19.1,59,0,0,1,0
15:46:44,19.1,59,0,0,1,0
15:47:44,19.1,59,0,0,1,0
15:48:44,19.1,59,0,0,1,0
15:49:44,19.1,59,0,0,1,0
15:50:44,19.1,59,0,0,1,0
15:51:44,19.1,59,0,0,1,0
15:52:44,19.1,59,0,0,1,0
15:53:44,19.1,59,0,0,1,0
15:54:44,19.1,59,0,0,1,0
15:55:44,19.1,59,0,0,1,0
15:56:44,19.1,59,0,0,1,0
15:57:44,19.1,59,0,0,1,0
15:58:44,19.1,59,0,0,1,0
15:59:44,19.1,59,0,0,1,0
16:00:44,19.1,59,0,0,1,0
16:01:44,19.1,59,0,0,1,0
16:02:44,19.1,59,0,0,1,0
16:03:44,19.1,59,0,0,1,0
16:04:44,19.1,59,0,0,1,0
16:05:44,19,59,0,0,1,0
16:06:44,19.1,59,0,0,1,0
16:07:44,19.1,59,0,0,1,0
16:08:44,19,59,0,0,1,0
16:09:44,19,59,0,0,1,0
16:10:44,19,59,0,0,1,0
16:11:44,19,59,0,0,1,0
16:12:44,19,59,0,0,1,0
16:13:45,19,59,0,0,1,0
16:14:44,19,59,0,0,1,0
16:15:44,19,59,0,0,1,0
16:16:44,19,58,0,0,1,0
16:17:44,19,58,0,0,1,0
16:18:44,18.9,58,0,0,1,0
16:19:44,19,58,0,0,1,0
16:20:44,19,58,0,0,1,0
16:21:44,18.9,58,0,0,1,0
16:22:44,18.9,58,0,0,1,0
16:23:45,18.9,58,0,0,1,0
16:24:46,18.9,58,0,0,1,0
16:25:45,18.9,58,0,0,1,0
16:26:44,18.9,58,0,0,1,0
16:27:46,18.9,58,0,0,1,0
16:28:45,18.9,58,0,0,1,0
16:29:45,18.9,58,0,0,1,0
16:30:45,18.9,58,0,0,1,0
16:31:45,18.9,58,0,0,1,0
16:32:45,18.9,58,0,0,1,0
16:33:45,18.9,58,0,0,1,0
16:35:45,18.9,58,0,0,1,0
16:36:45,18.9,59,0,0,1,0
16:37:46,18.9,59,0,0,1,0
16:38:45,18.9,59,0,0,1,0
16:39:45,18.9,59,0,0,1,0
16:40:45,18.9,58,0,0,1,0
16:41:45,18.9,58,0,0,1,0
16:42:45,18.9,58,0,0,1,0
16:43:45,18.9,58,0,0,1,0
16:44:45,18.9,58,0,0,1,0
16:45:46,18.9,58,0,0,1,0
16:46:45,18.9,59,0,0,1,0
16:47:45,18.9,59,0,0,1,0
16:48:45,18.9,58,0,0,1,0
16:49:45,18.9,59,0,0,1,0
16:50:45,18.9,59,0,0,1,0
16:51:45,18.9,58,0,0,1,0
16:52:45,18.9,59,0,0,1,0
16:54:46,18.9,59,0,0,1,0
16:55:45,18.9,59,0,0,1,0
16:56:45,18.9,59,0,0,1,0
16:57:45,18.9,59,0,0,1,0
16:58:46,18.9,59,0,0,1,0
16:59:45,18.9,59,0,0,1,0
17:00:45,18.9,58,0,0,1,0
17:01:45,18.9,59,0,0,1,0
17:02:45,18.9,59,0,0,1,0
17:03:45,18.9,59,0,0,1,0
17:04:45,18.9,59,0,0,1,0
17:05:45,18.9,58,0,0,1,0
17:06:45,18.9,59,0,0,1,0
17:07:45,18.9,59,0,0,1,0
17:08:46,18.9,59,0,0,1,0
17:09:47,18.9,59,0,0,1,0
17:10:46,18.9,59,0,0,1,0
17:11:46,18.9,59,0,0,1,0
17:12:46,18.9,59,0,0,1,0
17:13:46,18.9,59,0,0,1,0
17:14:46,18.9,59,0,0,1,0
17:15:46,18.9,59,0,0,1,0
17:16:46,18.9,59,0,0,1,0
17:17:46,18.9,59,0,0,1,0
17:18:46,18.9,59,0,0,1,0
17:19:46,18.8,59,0,0,1,0
17:20:47,18.8,59,0,0,1,0
17:21:46,18.9,59,0,0,1,0
17:22:46,18.8,59,0,0,1,0
17:23:51,18.8,59,0,0,1,0
17:24:46,18.8,59,0,0,1,0
17:25:46,18.8,59,0,0,1,0
17:26:46,18.8,59,0,0,1,0
17:27:46,18.8,59,0,0,1,0
17:28:46,18.8,59,0,0,1,0
17:29:46,18.8,59,0,0,1,0
17:30:46,18.8,59,0,0,1,0
17:31:46,18.8,59,0,0,1,0
17:32:46,18.8,59,0,0,1,0
17:33:46,18.8,59,0,0,1,0
17:34:46,18.8,59,0,0,1,0
17:35:46,18.8,59,0,0,1,0
17:36:47,18.8,59,0,0,1,0
17:37:46,18.8,59,0,0,1,0
17:38:46,18.8,59,0,0,1,0
17:39:46,18.8,59,0,0,1,0
17:40:46,18.8,59,0,0,1,0
17:41:49,18.8,59,0,0,1,0
17:42:46,19.1,60,0,0,1,0
17:43:46,19.6,60,0,0,1,0
17:44:46,19.6,60,0,0,1,0
17:45:49,19.4,59,0,0,1,0
17:46:46,19.3,59,0,0,1,0
10:57:32,18.8,60,0,0,1,0
10:58:32,18.8,60,0,0,1,0
10:59:32,18.7,59,0,0,1,0
11:00:32,18.7,59,0,0,1,0
11:01:32,18.7,59,0,0,1,0
11:02:32,18.7,59,0,0,1,0
11:03:32,18.7,59,0,0,1,0
11:04:32,18.7,59,0,0,1,0
11:05:32,18.6,58,0,0,1,0
11:06:32,18.6,58,0,0,1,0
11:07:32,18.6,58,0,0,1,0
11:08:32,18.6,58,0,0,1,0
11:09:35,18.6,59,0,0,1,0
11:10:32,18.7,59,0,0,1,0
11:11:32,18.9,60,0,0,1,0
11:12:32,19,60,0,0,1,0
11:13:32,19.1,61,0,0,1,0
11:14:32,19.2,62,0,0,1,0
11:15:32,19.4,61,0,0,1,0
11:16:32,19.3,61,0,0,1,0
11:17:32,19.2,61,0,0,1,0
11:18:32,19.1,60,0,0,1,0
11:19:32,19,60,0,0,1,0
11:20:32,19,60,0,0,1,0
11:21:32,18.9,60,0,0,1,0
11:22:33,18.9,60,0,0,1,0
11:23:32,18.8,59,0,0,1,0
11:24:32,18.8,59,0,0,1,0
11:25:32,18.8,59,0,0,1,0
11:26:33,18.7,59,0,0,1,0
11:27:33,18.7,58,0,0,1,0
11:28:33,18.7,58,0,0,1,0
11:29:33,18.7,58,0,0,1,0
11:30:33,18.7,58,0,0,1,0
11:31:33,18.7,59,0,0,1,0
11:32:33,18.8,59,0,0,1,0
11:33:33,18.9,60,0,0,1,0
11:34:33,19.1,60,0,0,1,0
11:35:35,19.1,60,0,0,1,0
11:36:33,19.2,61,0,0,1,0
11:37:33,19.3,61,0,0,1,0
11:38:33,19.3,61,0,0,1,0
11:39:33,19.2,61,0,0,1,0
11:40:33,19.1,60,0,0,1,0
11:41:33,19.1,60,0,0,1,0
11:42:33,19,60,0,0,1,0
11:43:33,19,60,0,0,1,0
11:44:33,18.9,59,0,0,1,0
11:45:33,18.9,59,0,0,1,0
11:46:33,18.9,59,0,0,1,0
11:47:35,18.9,59,0,0,1,0
11:48:33,18.9,59,0,0,1,0
11:49:33,18.9,59,0,0,1,0
11:50:33,18.9,58,0,0,1,0
11:51:33,18.8,58,0,0,1,0
11:52:33,18.8,58,0,0,1,0
11:53:33,18.8,58,0,0,1,0
11:54:33,18.8,58,0,0,1,0
11:55:33,18.8,58,0,0,1,0
11:56:33,18.9,59,0,0,1,0
11:57:33,19,60,0,0,1,0
11:58:33,19.1,60,0,0,1,0
11:59:33,19.2,60,0,0,1,0
12:00:33,19.2,60,0,0,1,0
12:01:33,19.2,60,0,0,1,0
12:02:33,19.1,60,0,0,1,0
12:03:33,19.1,60,0,0,1,0
12:04:33,19,60,0,0,1,0
12:05:33,19,59,0,0,1,0
12:06:33,19,59,0,0,1,0
12:07:34,18.9,59,0,0,1,0
12:08:33,18.9,59,0,0,1,0
12:09:33,18.9,59,0,0,1,0
12:10:34,18.9,58,0,0,1,0
12:11:33,18.9,58,0,0,1,0
12:12:33,18.9,58,0,0,1,0
12:13:33,18.8,58,0,0,1,0
12:14:33,18.8,58,0,0,1,0
12:15:33,18.9,58,0,0,1,0
12:16:33,18.8,58,0,0,1,0
12:17:33,18.9,58,0,0,1,0
12:18:33,18.9,59,0,0,1,0
12:19:33,19,59,0,0,1,0
12:20:33,19,59,0,0,1,0
12:21:35,19.2,60,0,0,1,0
12:22:33,19.3,60,0,0,1,0
12:23:33,19.5,61,0,0,1,0
12:24:33,19.6,61,0,0,1,0
12:25:33,19.5,60,0,0,1,0
12:26:33,19.4,60,0,0,1,0
12:27:33,19.3,60,0,0,1,0
12:28:33,19.2,60,0,0,1,0
12:29:33,19.1,60,0,0,1,0
12:30:33,19.1,59,0,0,1,0
12:31:33,19.1,59,0,0,1,0
12:32:34,19,59,0,0,1,0
12:33:33,19,59,0,0,1,0
12:34:33,19,59,0,0,1,0
12:35:33,19,59,0,0,1,0
12:36:33,19,58,0,0,1,0
12:37:33,19,59,0,0,1,0
12:38:33,19,59,0,0,1,0
12:39:33,19.1,60,0,0,1,0
12:40:35,19.2,61,0,0,1,0
12:41:33,19.2,61,0,0,1,0
12:42:33,19.2,61,0,0,1,0
12:43:33,19.2,61,0,0,1,0
12:44:34,19.2,60,0,0,1,0
12:45:34,19.2,60,0,0,1,0
12:46:34,19.1,60,0,0,1,0
12:47:34,19.1,59,0,0,1,0
12:48:34,19,59,0,0,1,0
12:49:34,19,59,0,0,1,0
12:50:35,19,59,0,0,1,0
12:51:34,19,59,0,0,1,0
12:52:34,19,59,0,0,1,0
12:53:34,19,59,0,0,1,0
12:54:34,18.9,59,0,0,1,0
12:55:34,19,59,0,0,1,0
12:56:34,19.1,60,0,0,1,0
12:57:34,19.2,60,0,0,1,0
12:58:35,19.3,61,0,0,1,0
12:59:34,19.5,61,0,0,1,0
13:00:34,19.5,61,0,0,1,0
13:01:34,19.4,60,0,0,1,0
13:02:35,19.2,60,0,0,1,0
13:03:34,19.2,60,0,0,1,0
13:04:34,19.2,60,0,0,1,0
13:05:34,19.2,59,0,0,1,0
13:06:34,19.1,59,0,0,1,0
13:07:34,19.1,59,0,0,1,0
13:08:34,19.1,59,0,0,1,0
13:09:35,19.1,58,0,0,1,0
13:10:34,19,58,0,0,1,0
13:11:37,19,59,0,0,1,0
13:12:34,19.1,59,0,0,1,0
13:13:34,19.2,59,0,0,1,0
13:14:35,19.2,60,0,0,1,0
13:15:34,19.3,60,0,0,1,0
13:16:34,19.3,61,0,0,1,0
13:17:34,19.4,61,0,0,1,0
13:18:34,19.4,61,0,0,1,0
13:19:36,19.5,61,0,0,1,0
13:20:34,19.4,61,0,0,1,0
13:21:34,19.3,61,0,0,1,0
13:22:34,19.3,60,0,0,1,0
13:23:34,19.2,60,0,0,1,0
13:24:34,19.2,60,0,0,1,0
13:25:34,19.1,60,0,0,1,0
13:26:34,19.1,60,0,0,1,0
13:27:34,19.1,59,0,0,1,0
13:28:34,19.1,59,0,0,1,0
13:29:34,19.1,59,0,0,1,0
13:30:34,19.1,59,0,0,1,0
13:31:34,19.1,59,0,0,1,0
13:32:34,19,59,0,0,1,0
13:33:34,19,59,0,0,1,0
13:34:35,19,59,0,0,1,0
13:35:34,19,59,0,0,1,0
13:36:35,19,59,0,0,1,0
13:37:34,19,59,0,0,1,0
13:38:34,19,59,0,0,1,0
13:39:35,19,59,0,0,1,0
13:40:34,19,59,0,0,1,0
13:41:34,19,59,0,0,1,0
13:42:34,19,58,0,0,1,0
13:43:34,19,58,0,0,1,0
13:44:34,19,58,0,0,1,0
13:45:34,18.9,58,0,0,1,0
13:46:35,19,58,0,0,1,0
13:47:34,18.9,58,0,0,1,0
13:48:34,19,58,0,0,1,0
13:49:34,19,59,0,0,1,0
13:50:34,19.1,59,0,0,1,0
13:51:34,19.2,60,0,0,1,0
13:52:34,19.3,60,0,0,1,0
13:53:34,19.3,61,0,0,1,0
13:54:34,19.3,61,0,0,1,0
13:55:34,19.3,61,0,0,1,0
13:56:36,19.3,61,0,0,1,0
13:57:34,19.2,60,0,0,1,0
13:58:34,19.2,60,0,0,1,0
13:59:34,19.1,59,0,0,1,0
14:00:35,19.1,59,0,0,1,0
14:01:35,19.1,59,0,0,1,0
14:02:35,19,58,0,0,1,0
14:03:35,19,58,0,0,1,0
14:04:35,18.9,58,0,0,1,0
14:05:35,18.9,58,0,0,1,0
14:06:35,18.9,58,0,0,1,0
14:07:35,18.9,58,0,0,1,0
14:08:35,18.9,58,0,0,1,0
14:09:35,18.8,57,0,0,1,0
14:10:35,18.8,57,0,0,1,0
14:11:35,18.8,57,0,0,1,0
14:12:35,18.8,58,0,0,1,0
14:13:35,18.9,58,0,0,1,0
14:14:35,19,59,0,0,1,0
14:15:35,19.1,59,0,0,1,0
14:16:35,19.2,60,0,0,1,0
14:17:35,19.2,60,0,0,1,0
14:18:35,19.1,60,0,0,1,0
14:19:35,19.1,59,0,0,1,0
14:20:35,19,59,0,0,1,0
14:21:35,19,59,0,0,1,0
14:22:35,18.9,59,0,0,1,0
14:23:35,18.9,59,0,0,1,0
14:24:35,18.9,58,0,0,1,0
14:25:35,18.9,58,0,0,1,0
14:26:35,18.9,58,0,0,1,0
14:27:35,18.8,58,0,0,1,0
14:28:35,18.8,58,0,0,1,0
14:29:35,18.8,57,0,0,1,0
14:30:35,18.7,57,0,0,1,0
14:31:35,18.7,57,0,0,1,0
14:32:35,18.8,57,0,0,1,0
14:33:35,18.8,58,0,0,1,0
14:34:35,18.9,58,0,0,1,0
14:35:35,19.1,59,0,0,1,0
14:36:35,19.2,59,0,0,1,0
14:37:35,19.4,60,0,0,1,0
14:38:35,19.4,59,0,0,1,0
14:39:36,19.3,59,0,0,1,0
14:40:35,19.2,59,0,0,1,0
14:41:35,19.1,59,0,0,1,0
14:42:35,19,59,0,0,1,0
14:43:35,19,59,0,0,1,0
14:44:35,19,59,0,0,1,0
14:45:35,18.9,58,0,0,1,0
14:46:35,18.9,58,0,0,1,0
14:47:36,18.9,58,0,0,1,0
14:48:35,18.9,58,0,0,1,0
14:49:35,18.9,58,0,0,1,0
14:50:35,18.8,58,0,0,1,0
14:51:35,18.8,58,0,0,1,0
14:52:35,18.8,58,0,0,1,0
14:53:35,18.9,58,0,0,1,0
14:54:38,19,59,0,0,1,0
14:55:35,19.1,59,0,0,1,0
14:56:35,19.2,60,0,0,1,0
14:57:35,19.3,60,0,0,1,0
14:58:35,19.3,60,0,0,1,0
14:59:36,19.3,61,0,0,1,0
15:00:35,19.2,60,0,0,1,0
15:01:35,19.2,60,0,0,1,0
15:02:35,19.1,60,0,0,1,0
15:03:35,19,60,0,0,1,0
15:04:35,19,59,0,0,1,0
15:05:35,19,59,0,0,1,0
15:06:35,18.9,59,0,0,1,0
15:07:35,19,59,0,0,1,0
15:08:35,19,58,0,0,1,0
15:09:35,18.9,58,0,0,1,0
15:10:36,18.9,58,0,0,1,0
15:11:36,19,57,0,0,1,0
15:12:36,18.9,57,0,0,1,0
15:13:36,18.9,58,0,0,1,0
15:14:36,19,58,0,0,1,0
15:15:36,19,59,0,0,1,0
15:16:36,19.1,59,0,0,1,0
15:17:36,19.3,60,0,0,1,0
15:18:36,19.4,60,0,0,1,0
15:19:36,19.4,60,0,0,1,0
15:20:36,19.3,60,0,0,1,0
15:21:36,19.3,60,0,0,1,0
15:22:36,19.2,60,0,0,1,0
15:23:36,19.2,59,0,0,1,0
15:24:36,19.2,59,0,0,1,0
15:25:36,19.1,59,0,0,1,0
15:26:36,19.1,59,0,0,1,0
15:27:36,19,58,0,0,1,0
15:28:36,19,58,0,0,1,0
15:29:36,19,58,0,0,1,0
15:30:36,19,58,0,0,1,0
15:31:36,19,58,0,0,1,0
15:32:36,18.9,57,0,0,1,0
15:33:36,18.9,58,0,0,1,0
15:34:36,19,58,0,0,1,0
15:35:36,19.1,59,0,0,1,0
15:36:36,19.2,59,0,0,1,0
15:37:36,19.2,59,0,0,1,0
15:38:36,19.2,59,0,0,1,0
15:39:36,19.2,59,0,0,1,0
15:40:36,19.1,59,0,0,1,0
15:41:36,19.1,59,0,0,1,0
15:42:36,19.1,59,0,0,1,0
15:43:36,19.1,59,0,0,1,0
15:44:36,19,59,0,0,1,0
15:45:36,19,59,0,0,1,0
15:46:36,19,58,0,0,1,0
15:47:36,19,58,0,0,1,0
15:48:36,19,58,0,0,1,0
15:49:36,19,58,0,0,1,0
15:50:36,19,58,0,0,1,0
15:51:36,19,58,0,0,1,0
15:52:36,19,58,0,0,1,0
15:53:36,19,58,0,0,1,0
15:54:36,19,58,0,0,1,0
15:55:36,19,58,0,0,1,0
15:56:36,19.2,59,0,0,1,0
15:57:36,19.3,59,0,0,1,0
15:58:36,19.4,60,0,0,1,0
15:59:36,19.4,60,0,0,1,0
16:00:36,19.3,60,0,0,1,0
16:01:36,19.3,60,0,0,1,0
16:02:36,19.2,60,0,0,1,0
16:03:36,19.1,59,0,0,1,0
16:04:36,19.1,59,0,0,1,0
16:05:36,19.1,59,0,0,1,0
16:06:36,19.1,59,0,0,1,0
16:07:36,19.1,59,0,0,1,0
16:08:36,19.1,59,0,0,1,0
16:09:36,19.1,59,0,0,1,0
16:10:36,19.1,58,0,0,1,0
16:11:36,19.1,58,0,0,1,0
16:12:36,19.1,58,0,0,1,0
16:13:36,19.1,58,0,0,1,0
16:14:36,19.1,58,0,0,1,0
16:15:37,19.1,58,0,0,1,0
16:16:37,19.3,60,0,0,1,0
16:17:37,19.5,61,0,0,1,0
16:18:37,19.7,61,0,0,1,0
16:19:37,19.7,60,0,0,1,0
16:20:37,19.5,60,0,0,1,0
16:21:37,19.4,60,0,0,1,0
16:22:38,19.4,60,0,0,1,0
16:23:37,19.3,60,0,0,1,0
16:24:37,19.3,60,0,0,1,0
16:25:37,19.3,59,0,0,1,0
16:26:37,19.3,59,0,0,1,0
16:27:37,19.2,59,0,0,1,0
16:28:37,19.1,59,0,0,1,0
16:29:37,19.2,59,0,0,1,0
16:30:37,19.1,59,0,0,1,0
16:31:37,19.1,58,0,0,1,0
16:32:37,19.1,58,0,0,1,0
16:33:37,19.1,58,0,0,1,0
16:34:37,19.1,59,0,0,1,0
16:35:37,19.1,59,0,0,1,0
16:36:37,19.1,59,0,0,1,0
16:37:37,19.1,58,0,0,1,0
16:38:37,19.1,58,0,0,1,0
16:40:40,19.1,58,0,0,1,0
16:41:37,19.1,58,0,0,1,0
16:42:37,19.1,58,0,0,1,0
16:43:37,19.1,58,0,0,1,0
16:45:37,19.1,58,0,0,1,0
16:46:37,19.1,59,0,0,1,0
16:47:38,19.3,59,0,0,1,0
16:48:37,19.4,60,0,0,1,0
16:49:37,19.4,60,0,0,1,0
16:50:37,19.4,61,0,0,1,0
16:51:37,19.4,60,0,0,1,0
16:52:37,19.4,60,0,0,1,0
16:53:37,19.3,60,0,0,1,0
16:54:37,19.3,60,0,0,1,0
16:55:37,19.3,59,0,0,1,0
16:56:37,19.2,59,0,0,1,0
16:57:37,19.3,59,0,0,1,0
16:58:37,19.5,59,0,0,1,0
16:59:37,19.9,58,0,0,1,0
17:00:37,20,57,0,0,1,0
17:01:37,20.1,57,0,0,1,0
17:02:37,20.2,57,0,0,1,0
17:03:37,20.4,57,0,0,1,0
17:04:37,20.6,57,0,0,1,0
17:05:37,20.7,58,0,0,1,0
17:06:39,20.8,59,0,0,1,0
17:07:37,20.9,59,0,0,1,0
17:08:37,21,60,0,0,1,0
17:09:37,21,60,0,0,1,0
17:10:37,21,60,0,0,1,0
17:11:37,20.9,60,0,0,1,0
17:12:40,20.8,59,0,0,1,0
17:13:37,20.7,59,0,0,1,0
17:14:40,20.6,58,0,0,1,0
17:15:37,20.5,58,0,0,1,0
17:16:37,20.5,57,0,0,1,0
17:17:38,20.5,57,0,0,1,0
17:18:38,20.4,57,0,0,1,0
17:19:38,20.3,56,0,0,1,0
17:20:38,20.2,57,0,0,1,0
17:21:38,20.4,57,0,0,1,0
17:22:38,20.6,58,0,0,1,0
17:23:38,20.7,58,0,0,1,0
17:24:38,20.9,59,0,0,1,0
17:25:40,20.9,59,0,0,1,0
17:26:38,21,60,0,0,1,0
17:27:38,21.1,60,0,0,1,0
17:28:38,21.1,60,0,0,1,0
17:29:38,21,60,0,0,1,0
17:30:38,20.9,60,0,0,1,0
17:31:38,20.8,59,0,0,1,0
17:32:38,20.7,59,0,0,1,0
17:33:38,20.7,58,0,0,1,0
17:34:38,20.7,58,0,0,1,0
17:35:38,20.6,57,0,0,1,0
17:36:38,20.5,57,0,0,1,0
17:37:38,20.5,57,0,0,1,0
17:38:38,20.5,57,0,0,1,0
17:39:38,20.5,57,0,0,1,0
17:41:39,20.2,56,0,0,1,0
17:42:38,19.9,57,0,0,1,0
17:43:38,19.7,57,0,0,1,0
17:44:38,19.6,57,0,0,1,0
17:45:38,19.5,57,0,0,1,0
19:54:39,20.4,59,0,0,1,0
19:55:43,20.6,59,0,0,1,0
19:58:39,20.6,60,0,0,1,0
19:59:39,20.5,59,0,0,1,0
20:01:39,20.2,58,0,0,1,0
20:02:39,20.1,58,0,0,1,0
20:03:39,20,58,0,0,1,0
20:04:39,19.9,58,0,0,1,0
20:05:39,19.9,58,0,0,1,0
20:06:40,20,57,0,0,1,0
20:07:39,20,57,0,0,1,0
20:12:39,20.7,59,0,0,1,0
20:13:39,20.8,60,0,0,1,0
20:14:39,20.8,60,0,0,1,0
20:15:39,20.8,60,0,0,1,0
20:16:39,20.6,59,0,0,1,0
20:17:39,20.6,59,0,0,1,0
20:18:39,20.7,59,0,0,1,0
20:19:39,20.8,60,0,0,1,0
20:20:39,20.9,60,0,0,1,0
20:21:41,20.9,60,0,0,1,0
20:22:39,21,60,0,0,1,0
20:23:44,20.8,60,0,0,1,0
20:24:39,20.7,59,0,0,1,0
20:25:39,20.6,59,0,0,1,0
20:26:39,20.5,58,0,0,1,0
20:27:39,20.4,58,0,0,1,0
20:28:39,20.3,57,0,0,1,0
20:29:39,20.1,57,0,0,1,0
20:30:39,20,57,0,0,1,0
20:31:39,19.8,57,0,0,1,0
20:32:40,19.7,57,0,0,1,0
20:33:40,19.7,57,0,0,1,0
20:34:40,19.7,57,0,0,1,0
20:35:40,20,58,0,0,1,0
20:36:40,20.2,58,0,0,1,0
20:37:40,20.3,58,0,0,1,0
20:38:40,20.5,58,0,0,1,0
20:39:40,20.6,59,0,0,1,0
20:40:40,20.8,60,0,0,1,0
20:41:40,20.6,59,0,0,1,0
20:42:40,20.2,59,0,0,1,0
20:43:40,19.8,59,0,0,1,0
20:44:40,19.5,59,0,0,1,0
20:45:40,19.4,59,0,0,1,0
20:46:40,19.2,59,0,0,1,0
20:47:40,19.1,58,0,0,1,0
20:48:40,19,58,0,0,1,0
20:49:40,18.9,58,0,0,1,0
20:50:40,18.8,58,0,0,1,0
20:52:40,18.7,58,0,0,1,0
20:53:40,18.6,58,0,0,1,0
20:54:40,18.6,57,0,0,1,0
20:55:40,18.5,58,0,0,1,0
20:56:40,18.5,57,0,0,1,0
20:57:40,18.5,58,0,0,1,0
20:58:40,18.4,58,0,0,1,0
20:59:40,18.4,58,0,0,1,0
21:00:40,18.4,58,0,0,1,0
21:01:40,18.4,58,0,0,1,0
21:02:40,18.4,58,0,0,1,0
21:03:40,18.3,58,0,0,1,0
21:04:40,18.4,58,0,0,1,0
21:05:40,18.3,58,0,0,1,0
21:06:40,18.3,58,0,0,1,0
21:07:40,18.3,58,0,0,1,0
21:08:40,18.3,58,0,0,1,0
21:09:40,18.3,58,0,0,1,0
21:10:40,18.2,58,0,0,1,0
21:11:40,18.3,58,0,0,1,0
21:12:40,18.2,58,0,0,1,0
21:13:40,18.2,58,0,0,1,0
21:14:41,18.2,58,0,0,1,0
21:15:40,18.2,58,0,0,1,0
21:16:40,18.1,58,0,0,1,0
21:17:40,18.1,57,0,0,1,0
21:18:40,18.1,57,0,0,1,0
21:19:40,18.1,58,0,0,1,0
21:20:40,18.1,58,0,0,1,0
21:21:40,18.1,58,0,0,1,0
21:22:40,18.1,58,0,0,1,0
21:23:40,18.1,58,0,0,1,0
21:24:40,18.1,58,0,0,1,0
21:25:40,18.1,58,0,0,1,0
21:26:41,18.1,58,0,0,1,0
21:27:41,18.1,58,0,0,1,0
21:28:41,18,58,0,0,1,0
21:29:41,18,58,0,0,1,0
21:30:41,18,58,0,0,1,0
21:31:41,18,58,0,0,1,0
21:32:41,18,58,0,0,1,0
21:33:41,18,58,0,0,1,0
21:34:41,18,58,0,0,1,0
21:35:41,18,58,0,0,1,0
21:36:44,18,58,0,0,1,0
21:37:41,17.9,57,0,0,1,0
21:38:41,17.9,58,0,0,1,0
21:39:41,17.9,57,0,0,1,0
21:40:41,17.9,58,0,0,1,0
21:41:41,17.9,58,0,0,1,0
21:42:41,18,58,0,0,1,0
21:43:41,18,58,0,0,1,0
21:44:41,18,58,0,0,1,0
21:45:41,18,58,0,0,1,0
21:46:41,17.9,58,0,0,1,0
21:47:41,18,58,0,0,1,0
21:48:41,18,58,0,0,1,0
21:49:41,17.9,58,0,0,1,0
21:50:41,17.9,58,0,0,1,0
21:51:41,17.9,58,0,0,1,0
21:52:41,17.9,58,0,0,1,0
21:53:41,17.8,58,0,0,1,0
21:54:41,17.8,58,0,0,1,0
21:55:41,17.8,58,0,0,1,0
21:56:41,17.8,58,0,0,1,0
21:57:41,17.8,58,0,0,1,0
21:58:41,17.8,57,0,0,1,0
21:59:41,17.8,58,0,0,1,0
22:00:41,17.8,57,0,0,1,0
22:01:41,17.8,58,0,0,1,0
22:02:41,17.7,58,0,0,1,0
22:03:41,17.7,58,0,0,1,0
22:04:41,17.7,58,0,0,1,0
22:05:41,17.7,58,0,0,1,0
22:06:41,17.8,58,0,0,1,0
22:07:41,17.7,58,0,0,1,0
22:08:41,17.7,58,0,0,1,0
22:09:41,17.8,58,0,0,1,0
22:10:41,17.7,58,0,0,1,0
22:11:41,17.8,58,0,0,1,0
22:12:41,17.8,58,0,0,1,0
22:13:41,17.8,58,0,0,1,0
22:14:41,17.8,58,0,0,1,0
22:15:41,17.8,58,0,0,1,0
22:16:41,17.7,58,0,0,1,0
22:17:41,17.7,58,0,0,1,0
22:18:41,17.7,58,0,0,1,0
22:19:41,17.7,58,0,0,1,0
22:20:41,17.7,58,0,0,1,0
22:21:41,17.7,58,0,0,1,0
22:22:41,17.7,58,0,0,1,0
22:23:41,17.7,58,0,0,1,0
22:24:41,17.7,58,0,0,1,0
22:25:41,17.7,58,0,0,1,0
22:26:41,17.7,58,0,0,1,0
22:27:41,17.7,58,0,0,1,0
22:28:41,17.7,58,0,0,1,0
22:29:41,17.7,58,0,0,1,0
22:30:41,17.7,58,0,0,1,0
22:31:41,17.7,58,0,0,1,0
22:32:41,17.7,58,0,0,1,0
22:33:41,17.7,58,0,0,1,0
22:34:41,17.7,58,0,0,1,0
22:35:41,17.6,58,0,0,1,0
22:36:41,17.6,58,0,0,1,0
22:37:41,17.6,58,0,0,1,0
22:38:41,17.6,57,0,0,1,0
22:39:41,17.6,58,0,0,1,0
22:40:41,17.6,58,0,0,1,0
22:41:41,17.6,58,0,0,1,0
22:42:41,17.6,58,0,0,1,0
22:43:41,17.6,58,0,0,1,0
22:44:41,17.6,58,0,0,1,0
22:45:41,17.6,58,0,0,1,0
22:46:41,17.6,59,0,0,1,0
22:47:41,17.6,59,0,0,1,0
22:48:41,17.6,59,0,0,1,0
22:49:41,17.7,59,0,0,1,0
22:50:41,17.7,58,0,0,1,0
22:51:41,17.6,58,0,0,1,0
22:52:41,17.6,58,0,0,1,0
22:53:41,17.6,59,0,0,1,0
22:54:41,17.6,58,0,0,1,0
22:55:41,17.6,58,0,0,1,0
22:56:41,17.6,58,0,0,1,0
22:57:41,17.7,58,0,0,1,0
22:58:41,17.6,58,0,0,1,0
22:59:41,17.7,58,0,0,1,0
23:00:41,17.6,58,0,0,1,0
23:01:41,17.6,58,0,0,1,0
23:02:41,17.6,58,0,0,1,0
23:03:41,17.6,58,0,0,1,0
23:04:41,17.6,58,0,0,1,0
23:05:41,17.6,58,0,0,1,0
23:06:41,17.6,58,0,0,1,0
23:07:41,17.5,58,0,0,1,0
23:08:41,17.6,58,0,0,1,0
23:09:41,17.6,58,0,0,1,0
23:10:41,17.6,58,0,0,1,0
23:11:41,17.6,58,0,0,1,0
23:12:42,17.6,58,0,0,1,0
23:13:42,17.6,58,0,0,1,0
23:14:42,17.5,58,0,0,1,0
23:15:42,17.6,58,0,0,1,0
23:16:42,17.5,58,0,0,1,0
23:17:42,17.5,58,0,0,1,0
23:18:42,17.5,58,0,0,1,0
23:19:42,17.5,58,0,0,1,0
23:20:42,17.5,58,0,0,1,0
23:21:42,17.5,58,0,0,1,0
23:22:42,17.5,58,0,0,1,0
23:23:42,17.5,58,0,0,1,0
23:24:42,17.5,58,0,0,1,0
23:25:42,17.5,58,0,0,1,0
23:26:42,17.5,58,0,0,1,0
23:27:42,17.5,58,0,0,1,0
23:28:42,17.5,58,0,0,1,0
23:29:42,17.5,58,0,0,1,0
23:30:42,17.5,58,0,0,1,0
23:31:42,17.4,58,0,0,1,0
23:32:42,17.4,58,0,0,1,0
23:33:42,17.5,58,0,0,1,0
23:34:42,17.5,58,0,0,1,0
23:35:42,17.5,58,0,0,1,0
23:36:42,17.5,58,0,0,1,0
23:37:42,17.5,58,0,0,1,0
23:38:42,17.5,58,0,0,1,0
23:39:42,17.5,58,0,0,1,0
23:40:42,17.4,58,0,0,1,0
23:41:42,17.4,58,0,0,1,0
23:42:42,17.4,58,0,0,1,0
23:43:42,17.4,58,0,0,1,0
23:44:42,17.4,58,0,0,1,0
23:45:42,17.4,58,0,0,1,0
23:46:42,17.4,58,0,0,1,0
23:47:42,17.4,58,0,0,1,0
23:48:42,17.4,58,0,0,1,0
23:49:42,17.4,58,0,0,1,0
23:50:42,17.4,58,0,0,1,0
23:51:42,17.4,58,0,0,1,0
23:52:42,17.5,58,0,0,1,0
23:53:42,17.4,58,0,0,1,0
23:54:42,17.4,58,0,0,1,0
23:55:42,17.4,58,0,0,1,0
23:56:42,17.4,58,0,0,1,0
23:57:42,17.4,58,0,0,1,0
23:58:42,17.4,57,0,0,1,0
23:59:42,17.4,57,0,0,1,0
00:00:42,17.4,57,0,0,1,0
00:01:42,17.4,57,0,0,1,0
00:02:42,17.4,58,0,0,1,0
00:03:42,17.4,58,0,0,1,0
00:04:42,17.4,58,0,0,1,0
00:05:42,17.4,58,0,0,1,0
00:06:42,17.4,58,0,0,1,0
00:07:42,17.4,58,0,0,1,0
00:08:42,17.4,58,0,0,1,0
00:09:42,17.4,58,0,0,1,0
00:10:42,17.4,58,0,0,1,0
00:11:42,17.4,58,0,0,1,0
00:12:42,17.4,58,0,0,1,0
00:13:43,17.4,58,0,0,1,0
00:14:43,17.3,58,0,0,1,0
00:15:43,17.4,58,0,0,1,0
00:16:43,17.4,57,0,0,1,0
00:17:43,17.4,58,0,0,1,0
00:18:43,17.4,58,0,0,1,0
00:19:43,17.4,58,0,0,1,0
00:20:43,17.4,58,0,0,1,0
00:21:43,17.4,58,0,0,1,0
00:22:43,17.4,58,0,0,1,0
00:23:43,17.4,58,0,0,1,0
00:24:43,17.4,58,0,0,1,0
00:25:43,17.4,58,0,0,1,0
00:26:43,17.4,58,0,0,1,0
00:27:43,17.4,59,0,0,1,0
00:28:43,17.4,59,0,0,1,0
00:29:43,17.4,59,0,0,1,0
00:30:43,17.4,59,0,0,1,0
00:31:43,17.4,59,0,0,1,0
00:32:43,17.4,59,0,0,1,0
00:33:43,17.4,58,0,0,1,0
00:34:43,17.4,58,0,0,1,0
00:35:43,17.4,58,0,0,1,0
00:36:43,17.4,58,0,0,1,0
00:37:43,17.4,58,0,0,1,0
00:38:43,17.4,58,0,0,1,0
00:39:43,17.4,58,0,0,1,0
00:40:43,17.4,58,0,0,1,0
00:41:43,17.4,58,0,0,1,0
00:42:43,17.4,58,0,0,1,0
00:43:43,17.3,58,0,0,1,0
00:44:43,17.4,59,0,0,1,0
00:45:43,17.3,59,0,0,1,0
00:46:43,17.4,59,0,0,1,0
00:47:43,17.4,59,0,0,1,0
00:48:43,17.4,59,0,0,1,0
00:49:43,17.4,59,0,0,1,0
00:50:43,17.4,59,0,0,1,0
00:51:43,17.3,58,0,0,1,0
00:52:43,17.4,58,0,0,1,0
00:53:43,17.4,58,0,0,1,0
00:54:43,17.4,58,0,0,1,0
00:55:43,17.4,58,0,0,1,0
00:56:43,17.3,58,0,0,1,0
00:57:43,17.3,58,0,0,1,0
00:58:43,17.3,58,0,0,1,0
00:59:43,17.3,58,0,0,1,0
01:00:43,17.3,58,0,0,1,0
01:01:43,17.3,57,0,0,1,0
01:02:43,17.2,57,0,0,1,0
01:03:43,17.2,58,0,0,1,0
01:04:43,17.2,58,0,0,1,0
01:05:43,17.2,58,0,0,1,0
01:06:43,17.3,58,0,0,1,0
01:07:43,17.3,58,0,0,1,0
01:08:43,17.3,58,0,0,1,0
01:09:43,17.3,58,0,0,1,0
01:10:43,17.3,58,0,0,1,0
01:11:43,17.3,58,0,0,1,0
01:12:43,17.2,58,0,0,1,0
01:13:43,17.2,58,0,0,1,0
01:14:43,17.2,58,0,0,1,0
01:15:43,17.2,58,0,0,1,0
01:16:43,17.3,58,0,0,1,0
01:17:43,17.3,58,0,0,1,0
01:18:43,17.2,58,0,0,1,0
01:19:43,17.3,58,0,0,1,0
01:20:43,17.2,58,0,0,1,0
01:21:43,17.2,58,0,0,1,0
01:22:43,17.2,58,0,0,1,0
01:23:43,17.2,58,0,0,1,0
01:24:43,17.1,58,0,0,1,0
01:25:44,17.2,58,0,0,1,0
01:26:44,17.5,63,0,0,1,0
01:27:44,18,67,0,0,1,0
01:28:44,18.6,69,0,0,1,0
01:29:44,19,70,0,0,1,0
01:30:44,19,68,0,0,1,0
01:31:44,18.8,66,0,0,1,0
01:32:44,18.6,64,0,0,1,0
01:33:44,18.4,63,0,0,1,0
01:34:44,18.2,62,0,0,1,0
01:35:44,18.1,61,0,0,1,0
01:36:44,18,61,0,0,1,0
01:37:44,18,60,0,0,1,0
01:38:44,17.9,60,0,0,1,0
01:39:44,17.8,60,0,0,1,0
01:40:44,17.8,59,0,0,1,0
01:41:44,17.7,59,0,0,1,0
01:42:44,17.7,59,0,0,1,0
01:43:44,17.7,59,0,0,1,0
01:44:44,17.6,58,0,0,1,0
01:45:44,17.6,58,0,0,1,0
01:46:44,17.5,58,0,0,1,0
01:47:44,17.5,58,0,0,1,0
01:48:44,17.5,58,0,0,1,0
01:49:44,17.5,58,0,0,1,0
01:50:44,17.5,58,0,0,1,0
01:51:44,17.4,58,0,0,1,0
01:52:44,17.4,58,0,0,1,0
01:53:44,17.4,58,0,0,1,0
01:54:44,17.4,58,0,0,1,0
01:55:44,17.4,58,0,0,1,0
01:56:44,17.3,58,0,0,1,0
01:57:44,17.3,58,0,0,1,0
01:58:44,17.3,58,0,0,1,0
01:59:44,17.3,58,0,0,1,0
02:00:44,17.3,58,0,0,1,0
02:01:44,17.3,58,0,0,1,0
02:02:44,17.3,58,0,0,1,0
02:03:44,17.2,58,0,0,1,0
02:04:44,17.2,58,0,0,1,0
02:05:44,17.3,58,0,0,1,0
02:06:44,17.3,58,0,0,1,0
02:07:44,17.3,58,0,0,1,0
02:08:44,17.3,58,0,0,1,0
02:09:44,17.6,63,0,0,1,0
02:10:44,18.1,67,0,0,1,0
02:11:44,18.6,69,0,0,1,0
02:12:44,18.6,67,0,0,1,0
02:13:44,18.5,65,0,0,1,0
02:14:44,18.3,63,0,0,1,0
02:15:44,18.2,62,0,0,1,0
02:16:44,18.1,61,0,0,1,0
02:17:44,17.9,61,0,0,1,0
02:18:44,17.8,60,0,0,1,0
02:19:44,17.7,59,0,0,1,0
02:20:44,17.7,59,0,0,1,0
02:21:44,17.6,59,0,0,1,0
02:22:44,17.5,58,0,0,1,0
02:23:44,17.5,59,0,0,1,0
02:24:44,17.5,58,0,0,1,0
02:25:44,17.5,58,0,0,1,0
02:26:44,17.5,58,0,0,1,0
02:27:44,17.4,58,0,0,1,0
02:28:44,17.4,58,0,0,1,0
02:29:44,17.4,57,0,0,1,0
02:30:44,17.4,57,0,0,1,0
02:31:44,17.4,57,0,0,1,0
02:32:44,17.3,57,0,0,1,0
02:33:44,17.3,57,0,0,1,0
02:34:44,17.3,57,0,0,1,0
02:35:44,17.3,57,0,0,1,0
02:36:44,17.2,57,0,0,1,0
02:37:44,17.2,57,0,0,1,0
02:38:44,17.2,57,0,0,1,0
02:39:44,17.2,57,0,0,1,0
02:40:45,17.1,57,0,0,1,0
02:41:45,17.2,58,0,0,1,0
02:42:45,17.5,62,0,0,1,0
02:43:45,18.1,66,0,0,1,0
02:44:45,18.5,69,0,0,1,0
02:45:45,19,71,0,0,1,1
02:46:45,19.1,69,0,0,1,0
02:47:45,18.9,67,0,0,1,0
02:48:45,18.6,65,0,0,1,0
02:49:45,18.4,64,0,0,1,0
02:50:45,18.3,63,0,0,1,0
02:51:45,18.2,62,0,0,1,0
02:52:45,18,61,0,0,1,0
02:53:45,18,60,0,0,1,0
02:54:45,17.9,60,0,0,1,0
02:55:45,17.8,59,0,0,1,0
02:56:45,17.7,59,0,0,1,0
02:57:45,17.7,59,0,0,1,0
02:58:45,17.6,59,0,0,1,0
02:59:45,17.6,58,0,0,1,0
03:00:45,17.6,58,0,0,1,0
03:01:45,17.5,58,0,0,1,0
03:02:45,17.5,58,0,0,1,0
03:03:45,17.5,58,0,0,1,0
03:04:45,17.4,58,0,0,1,0
03:05:45,17.5,58,0,0,1,0
03:06:45,17.4,58,0,0,1,0
03:07:45,17.4,58,0,0,1,0
03:08:45,17.4,58,0,0,1,0
03:09:45,17.4,58,0,0,1,0
03:10:45,17.4,58,0,0,1,0
03:11:45,17.4,58,0,0,1,0
03:12:45,17.4,57,0,0,1,0
03:13:45,17.3,57,0,0,1,0
03:14:45,17.3,57,0,0,1,0
03:15:45,17.3,57,0,0,1,0
03:16:45,17.3,57,0,0,1,0
03:17:45,17.3,57,0,0,1,0
03:18:45,17.2,57,0,0,1,0
03:19:45,17.2,57,0,0,1,0
03:20:45,17.2,57,0,0,1,0
03:21:45,17.2,57,0,0,1,0
03:22:45,17.2,57,0,0,1,0
03:23:45,17.2,57,0,0,1,0
03:24:45,17.1,58,0,0,1,0
03:25:45,17.2,59,0,0,1,0
03:26:45,17.5,63,0,0,1,0
03:27:45,18,67,0,0,1,0
03:28:45,18.5,70,0,0,1,0
03:29:45,18.9,71,0,0,1,1
03:30:45,19,68,0,0,1,0
03:31:45,18.8,66,0,0,1,0
03:32:45,18.5,64,0,0,1,0
03:33:45,18.3,63,0,0,1,0
03:34:45,18.2,62,0,0,1,0
03:35:45,18,61,0,0,1,0
03:36:45,17.9,61,0,0,1,0
03:37:45,17.9,60,0,0,1,0
03:38:45,17.8,60,0,0,1,0
03:39:45,17.7,60,0,0,1,0
03:40:45,17.7,59,0,0,1,0
03:41:45,17.6,59,0,0,1,0
03:42:45,17.6,59,0,0,1,0
03:43:45,17.6,59,0,0,1,0
03:44:45,17.5,59,0,0,1,0
03:45:45,17.5,59,0,0,1,0
03:46:45,17.5,58,0,0,1,0
03:47:45,17.5,58,0,0,1,0
03:48:45,17.4,58,0,0,1,0
03:49:45,17.4,58,0,0,1,0
03:50:45,17.4,58,0,0,1,0
03:51:45,17.4,58,0,0,1,0
03:52:45,17.4,58,0,0,1,0
03:53:46,17.4,58,0,0,1,0
03:54:45,17.3,58,0,0,1,0
03:55:45,17.3,58,0,0,1,0
03:56:45,17.2,58,0,0,1,0
03:57:45,17.3,58,0,0,1,0
03:58:45,17.3,57,0,0,1,0
03:59:45,17.2,58,0,0,1,0
04:00:45,17.2,58,0,0,1,0
04:01:45,17.2,57,0,0,1,0
04:02:45,17.2,57,0,0,1,0
04:03:45,17.2,57,0,0,1,0
04:04:45,17.2,57,0,0,1,0
04:05:45,17.2,58,0,0,1,0
04:06:45,17.2,58,0,0,1,0
04:07:45,17.2,58,0,0,1,0
04:08:45,17.1,58,0,0,1,0
04:09:45,17.1,58,0,0,1,0
04:10:45,17.3,61,0,0,1,0
04:11:45,17.8,66,0,0,1,0
04:12:45,18.3,69,0,0,1,0
04:13:45,18.7,71,0,0,1,1
04:14:45,19,70,0,0,1,0
04:15:45,18.9,67,0,0,1,0
04:16:45,18.7,65,0,0,1,0
04:17:45,18.4,64,0,0,1,0
04:18:45,18.2,63,0,0,1,0
04:19:45,18.1,62,0,0,1,0
04:20:45,18,61,0,0,1,0
04:21:45,17.8,60,0,0,1,0
04:22:45,17.8,60,0,0,1,0
04:23:45,17.7,59,0,0,1,0
04:24:45,17.7,59,0,0,1,0
04:25:45,17.7,59,0,0,1,0
04:26:46,17.6,58,0,0,1,0
04:27:46,17.5,58,0,0,1,0
04:28:46,17.5,58,0,0,1,0
04:29:46,17.4,58,0,0,1,0
04:30:46,17.4,58,0,0,1,0
04:31:46,17.4,58,0,0,1,0
04:32:46,17.4,58,0,0,1,0
04:33:46,17.4,58,0,0,1,0
04:34:46,17.4,58,0,0,1,0
04:35:46,17.4,58,0,0,1,0
04:36:46,17.4,58,0,0,1,0
04:37:46,17.4,58,0,0,1,0
04:38:46,17.3,57,0,0,1,0
04:39:46,17.3,57,0,0,1,0
04:40:46,17.2,57,0,0,1,0
04:41:46,17.2,57,0,0,1,0
04:42:46,17.2,57,0,0,1,0
04:43:46,17.3,60,0,0,1,0
04:44:46,17.7,65,0,0,1,0
04:45:46,18.3,67,0,0,1,0
04:46:46,18.7,70,0,0,1,0
04:47:46,19,70,0,0,1,0
04:48:46,18.9,67,0,0,1,0
04:49:46,18.7,65,0,0,1,0
04:50:46,18.5,64,0,0,1,0
04:51:46,18.3,62,0,0,1,0
04:52:46,18.2,62,0,0,1,0
04:53:46,18.1,61,0,0,1,0
04:54:46,18,60,0,0,1,0
04:55:46,17.8,59,0,0,1,0
04:56:46,17.7,59,0,0,1,0
04:57:46,17.7,59,0,0,1,0
04:58:46,17.6,58,0,0,1,0
04:59:46,17.6,58,0,0,1,0
05:00:46,17.5,58,0,0,1,0
05:01:46,17.5,58,0,0,1,0
05:02:46,17.5,58,0,0,1,0
05:03:46,17.5,58,0,0,1,0
05:04:46,17.5,58,0,0,1,0
05:05:46,17.4,58,0,0,1,0
05:06:46,17.4,58,0,0,1,0
05:07:46,17.4,57,0,0,1,0
05:08:46,17.4,57,0,0,1,0
05:09:46,17.4,57,0,0,1,0
05:10:46,17.3,57,0,0,1,0
05:11:46,17.4,60,0,0,1,0
05:12:46,17.8,64,0,0,1,0
05:13:46,18.3,67,0,0,1,0
05:14:46,18.7,70,0,0,1,0
05:15:46,19,69,0,0,1,0
05:16:46,18.9,67,0,0,1,0
05:17:46,18.7,65,0,0,1,0
05:18:46,18.5,63,0,0,1,0
05:19:46,18.3,62,0,0,1,0
05:20:46,18.1,62,0,0,1,0
05:21:47,18,61,0,0,1,0
05:22:47,17.9,60,0,0,1,0
05:23:47,17.8,60,0,0,1,0
05:24:47,17.7,59,0,0,1,0
05:25:47,17.7,59,0,0,1,0
05:26:47,17.7,58,0,0,1,0
05:27:47,17.5,58,0,0,1,0
05:28:47,17.5,58,0,0,1,0
05:29:47,17.5,58,0,0,1,0
05:30:47,17.4,57,0,0,1,0
05:31:47,17.4,58,0,0,1,0
05:32:47,17.4,58,0,0,1,0
05:33:47,17.4,58,0,0,1,0
05:34:47,17.4,58,0,0,1,0
05:35:47,17.4,58,0,0,1,0
05:36:47,17.3,57,0,0,1,0
05:37:47,17.3,57,0,0,1,0
05:38:47,17.3,57,0,0,1,0
05:39:47,17.2,57,0,0,1,0
05:40:47,17.4,61,0,0,1,0
05:41:47,17.9,66,0,0,1,0
05:42:47,18.4,69,0,0,1,0
05:43:47,18.9,71,0,0,1,1
05:44:48,19.2,71,0,0,1,1
05:45:47,19.1,68,0,0,1,0
05:46:47,18.9,66,0,0,1,0
05:47:47,18.7,64,0,0,1,0
05:48:47,18.4,63,0,0,1,0
05:49:47,18.3,62,0,0,1,0
05:50:47,18.2,61,0,0,1,0
05:51:47,18.1,60,0,0,1,0
05:52:47,18,60,0,0,1,0
05:53:47,17.9,59,0,0,1,0
05:54:47,17.8,59,0,0,1,0
05:55:47,17.8,59,0,0,1,0
05:56:47,17.7,58,0,0,1,0
05:57:47,17.7,58,0,0,1,0
05:58:47,17.6,58,0,0,1,0
05:59:47,17.6,58,0,0,1,0
06:00:47,17.5,58,0,0,1,0
06:01:47,17.5,58,0,0,1,0
06:02:47,17.5,57,0,0,1,0
06:03:47,17.4,57,0,0,1,0
06:04:47,17.4,57,0,0,1,0
06:05:47,17.4,57,0,0,1,0
06:06:47,17.3,57,0,0,1,0
06:07:47,17.3,57,0,0,1,0
06:08:47,17.3,57,0,0,1,0
06:09:47,17.3,57,0,0,1,0
06:10:47,17.3,57,0,0,1,0
06:11:47,17.3,57,0,0,1,0
06:12:47,17.2,57,0,0,1,0
06:13:47,17.4,62,0,0,1,0
06:14:47,17.9,66,0,0,1,0
06:15:47,18.4,68,0,0,1,0
06:16:47,18.9,71,0,0,1,1
06:17:47,19.2,71,0,0,1,1
06:18:47,19.1,68,0,0,1,0
06:19:47,18.9,65,0,0,1,0
06:20:47,18.7,64,0,0,1,0
06:21:47,18.4,62,0,0,1,0
06:22:47,18.2,62,0,0,1,0
06:23:47,18.1,61,0,0,1,0
06:24:47,18,60,0,0,1,0
06:25:47,17.9,60,0,0,1,0
06:26:47,17.8,59,0,0,1,0
06:27:47,17.8,59,0,0,1,0
06:28:47,17.7,59,0,0,1,0
06:29:47,17.6,58,0,0,1,0
06:30:47,17.6,58,0,0,1,0
06:31:47,17.5,58,0,0,1,0
06:32:47,17.5,58,0,0,1,0
06:33:47,17.5,58,0,0,1,0
06:34:47,17.5,58,0,0,1,0
06:35:47,17.4,58,0,0,1,0
06:36:47,17.4,58,0,0,1,0
06:37:47,17.4,58,0,0,1,0
06:38:47,17.3,57,0,0,1,0
06:39:47,17.3,57,0,0,1,0
06:40:47,17.2,57,0,0,1,0
06:41:47,17.2,57,0,0,1,0
06:42:47,17.2,57,0,0,1,0
06:43:47,17.2,57,0,0,1,0
06:44:47,17.2,57,0,0,1,0
06:45:48,17.2,57,0,0,1,0
06:46:47,17.3,59,0,0,1,0
06:47:48,17.6,63,0,0,1,0
06:48:48,18.1,67,0,0,1,0
06:49:48,18.6,70,0,0,1,0
06:50:48,19,71,0,0,1,1
06:51:48,19.1,69,0,0,1,0
06:52:48,19,67,0,0,1,0
06:53:48,18.7,65,0,0,1,0
06:54:48,18.5,64,0,0,1,0
06:55:48,18.3,62,0,0,1,0
06:56:48,18.2,62,0,0,1,0
06:57:48,18,61,0,0,1,0
06:58:48,17.9,60,0,0,1,0
06:59:48,17.9,60,0,0,1,0
07:00:48,17.8,59,0,0,1,0
07:01:48,17.7,59,0,0,1,0
07:02:48,17.6,58,0,0,1,0
07:03:48,17.6,58,0,0,1,0
07:04:48,17.6,58,0,0,1,0
07:05:48,17.6,58,0,0,1,0
07:06:48,17.5,58,0,0,1,0
07:07:48,17.5,58,0,0,1,0
07:08:48,17.4,58,0,0,1,0
07:09:48,17.4,57,0,0,1,0
07:10:48,17.4,57,0,0,1,0
07:11:48,17.3,57,0,0,1,0
07:12:48,17.3,57,0,0,1,0
07:13:48,17.3,57,0,0,1,0
07:14:48,17.3,57,0,0,1,0
07:15:48,17.2,57,0,0,1,0
07:16:48,17.2,58,0,0,1,0
07:17:48,17.6,63,0,0,1,0
07:18:48,18,67,0,0,1,0
07:19:48,18.5,70,0,0,1,0
07:20:48,18.9,69,0,0,1,0
07:21:48,18.8,67,0,0,1,0
07:22:48,18.6,65,0,0,1,0
07:23:48,18.4,63,0,0,1,0
07:24:48,18.2,62,0,0,1,0
07:25:48,18.1,62,0,0,1,0
07:26:48,17.9,61,0,0,1,0
07:27:48,17.9,60,0,0,1,0
07:28:48,17.8,59,0,0,1,0
07:29:48,17.7,59,0,0,1,0
07:30:48,17.7,59,0,0,1,0
07:31:48,17.6,59,0,0,1,0
07:32:48,17.6,58,0,0,1,0
07:33:48,17.6,58,0,0,1,0
07:34:48,17.5,58,0,0,1,0
07:35:48,17.5,58,0,0,1,0
07:36:48,17.4,58,0,0,1,0
07:37:48,17.4,58,0,0,1,0
07:38:48,17.4,58,0,0,1,0
07:39:48,17.4,58,0,0,1,0
07:40:48,17.4,58,0,0,1,0
07:41:48,17.3,57,0,0,1,0
07:42:48,17.3,57,0,0,1,0
07:43:48,17.3,57,0,0,1,0
07:44:48,17.3,57,0,0,1,0
07:45:48,17.3,57,0,0,1,0
07:46:48,17.3,57,0,0,1,0
07:47:48,17.2,57,0,0,1,0
07:48:48,17.2,57,0,0,1,0
07:49:48,17.2,57,0,0,1,0
07:50:48,17.3,60,0,0,1,0
07:51:48,17.8,65,0,0,1,0
07:52:48,18.3,68,0,0,1,0
07:53:49,18.8,70,0,0,1,1
07:54:49,19.2,72,0,0,1,1
07:56:02,19.3,70,0,0,1,0
07:57:02,19,67,0,0,1,0
07:58:02,18.8,65,0,0,1,0
07:59:02,18.6,64,0,0,1,0
08:00:02,18.4,63,0,0,1,0
08:01:02,18.2,62,0,0,1,0
08:02:02,18.1,61,0,0,1,0
08:03:02,18,61,0,0,1,0
08:04:02,18,60,0,0,1,0
08:05:02,17.9,60,0,0,1,0
08:06:02,17.8,60,0,0,1,0
08:07:02,17.8,59,0,0,1,0
08:08:02,17.7,59,0,0,1,0
08:09:02,17.7,59,0,0,1,0
08:10:02,17.6,59,0,0,1,0
08:11:02,17.6,58,0,0,1,0
08:12:02,17.6,58,0,0,1,0
08:13:02,17.6,58,0,0,1,0
08:14:02,17.5,58,0,0,1,0
08:15:03,17.5,58,0,0,1,0
08:16:02,17.5,58,0,0,1,0
08:17:02,17.5,58,0,0,1,0
08:18:05,17.5,58,0,0,1,0
08:20:02,17.4,58,0,0,1,0
08:21:02,17.4,58,0,0,1,0
08:22:02,17.4,58,0,0,1,0
08:23:02,17.4,58,0,0,1,0
08:24:02,17.4,58,0,0,1,0
08:25:02,17.4,58,0,0,1,0
08:26:02,17.4,58,0,0,1,0
08:27:02,17.3,57,0,0,1,0
08:28:02,17.3,57,0,0,1,0
08:29:02,17.3,58,0,0,1,0
08:30:02,17.3,58,0,0,1,0
08:31:02,17.3,58,0,0,1,0
08:32:02,17.3,57,0,0,1,0
08:33:02,17.3,57,0,0,1,0
08:34:02,17.3,57,0,0,1,0
08:35:02,17.2,57,0,0,1,0
08:36:02,17.2,57,0,0,1,0
08:37:02,17.2,58,0,0,1,0
08:38:02,17.2,58,0,0,1,0
08:39:02,17.2,58,0,0,1,0
08:40:03,17.3,61,0,0,1,0
08:41:02,17.8,65,0,0,1,0
08:42:02,18.4,68,0,0,1,0
08:43:02,18.7,69,0,0,1,0
08:44:02,18.7,67,0,0,1,0
08:45:03,18.5,65,0,0,1,0
08:46:03,18.4,63,0,0,1,0
08:47:03,18.2,62,0,0,1,0
08:48:03,18.1,61,0,0,1,0
08:49:03,18,61,0,0,1,0
08:50:03,17.9,60,0,0,1,0
08:51:03,17.8,60,0,0,1,0
08:52:03,17.8,59,0,0,1,0
08:53:03,17.7,59,0,0,1,0
08:54:03,17.6,59,0,0,1,0
08:55:03,17.6,59,0,0,1,0
08:56:03,17.6,58,0,0,1,0
08:57:03,17.6,58,0,0,1,0
08:58:03,17.6,58,0,0,1,0
08:59:03,17.5,58,0,0,1,0
09:00:03,17.5,58,0,0,1,0
09:01:03,17.5,58,0,0,1,0
09:02:03,17.5,58,0,0,1,0
09:03:03,17.4,58,0,0,1,0
09:04:03,17.4,58,0,0,1,0
09:05:03,17.4,58,0,0,1,0
09:06:03,17.4,58,0,0,1,0
09:07:03,17.4,57,0,0,1,0
09:08:03,17.4,58,0,0,1,0
09:09:03,17.4,57,0,0,1,0
09:10:03,17.4,57,0,0,1,0
09:11:03,17.4,57,0,0,1,0
09:12:03,17.4,57,0,0,1,0
09:13:03,17.3,57,0,0,1,0
09:14:03,17.3,57,0,0,1,0
09:15:03,17.3,57,0,0,1,0
09:16:03,17.3,57,0,0,1,0
09:17:03,17.3,57,0,0,1,0
09:18:03,17.4,57,0,0,1,0
09:19:03,17.4,57,0,0,1,0
09:20:03,17.3,57,0,0,1,0
09:21:03,17.3,58,0,0,1,0
09:22:03,17.3,58,0,0,1,0
09:23:03,17.3,58,0,0,1,0
09:24:03,17.3,58,0,0,1,0
09:25:03,17.3,58,0,0,1,0
09:26:03,17.2,58,0,0,1,0
09:27:03,17.2,58,0,0,1,0
09:28:03,17.2,58,0,0,1,0
09:29:03,17.2,58,0,0,1,0
09:30:03,17.2,58,0,0,1,0
09:31:03,17.2,58,0,0,1,0
09:32:03,17.2,58,0,0,1,0
09:33:03,17.2,58,0,0,1,0
09:34:03,17.3,58,0,0,1,0
09:35:03,17.3,58,0,0,1,0
09:36:03,17.3,58,0,0,1,0
09:37:04,17.2,58,0,0,1,0
09:38:03,17.2,58,0,0,1,0
09:39:03,17.3,58,0,0,1,0
09:40:03,17.3,58,0,0,1,0
09:41:04,17.3,58,0,0,1,0
09:42:04,17.2,58,0,0,1,0
09:43:04,17.2,58,0,0,1,0
09:44:04,17.2,58,0,0,1,0
09:45:04,17.2,58,0,0,1,0
09:46:04,17.2,58,0,0,1,0
09:47:04,17.3,58,0,0,1,0
09:48:04,17.3,58,0,0,1,0
09:49:04,17.3,58,0,0,1,0
09:50:04,17.2,58,0,0,1,0
09:51:04,17.3,58,0,0,1,0
09:52:04,17.3,58,0,0,1,0
09:53:04,17.2,58,0,0,1,0
09:54:04,17.3,58,0,0,1,0
09:55:04,17.3,58,0,0,1,0
09:56:04,17.3,58,0,0,1,0
09:57:04,17.3,58,0,0,1,0
09:58:04,17.3,58,0,0,1,0
09:59:04,17.3,58,0,0,1,0
10:00:04,17.3,58,0,0,1,0
10:01:04,17.3,58,0,0,1,0
10:02:04,17.3,58,0,0,1,0
10:03:04,17.3,58,0,0,1,0
10:04:04,17.3,58,0,0,1,0
10:05:04,17.3,58,0,0,1,0
10:06:04,17.3,58,0,0,1,0
10:07:04,17.3,58,0,0,1,0
10:08:04,17.3,58,0,0,1,0
10:09:04,17.3,58,0,0,1,0
10:10:04,17.3,58,0,0,1,0
10:11:04,17.3,58,0,0,1,0
10:12:04,17.3,58,0,0,1,0
10:13:04,17.2,58,0,0,1,0
10:14:04,17.3,58,0,0,1,0
10:15:04,17.3,58,0,0,1,0
10:16:04,17.3,58,0,0,1,0
10:17:04,17.3,58,0,0,1,0
10:18:04,17.3,58,0,0,1,0
10:19:04,17.3,58,0,0,1,0
10:20:04,17.4,58,0,0,1,0
10:21:04,17.4,58,0,0,1,0
10:22:04,17.4,58,0,0,1,0
10:23:04,17.3,58,0,0,1,0
10:24:05,17.3,58,0,0,1,0
10:25:04,17.3,58,0,0,1,0
10:26:04,17.3,58,0,0,1,0
10:27:05,17.3,58,0,0,1,0
10:28:06,17.4,58,0,0,1,0
10:29:06,17.4,58,0,0,1,0
10:30:05,17.3,58,0,0,1,0
10:31:06,17.3,58,0,0,1,0
10:32:05,17.3,58,0,0,1,0
10:33:06,17.3,58,0,0,1,0
10:34:05,17.3,58,0,0,1,0
10:35:05,17.4,58,0,0,1,0
10:36:05,17.4,58,0,0,1,0
10:37:05,17.4,59,0,0,1,0
10:38:05,17.4,59,0,0,1,0
10:39:05,17.4,59,0,0,1,0
10:40:05,17.4,59,0,0,1,0
10:41:05,17.4,59,0,0,1,0
10:42:05,17.4,59,0,0,1,0
10:43:05,17.5,59,0,0,1,0
10:44:05,17.5,59,0,0,1,0
10:45:05,17.5,59,0,0,1,0
10:46:05,17.5,59,0,0,1,0
10:47:05,17.4,59,0,0,1,0
10:48:05,17.4,58,0,0,1,0
10:49:05,17.5,58,0,0,1,0
10:50:05,17.5,58,0,0,1,0
10:51:05,17.5,58,0,0,1,0
10:52:05,17.5,58,0,0,1,0
10:53:05,17.5,59,0,0,1,0
10:54:05,17.5,59,0,0,1,0
10:55:05,17.5,59,0,0,1,0
10:56:05,17.5,59,0,0,1,0
10:57:05,17.5,59,0,0,1,0
10:58:05,17.5,59,0,0,1,0
10:59:05,17.5,59,0,0,1,0
11:00:05,17.5,59,0,0,1,0
11:01:06,17.5,59,0,0,1,0
11:02:06,17.5,59,0,0,1,0
11:03:05,17.5,59,0,0,1,0
11:04:06,17.5,59,0,0,1,0
11:05:08,17.5,59,0,0,1,0
11:06:05,17.5,58,0,0,1,0
11:07:08,17.5,58,0,0,1,0
11:08:06,17.5,58,0,0,1,0
11:09:06,17.5,58,0,0,1,0
11:10:06,17.5,58,0,0,1,0
11:11:05,17.5,58,0,0,1,0
11:12:05,17.5,58,0,0,1,0
11:13:05,17.5,58,0,0,1,0
11:14:05,17.4,58,0,0,1,0
11:15:05,17.5,59,0,0,1,0
11:16:06,17.5,59,0,0,1,0
11:17:05,17.5,59,0,0,1,0
11:18:05,17.5,59,0,0,1,0
11:19:07,17.5,59,0,0,1,0
11:20:05,17.5,59,0,0,1,0
11:21:05,17.5,59,0,0,1,0
11:22:05,17.5,59,0,0,1,0
11:23:05,17.5,59,0,0,1,0
11:24:06,17.5,58,0,0,1,0
11:25:05,17.5,59,0,0,1,0
11:26:05,17.5,58,0,0,1,0
11:27:06,17.5,58,0,0,1,0
11:28:06,17.6,59,0,0,1,0
11:29:06,17.6,58,0,0,1,0
11:30:07,17.6,58,0,0,1,0
11:32:06,17.6,59,0,0,1,0
11:33:06,17.6,58,0,0,1,0
11:34:06,17.6,58,0,0,1,0
11:35:06,17.6,58,0,0,1,0
11:36:06,17.6,58,0,0,1,0
11:37:06,17.6,59,0,0,1,0
11:38:06,17.6,59,0,0,1,0
11:39:06,17.6,59,0,0,1,0
11:40:06,17.6,59,0,0,1,0
11:41:06,17.6,59,0,0,1,0
11:42:06,17.6,59,0,0,1,0
11:43:06,17.6,59,0,0,1,0
11:44:06,17.6,59,0,0,1,0
11:45:06,17.6,59,0,0,1,0
11:46:06,17.6,59,0,0,1,0
11:47:06,17.6,59,0,0,1,0
11:48:06,17.7,59,0,0,1,0
11:49:06,17.7,59,0,0,1,0
11:50:06,17.6,59,0,0,1,0
11:51:06,17.6,59,0,0,1,0
11:52:06,17.6,59,0,0,1,0
11:53:06,17.6,59,0,0,1,0
11:54:06,17.6,59,0,0,1,0
11:55:06,17.7,59,0,0,1,0
11:56:06,17.7,59,0,0,1,0
11:57:06,17.7,59,0,0,1,0
11:59:06,17.7,59,0,0,1,0
12:00:06,17.6,59,0,0,1,0
12:01:06,17.6,59,0,0,1,0
12:02:06,17.6,59,0,0,1,0
12:03:06,17.6,59,0,0,1,0
12:04:06,17.7,59,0,0,1,0
12:05:06,17.7,59,0,0,1,0
12:06:06,17.7,59,0,0,1,0
12:07:06,17.7,59,0,0,1,0
12:08:06,17.7,59,0,0,1,0
12:09:06,17.7,59,0,0,1,0
12:10:06,17.7,59,0,0,1,0
12:11:06,17.7,59,0,0,1,0
12:12:06,17.7,59,0,0,1,0
12:13:06,17.8,59,0,0,1,0
12:14:06,17.8,59,0,0,1,0
12:15:06,17.8,59,0,0,1,0
12:16:07,17.7,59,0,0,1,0
12:17:06,17.7,59,0,0,1,0
12:18:06,17.7,59,0,0,1,0
12:19:06,17.7,59,0,0,1,0
12:20:07,17.7,59,0,0,1,0
12:21:07,17.8,59,0,0,1,0
12:22:07,17.7,59,0,0,1,0
12:23:07,17.7,59,0,0,1,0
12:24:07,17.7,59,0,0,1,0
12:25:07,17.8,59,0,0,1,0
12:26:07,17.8,59,0,0,1,0
12:27:07,17.8,59,0,0,1,0
12:28:07,17.8,59,0,0,1,0
12:29:07,17.8,59,0,0,1,0
12:30:07,17.8,59,0,0,1,0
12:31:07,17.8,59,0,0,1,0
12:32:08,17.8,59,0,0,1,0
12:33:07,17.8,59,0,0,1,0
12:34:07,17.9,59,0,0,1,0
12:35:07,17.8,59,0,0,1,0
12:36:07,17.8,59,0,0,1,0
12:37:07,17.8,59,0,0,1,0
12:38:07,17.8,59,0,0,1,0
12:39:07,17.8,59,0,0,1,0
12:40:07,17.8,59,0,0,1,0
12:41:07,17.9,59,0,0,1,0
12:42:07,17.8,59,0,0,1,0
12:43:07,17.8,59,0,0,1,0
12:44:07,17.8,59,0,0,1,0
12:45:07,17.9,59,0,0,1,0
12:46:07,17.9,59,0,0,1,0
12:47:07,17.9,59,0,0,1,0
12:48:07,17.9,59,0,0,1,0
12:49:07,17.9,59,0,0,1,0
12:50:07,17.9,59,0,0,1,0
12:51:07,17.9,59,0,0,1,0
12:52:07,17.9,59,0,0,1,0
12:53:07,17.9,59,0,0,1,0
12:54:07,17.9,59,0,0,1,0
12:55:08,17.9,59,0,0,1,0
12:56:08,17.9,59,0,0,1,0
12:57:08,17.9,59,0,0,1,0
12:58:08,17.9,59,0,0,1,0
12:59:08,17.9,59,0,0,1,0
13:00:08,17.9,59,0,0,1,0
13:01:08,18,59,0,0,1,0
13:02:08,18,59,0,0,1,0
13:03:08,18,59,0,0,1,0
13:04:08,18,59,0,0,1,0
13:05:08,18,59,0,0,1,0
13:06:08,18,59,0,0,1,0
13:07:08,18,59,0,0,1,0
13:08:08,18,59,0,0,1,0
13:09:08,18,59,0,0,1,0
13:10:08,18,59,0,0,1,0
13:11:08,18,59,0,0,1,0
13:12:08,18,59,0,0,1,0
13:13:08,18,59,0,0,1,0
13:14:08,18,59,0,0,1,0
13:15:08,18,59,0,0,1,0
13:16:08,18,59,0,0,1,0
13:17:09,18,59,0,0,1,0
13:18:08,18,59,0,0,1,0
13:19:08,18,59,0,0,1,0
13:20:08,18,59,0,0,1,0
13:21:09,18,59,0,0,1,0
13:22:09,18.1,59,0,0,1,0
13:23:09,18.1,59,0,0,1,0
13:24:09,18.1,59,0,0,1,0
13:25:09,18.1,59,0,0,1,0
13:26:09,18.1,59,0,0,1,0
13:27:09,18.1,59,0,0,1,0
13:28:09,18.1,59,0,0,1,0
13:29:09,18.1,59,0,0,1,0
13:30:09,18.1,59,0,0,1,0
13:31:09,18.1,59,0,0,1,0
13:32:09,18.1,59,0,0,1,0
13:33:09,18.1,59,0,0,1,0
13:34:09,18.2,59,0,0,1,0
13:35:09,18.2,59,0,0,1,0
13:36:09,18.1,59,0,0,1,0
13:37:09,18.1,59,0,0,1,0
13:38:09,18.1,59,0,0,1,0
13:39:09,18.1,59,0,0,1,0
13:40:09,18.1,59,0,0,1,0
13:41:09,18.1,59,0,0,1,0
13:42:09,18.1,59,0,0,1,0
13:43:09,18.1,59,0,0,1,0
13:44:09,18.1,59,0,0,1,0
13:45:09,18.1,59,0,0,1,0
13:46:09,18.2,59,0,0,1,0
13:47:09,18.2,59,0,0,1,0
13:48:09,18.2,59,0,0,1,0
13:49:09,18.2,59,0,0,1,0
13:50:09,18.2,59,0,0,1,0
13:51:09,18.1,59,0,0,1,0
13:52:09,18.2,59,0,0,1,0
13:53:09,18.2,59,0,0,1,0
13:54:09,18.2,59,0,0,1,0
13:55:09,18.2,59,0,0,1,0
13:56:09,18.2,59,0,0,1,0
13:57:09,18.2,59,0,0,1,0
13:58:09,18.2,59,0,0,1,0
13:59:09,18.2,59,0,0,1,0
14:00:10,18.2,59,0,0,1,0
14:01:09,18.2,59,0,0,1,0
14:02:09,18.2,59,0,0,1,0
14:03:09,18.2,59,0,0,1,0
14:04:09,18.2,59,0,0,1,0
14:05:09,18.2,59,0,0,1,0
14:06:09,18.2,59,0,0,1,0
14:07:09,18.2,59,0,0,1,0
14:08:09,18.2,59,0,0,1,0
14:09:09,18.2,59,0,0,1,0
14:10:09,18.2,59,0,0,1,0
14:11:09,18.2,59,0,0,1,0
14:12:09,18.2,59,0,0,1,0
14:13:09,18.2,59,0,0,1,0
14:15:09,18.3,59,0,0,1,0
14:17:09,18.3,59,0,0,1,0
14:18:10,18.3,59,0,0,1,0
14:19:10,18.3,59,0,0,1,0
14:20:10,18.3,59,0,0,1,0
14:21:10,18.3,59,0,0,1,0
14:22:10,18.3,59,0,0,1,0
14:23:10,18.3,59,0,0,1,0
14:24:10,18.2,59,0,0,1,0
14:25:10,18.3,59,0,0,1,0
14:26:10,18.3,59,0,0,1,0
14:27:10,18.2,59,0,0,1,0
14:28:10,18.3,59,0,0,1,0
14:29:10,18.3,59,0,0,1,0
14:30:10,18.2,59,0,0,1,0
14:31:10,18.2,59,0,0,1,0
14:32:10,18.2,60,0,0,1,0
14:33:10,18.3,60,0,0,1,0
14:34:10,18.3,60,0,0,1,0
14:35:10,18.3,59,0,0,1,0
14:36:10,18.3,59,0,0,1,0
14:37:10,18.3,59,0,0,1,0
14:38:10,18.3,59,0,0,1,0
14:39:10,18.3,59,0,0,1,0
14:40:10,18.3,59,0,0,1,0
14:41:10,18.3,59,0,0,1,0
14:42:10,18.3,59,0,0,1,0
14:43:10,18.3,59,0,0,1,0
14:44:11,18.3,59,0,0,1,0
14:45:11,18.3,59,0,0,1,0
14:46:11,18.2,59,0,0,1,0
14:47:11,18.3,59,0,0,1,0
14:48:11,18.3,59,0,0,1,0
14:49:11,18.3,59,0,0,1,0
14:50:11,18.3,59,0,0,1,0
14:51:11,18.3,59,0,0,1,0
14:52:11,18.3,59,0,0,1,0
14:53:11,18.3,59,0,0,1,0
14:54:11,18.4,59,0,0,1,0
14:55:11,18.4,59,0,0,1,0
14:56:11,18.4,59,0,0,1,0
14:57:11,18.3,59,0,0,1,0
14:58:11,18.3,59,0,0,1,0
14:59:11,18.3,59,0,0,1,0
15:00:12,18.3,59,0,0,1,0
15:01:12,18.3,59,0,0,1,0
15:02:12,18.4,59,0,0,1,0
15:03:12,18.3,59,0,0,1,0
15:04:12,18.3,59,0,0,1,0
15:05:12,18.3,59,0,0,1,0
15:06:12,18.3,59,0,0,1,0
15:07:12,18.4,59,0,0,1,0
15:08:12,18.3,59,0,0,1,0
15:09:12,18.3,59,0,0,1,0
15:10:12,18.3,59,0,0,1,0
15:11:12,18.3,59,0,0,1,0
15:12:12,18.4,59,0,0,1,0
15:13:13,18.4,59,0,0,1,0
15:14:12,18.4,59,0,0,1,0
15:15:12,18.4,59,0,0,1,0
15:16:12,18.4,59,0,0,1,0
15:17:12,18.4,59,0,0,1,0
15:18:12,18.4,59,0,0,1,0
15:19:15,18.4,59,0,0,1,0
15:20:12,18.4,59,0,0,1,0
15:21:12,18.4,59,0,0,1,0
15:22:12,18.4,59,0,0,1,0
15:23:12,18.4,59,0,0,1,0
15:24:12,18.4,59,0,0,1,0
15:25:12,18.4,59,0,0,1,0
15:26:12,18.4,59,0,0,1,0
15:27:12,18.4,59,0,0,1,0
15:28:12,18.4,59,0,0,1,0
15:29:12,18.4,59,0,0,1,0
15:30:12,18.4,59,0,0,1,0
15:31:13,18.4,59,0,0,1,0
15:32:12,18.4,59,0,0,1,0
15:33:12,18.4,59,0,0,1,0
15:34:12,18.4,59,0,0,1,0
15:35:12,18.4,59,0,0,1,0
15:36:12,18.4,59,0,0,1,0
15:37:12,18.4,59,0,0,1,0
15:38:12,18.4,59,0,0,1,0
15:39:12,18.4,59,0,0,1,0
15:40:12,18.4,59,0,0,1,0
15:41:12,18.4,59,0,0,1,0
15:42:13,18.4,59,0,0,1,0
15:43:13,18.4,59,0,0,1,0
15:44:13,18.4,59,0,0,1,0
15:45:13,18.4,59,0,0,1,0
15:46:14,18.4,59,0,0,1,0
15:47:13,18.4,59,0,0,1,0
15:48:13,18.5,59,0,0,1,0
15:49:13,18.5,59,0,0,1,0
15:50:13,18.4,59,0,0,1,0
15:51:13,18.4,59,0,0,1,0
15:52:13,18.4,59,0,0,1,0
15:53:13,18.4,59,0,0,1,0
15:54:13,18.4,59,0,0,1,0
15:55:13,18.4,59,0,0,1,0
15:56:13,18.4,59,0,0,1,0
15:57:13,18.4,59,0,0,1,0
15:58:14,18.4,59,0,0,1,0
15:59:13,18.4,59,0,0,1,0
16:00:13,18.4,59,0,0,1,0
16:01:13,18.4,59,0,0,1,0
16:02:13,18.4,59,0,0,1,0
16:03:13,18.4,59,0,0,1,0
16:04:13,18.4,59,0,0,1,0
16:05:13,18.4,59,0,0,1,0
16:06:13,18.4,59,0,0,1,0
16:07:13,18.4,59,0,0,1,0
16:08:13,18.4,59,0,0,1,0
16:09:14,18.4,59,0,0,1,0
16:10:13,18.3,59,0,0,1,0
16:11:13,18.3,59,0,0,1,0
16:12:13,18.3,59,0,0,1,0
16:13:13,18.4,59,0,0,1,0
16:14:13,18.4,59,0,0,1,0
16:15:13,18.4,59,0,0,1,0
16:16:13,18.4,59,0,0,1,0
16:17:13,18.4,59,0,0,1,0
16:18:13,18.4,59,0,0,1,0
16:19:13,18.4,59,0,0,1,0
16:20:13,18.4,59,0,0,1,0
16:21:13,18.4,59,0,0,1,0
16:22:13,18.4,59,0,0,1,0
16:23:13,18.4,59,0,0,1,0
16:24:13,18.3,59,0,0,1,0
16:25:13,18.4,59,0,0,1,0
16:26:13,18.4,59,0,0,1,0
16:27:13,18.7,59,0,0,1,0
16:28:13,18.7,59,0,0,1,0
16:29:13,18.6,59,0,0,1,0
16:30:13,18.6,59,0,0,1,0
16:31:13,18.5,59,0,0,1,0
16:32:13,18.5,59,0,0,1,0
16:33:14,18.6,59,0,0,1,0
16:34:14,18.6,59,0,0,1,0
16:35:14,18.5,59,0,0,1,0
16:36:14,18.5,59,0,0,1,0
16:37:14,18.5,59,0,0,1,0
16:38:14,18.4,59,0,0,1,0
16:39:14,18.4,59,0,0,1,0
16:40:14,18.4,59,0,0,1,0
16:41:14,18.4,59,0,0,1,0
16:42:14,18.4,59,0,0,1,0
16:43:14,18.4,59,0,0,1,0
16:44:14,18.4,59,0,0,1,0
16:45:14,18.4,59,0,0,1,0
16:46:14,18.4,59,0,0,1,0
16:47:14,18.4,59,0,0,1,0
16:48:14,18.4,59,0,0,1,0
16:49:14,18.4,59,0,0,1,0
16:50:14,18.4,59,0,0,1,0
16:51:15,18.3,59,0,0,1,0
16:52:14,18.4,59,0,0,1,0
16:53:14,18.3,59,0,0,1,0
16:54:14,18.3,59,0,0,1,0
16:55:14,18.4,59,0,0,1,0
16:56:14,18.4,59,0,0,1,0
16:57:14,18.4,59,0,0,1,0
16:58:15,18.4,59,0,0,1,0
16:59:14,18.4,59,0,0,1,0
17:00:14,18.4,59,0,0,1,0
17:01:14,18.4,59,0,0,1,0
17:02:15,18.4,59,0,0,1,0
17:03:14,18.4,59,0,0,1,0
17:04:14,18.4,59,0,0,1,0
17:05:14,18.3,59,0,0,1,0
17:06:14,18.4,59,0,0,1,0
17:07:14,18.3,59,0,0,1,0
17:08:14,18.4,59,0,0,1,0
17:09:14,18.3,59,0,0,1,0
17:10:14,18.3,59,0,0,1,0
17:11:14,18.3,59,0,0,1,0
17:12:14,18.3,59,0,0,1,0
17:13:14,18.4,59,0,0,1,0
17:14:15,18.4,59,0,0,1,0
17:15:14,18.4,59,0,0,1,0
17:16:14,18.4,59,0,0,1,0
17:17:14,18.4,59,0,0,1,0
17:18:14,18.3,59,0,0,1,0
17:19:14,18.4,59,0,0,1,0
17:20:14,18.4,59,0,0,1,0
17:21:14,18.4,59,0,0,1,0
17:22:14,18.3,59,0,0,1,0
17:23:14,18.4,59,0,0,1,0
17:24:16,18.4,59,0,0,1,0
17:25:15,18.3,59,0,0,1,0
17:26:14,18.4,59,0,0,1,0
17:27:14,18.3,59,0,0,1,0
17:28:14,18.3,59,0,0,1,0
17:29:14,18.4,59,0,0,1,0
17:30:14,18.4,59,0,0,1,0
17:31:15,18.3,59,0,0,1,0
17:32:14,18.3,59,0,0,1,0
17:33:14,18.3,59,0,0,1,0
17:34:14,18.3,59,0,0,1,0
17:35:15,18.3,59,0,0,1,0
17:36:15,18.4,59,0,0,1,0
17:37:15,18.3,59,0,0,1,0
17:38:15,18.3,59,0,0,1,0
17:39:18,18.3,59,0,0,1,0
17:40:15,18.3,59,0,0,1,0
17:41:15,18.3,59,0,0,1,0
17:42:16,18.3,59,0,0,1,0
17:43:15,18.3,59,0,0,1,0
17:44:15,18.3,59,0,0,1,0
17:45:15,18.3,59,0,0,1,0
17:46:15,18.3,59,0,0,1,0
17:47:15,18.3,59,0,0,1,0
17:48:15,18.3,59,0,0,1,0
17:49:15,18.3,59,0,0,1,0
17:51:15,18.3,59,0,0,1,0
17:52:15,18.3,59,0,0,1,0
17:53:15,18.3,59,0,0,1,0
17:54:15,18.3,59,0,0,1,0
17:55:15,18.3,59,0,0,1,0
17:56:15,18.3,59,0,0,1,0
17:57:15,18.3,59,0,0,1,0
17:58:15,18.3,59,0,0,1,0
17:59:15,18.3,59,0,0,1,0
18:00:15,18.3,59,0,0,1,0
18:01:15,18.3,59,0,0,1,0
18:02:15,18.3,59,0,0,1,0
18:03:15,18.3,59,0,0,1,0
18:04:15,18.3,59,0,0,1,0
18:05:15,18.3,59,0,0,1,0
18:06:15,18.2,59,0,0,1,0
18:07:15,18.2,59,0,0,1,0
18:08:15,18.2,59,0,0,1,0
18:09:15,18.2,59,0,0,1,0
18:10:15,18.2,58,0,0,1,0
18:11:15,18.2,59,0,0,1,0
18:12:15,18.2,59,0,0,1,0
18:13:15,18.2,59,0,0,1,0
18:14:15,18.2,59,0,0,1,0
18:15:15,18.2,59,0,0,1,0
18:16:15,18.2,59,0,0,1,0
18:17:15,18.2,59,0,0,1,0
18:18:15,18.2,59,0,0,1,0
18:19:15,18.2,59,0,0,1,0
18:20:15,18.2,59,0,0,1,0
18:21:15,18.2,59,0,0,1,0
18:22:15,18.2,59,0,0,1,0
18:23:15,18.2,58,0,0,1,0
18:24:15,18.2,59,0,0,1,0
18:25:16,18.2,58,0,0,1,0
18:26:15,18.2,59,0,0,1,0
18:27:15,18.1,59,0,0,1,0
18:28:15,18.2,58,0,0,1,0
18:29:15,18.2,58,0,0,1,0
18:30:15,18.1,58,0,0,1,0
18:31:15,18.1,58,0,0,1,0
18:32:15,18.1,58,0,0,1,0
18:33:15,18.1,58,0,0,1,0
18:34:15,18.2,58,0,0,1,0
18:35:16,18.2,58,0,0,1,0
18:36:15,18.2,58,0,0,1,0
18:37:15,18.1,58,0,0,1,0
18:38:15,18.1,58,0,0,1,0
18:39:15,18.1,58,0,0,1,0
18:40:16,18.1,59,0,0,1,0
18:41:15,18.1,59,0,0,1,0
18:42:15,18.1,59,0,0,1,0
18:43:15,18.1,59,0,0,1,0
18:44:15,18.1,59,0,0,1,0
18:45:15,18.1,59,0,0,1,0
18:46:15,18.1,59,0,0,1,0
18:47:15,18.1,59,0,0,1,0
18:48:15,18.2,59,0,0,1,0
18:49:15,18.2,59,0,0,1,0
18:50:15,18.1,59,0,0,1,0
18:51:15,18.1,59,0,0,1,0
18:52:15,18.1,59,0,0,1,0
18:53:15,18.1,59,0,0,1,0
18:54:15,18.1,59,0,0,1,0
18:55:17,18.1,59,0,0,1,0
18:56:15,18.2,59,0,0,1,0
18:57:16,18.1,59,0,0,1,0
18:58:15,18.1,59,0,0,1,0
18:59:15,18.1,59,0,0,1,0
19:00:15,18.1,59,0,0,1,0
19:01:15,18.2,59,0,0,1,0
19:02:15,18.1,59,0,0,1,0
19:03:16,18.2,59,0,0,1,0
19:04:15,18.2,59,0,0,1,0
19:05:15,18.2,59,0,0,1,0
19:06:16,18.2,59,0,0,1,0
19:07:16,18.1,59,0,0,1,0
19:08:16,18.1,59,0,0,1,0
19:10:16,18.1,59,0,0,1,0
19:11:16,18.2,59,0,0,1,0
19:12:16,18.1,59,0,0,1,0
19:13:16,18.2,59,0,0,1,0
19:14:16,18.1,59,0,0,1,0
19:15:16,18.1,59,0,0,1,0
19:16:16,18.1,59,0,0,1,0
19:17:16,18.1,59,0,0,1,0
19:18:16,18.1,59,0,0,1,0
19:19:16,18.1,59,0,0,1,0
19:20:16,18.3,59,0,0,1,0
19:21:16,18.8,63,0,0,1,0
19:22:16,19.3,67,0,0,1,0
19:23:16,19.6,69,0,0,1,0
19:24:16,19.7,67,0,0,1,0
19:25:16,19.6,66,0,0,1,0
19:26:16,19.4,65,0,0,1,0
19:28:17,19.1,63,0,0,1,0
19:29:18,18.9,62,0,0,1,0
19:30:17,18.8,62,0,0,1,0
19:32:17,18.7,61,0,0,1,0
19:33:16,18.6,61,0,0,1,0
19:34:16,18.6,60,0,0,1,0
19:35:19,18.6,60,0,0,1,0
19:37:17,18.5,60,0,0,1,0
19:38:17,18.5,60,0,0,1,0
19:39:16,18.5,60,0,0,1,0
19:40:20,18.4,60,0,0,1,0
19:41:17,18.4,59,0,0,1,0
19:42:16,18.4,59,0,0,1,0
19:44:19,18.4,59,0,0,1,0
19:45:16,18.3,59,0,0,1,0
19:46:17,18.3,59,0,0,1,0
19:47:16,18.3,59,0,0,1,0
19:48:16,18.3,59,0,0,1,0
19:49:16,18.3,59,0,0,1,0
19:50:16,18.2,59,0,0,1,0
19:51:16,18.2,59,0,0,1,0
19:52:16,18.2,59,0,0,1,0
19:53:17,18.2,59,0,0,1,0
19:54:19,18.2,59,0,0,1,0
19:55:16,18.2,59,0,0,1,0
19:56:16,18.1,59,0,0,1,0
19:58:17,18.2,59,0,0,1,0
19:59:16,18.2,59,0,0,1,0
20:00:17,18.2,59,0,0,1,0
20:01:16,18.1,60,0,0,1,0
20:02:16,18.2,59,0,0,1,0
20:03:16,18.1,59,0,0,1,0
20:04:16,18.2,59,0,0,1,0
20:05:16,18.1,59,0,0,1,0
20:06:16,18.1,59,0,0,1,0
20:07:16,18.1,59,0,0,1,0
20:08:16,18.1,59,0,0,1,0
20:09:16,18.1,59,0,0,1,0
20:10:17,18.1,59,0,0,1,0
20:11:16,18.1,59,0,0,1,0
20:12:16,18.1,59,0,0,1,0
20:13:17,18.1,59,0,0,1,0
20:14:17,18.1,59,0,0,1,0
20:15:17,18.1,59,0,0,1,0
20:16:17,18.1,59,0,0,1,0
20:17:17,18.1,59,0,0,1,0
20:18:17,18.1,59,0,0,1,0
20:19:17,18.1,59,0,0,1,0
20:20:17,18.1,59,0,0,1,0
20:21:17,18.2,59,0,0,1,0
20:22:17,18.1,59,0,0,1,0
20:23:17,18.1,59,0,0,1,0
20:24:21,18.1,60,0,0,1,0
20:25:21,18.1,60,0,0,1,0
20:26:18,18.1,60,0,0,1,0
20:27:18,18.1,60,0,0,1,0
20:28:17,18.1,59,0,0,1,0
20:29:18,18.1,59,0,0,1,0
20:30:18,18.1,59,0,0,1,0
20:31:19,18.1,59,0,0,1,0
20:32:18,18.1,59,0,0,1,0
20:33:17,18.1,59,0,0,1,0
20:34:17,18.1,59,0,0,1,0
20:35:18,18.1,59,0,0,1,0
20:36:17,18.1,59,0,0,1,0
20:37:17,18.1,59,0,0,1,0
20:38:17,18.1,59,0,0,1,0
20:39:20,18.1,59,0,0,1,0
20:40:18,18.1,59,0,0,1,0
20:41:17,18.1,59,0,0,1,0
20:42:17,18,59,0,0,1,0
20:44:20,18,59,0,0,1,0
20:45:18,18.1,59,0,0,1,0
20:46:20,18.1,59,0,0,1,0
20:47:18,18.1,59,0,0,1,0
20:48:18,18.1,59,0,0,1,0
20:49:19,18,59,0,0,1,0
20:50:18,18,59,0,0,1,0
20:51:18,18,58,0,0,1,0
20:52:19,18,59,0,0,1,0
20:53:18,18,59,0,0,1,0
20:54:18,18,59,0,0,1,0
20:55:18,18,59,0,0,1,0
20:56:18,18,59,0,0,1,0
20:57:18,18,59,0,0,1,0
20:58:20,17.9,59,0,0,1,0
20:59:19,17.9,59,0,0,1,0
21:00:18,17.9,59,0,0,1,0
21:01:21,18,59,0,0,1,0
21:02:18,18,59,0,0,1,0
21:04:18,17.9,59,0,0,1,0
21:05:23,18,59,0,0,1,0
21:06:18,18,59,0,0,1,0
21:07:18,18,59,0,0,1,0
21:08:18,18,59,0,0,1,0
21:09:22,17.9,59,0,0,1,0
21:10:18,18,59,0,0,1,0
21:11:18,18,59,0,0,1,0
21:12:18,18,59,0,0,1,0
21:13:19,18,59,0,0,1,0
21:15:18,18,59,0,0,1,0
21:16:18,18,59,0,0,1,0
21:17:18,18,59,0,0,1,0
21:18:18,18,59,0,0,1,0
21:19:18,18,59,0,0,1,0
21:20:18,18,59,0,0,1,0
21:21:18,18,59,0,0,1,0
21:22:18,18,59,0,0,1,0
21:23:18,17.9,59,0,0,1,0
21:24:18,17.9,59,0,0,1,0
21:25:18,17.9,59,0,0,1,0
21:26:18,17.9,59,0,0,1,0
21:27:18,17.9,59,0,0,1,0
21:28:18,17.9,59,0,0,1,0
21:29:18,17.9,59,0,0,1,0
21:30:18,17.9,59,0,0,1,0
21:31:18,18,59,0,0,1,0
21:32:18,18,59,0,0,1,0
21:33:18,17.9,59,0,0,1,0
21:34:18,17.9,59,0,0,1,0
21:35:18,17.9,59,0,0,1,0
21:36:18,17.9,59,0,0,1,0
21:37:18,17.9,59,0,0,1,0
21:38:18,17.9,59,0,0,1,0
21:39:18,17.9,59,0,0,1,0
21:40:18,17.9,59,0,0,1,0
21:41:18,17.9,59,0,0,1,0
21:42:18,17.9,59,0,0,1,0
21:43:18,17.9,59,0,0,1,0
21:44:18,17.9,59,0,0,1,0
21:45:18,17.9,59,0,0,1,0
21:46:18,17.9,59,0,0,1,0
21:47:18,17.9,59,0,0,1,0
21:48:18,17.9,59,0,0,1,0
21:49:18,18,59,0,0,1,0
21:50:18,18,59,0,0,1,0
21:51:18,17.9,59,0,0,1,0
21:52:18,17.9,59,0,0,1,0
21:53:18,17.9,59,0,0,1,0
21:54:18,17.9,59,0,0,1,0
21:55:19,17.9,59,0,0,1,0
21:56:18,17.9,59,0,0,1,0
21:57:18,17.9,59,0,0,1,0
21:58:18,17.9,59,0,0,1,0
21:59:18,17.9,59,0,0,1,0
22:00:18,17.9,59,0,0,1,0
22:01:19,17.9,59,0,0,1,0
22:02:19,17.9,59,0,0,1,0
22:03:19,17.9,59,0,0,1,0
22:04:19,17.9,59,0,0,1,0
22:05:19,17.9,59,0,0,1,0
22:06:19,17.9,59,0,0,1,0
22:07:20,17.9,59,0,0,1,0
22:08:19,17.8,59,0,0,1,0
22:09:19,17.8,59,0,0,1,0
22:10:19,17.8,59,0,0,1,0
22:11:19,17.8,59,0,0,1,0
22:12:19,17.8,59,0,0,1,0
22:13:19,17.8,59,0,0,1,0
22:14:19,17.8,59,0,0,1,0
22:15:19,17.8,59,0,0,1,0
22:16:19,17.8,59,0,0,1,0
22:17:19,17.8,59,0,0,1,0
22:18:19,17.8,59,0,0,1,0
22:19:19,17.8,59,0,0,1,0
22:20:19,17.9,59,0,0,1,0
22:21:19,17.9,59,0,0,1,0
22:22:19,17.8,59,0,0,1,0
22:23:19,17.9,59,0,0,1,0
22:24:19,17.8,59,0,0,1,0
22:25:19,17.8,59,0,0,1,0
22:26:19,17.8,59,0,0,1,0
22:27:19,17.8,60,0,0,1,0
22:28:19,17.8,60,0,0,1,0
22:29:19,17.8,60,0,0,1,0
22:30:19,17.9,59,0,0,1,0
22:31:19,17.9,59,0,0,1,0
22:32:19,17.9,59,0,0,1,0
22:33:19,17.9,59,0,0,1,0
22:34:19,17.9,59,0,0,1,0
22:35:19,17.8,59,0,0,1,0
22:36:19,17.8,59,0,0,1,0
22:37:19,17.8,59,0,0,1,0
22:38:19,17.8,59,0,0,1,0
22:39:19,17.8,59,0,0,1,0
22:40:20,17.8,59,0,0,1,0
22:41:19,17.9,59,0,0,1,0
22:42:19,17.8,59,0,0,1,0
22:43:19,17.8,59,0,0,1,0
22:44:19,17.8,59,0,0,1,0
22:45:19,17.8,59,0,0,1,0
22:46:19,17.8,59,0,0,1,0
22:47:19,17.8,59,0,0,1,0
22:48:19,17.8,59,0,0,1,0
22:49:19,17.7,59,0,0,1,0
22:50:19,17.7,59,0,0,1,0
22:51:19,17.8,59,0,0,1,0
22:52:19,17.7,59,0,0,1,0
22:53:19,17.8,59,0,0,1,0
22:54:19,17.7,59,0,0,1,0
22:55:19,17.7,59,0,0,1,0
22:56:19,17.7,59,0,0,1,0
22:57:19,17.8,59,0,0,1,0
22:58:19,17.7,59,0,0,1,0
22:59:19,17.8,59,0,0,1,0
23:00:19,17.8,59,0,0,1,0
23:01:19,17.7,59,0,0,1,0
23:02:20,17.7,59,0,0,1,0
23:03:20,17.7,59,0,0,1,0
23:04:20,17.7,59,0,0,1,0
23:05:21,17.7,59,0,0,1,0
23:06:20,17.7,59,0,0,1,0
23:07:20,17.7,59,0,0,1,0
23:08:20,17.7,59,0,0,1,0
23:09:20,17.7,59,0,0,1,0
23:10:20,17.7,59,0,0,1,0
23:11:20,17.7,59,0,0,1,0
23:12:20,17.7,59,0,0,1,0
23:13:20,17.7,59,0,0,1,0
23:14:20,17.7,59,0,0,1,0
23:15:20,17.7,59,0,0,1,0
23:16:20,17.7,59,0,0,1,0
23:17:21,17.7,59,0,0,1,0
23:18:20,17.7,59,0,0,1,0
23:19:20,17.7,59,0,0,1,0
23:20:20,17.6,59,0,0,1,0
23:21:20,17.6,59,0,0,1,0
23:22:20,17.7,59,0,0,1,0
23:23:20,17.7,59,0,0,1,0
23:24:20,17.7,59,0,0,1,0
23:25:20,17.7,59,0,0,1,0
23:26:20,17.7,59,0,0,1,0
23:27:20,17.7,59,0,0,1,0
23:28:20,17.7,59,0,0,1,0
23:29:21,17.7,59,0,0,1,0
23:30:20,17.6,59,0,0,1,0
23:31:20,17.6,59,0,0,1,0
23:32:20,17.7,59,0,0,1,0
23:33:20,17.7,59,0,0,1,0
23:34:20,17.7,59,0,0,1,0
23:35:20,17.7,59,0,0,1,0
23:36:20,17.7,59,0,0,1,0
23:37:20,17.7,59,0,0,1,0
23:38:20,17.7,59,0,0,1,0
23:39:20,17.7,59,0,0,1,0
23:40:20,17.7,59,0,0,1,0
23:41:20,17.7,59,0,0,1,0
23:42:20,17.6,59,0,0,1,0
23:43:20,17.7,59,0,0,1,0
23:44:20,17.6,59,0,0,1,0
23:45:20,17.6,59,0,0,1,0
23:46:21,17.7,59,0,0,1,0
23:47:21,17.6,59,0,0,1,0
23:48:21,17.6,59,0,0,1,0
23:49:21,17.7,59,0,0,1,0
23:50:21,17.6,59,0,0,1,0
23:51:21,17.7,59,0,0,1,0
23:52:21,17.7,59,0,0,1,0
23:53:21,17.7,59,0,0,1,0
23:54:21,17.6,59,0,0,1,0
23:55:21,17.6,59,0,0,1,0
23:56:21,17.6,59,0,0,1,0
23:57:21,17.6,59,0,0,1,0
23:58:21,17.6,59,0,0,1,0
23:59:21,17.6,59,0,0,1,0
00:00:21,17.6,59,0,0,1,0
00:01:21,17.7,59,0,0,1,0
00:02:21,17.6,59,0,0,1,0
00:03:21,17.6,59,0,0,1,0
00:04:21,17.7,59,0,0,1,0
00:05:21,17.6,59,0,0,1,0
00:06:21,17.7,59,0,0,1,0
00:07:21,17.6,59,0,0,1,0
00:08:22,17.6,59,0,0,1,0
00:09:21,17.6,59,0,0,1,0
00:10:21,17.6,59,0,0,1,0
00:11:21,17.6,59,0,0,1,0
00:12:21,17.6,59,0,0,1,0
00:13:21,17.6,59,0,0,1,0
00:14:21,17.5,59,0,0,1,0
00:15:21,17.5,59,0,0,1,0
00:16:21,17.5,59,0,0,1,0
00:17:21,17.5,59,0,0,1,0
00:18:21,17.5,59,0,0,1,0
00:19:21,17.6,59,0,0,1,0
00:20:21,17.6,59,0,0,1,0
00:21:21,17.6,59,0,0,1,0
00:22:21,17.6,59,0,0,1,0
00:23:21,17.5,59,0,0,1,0
00:24:21,17.5,59,0,0,1,0
00:25:21,17.5,59,0,0,1,0
00:26:21,17.6,59,0,0,1,0
00:27:21,17.5,59,0,0,1,0
00:28:21,17.5,59,0,0,1,0
00:29:21,17.5,59,0,0,1,0
00:30:21,17.5,59,0,0,1,0
00:31:21,17.5,59,0,0,1,0
00:32:21,17.5,59,0,0,1,0
00:33:21,17.5,59,0,0,1,0
00:34:21,17.6,59,0,0,1,0
00:35:21,17.6,59,0,0,1,0
00:36:21,17.6,59,0,0,1,0
00:37:21,17.5,59,0,0,1,0
00:38:21,17.5,59,0,0,1,0
00:39:22,17.5,59,0,0,1,0
00:40:21,17.6,59,0,0,1,0
00:41:21,17.5,59,0,0,1,0
00:42:21,17.6,59,0,0,1,0
00:43:21,17.6,59,0,0,1,0
00:44:21,17.6,59,0,0,1,0
00:45:21,17.6,59,0,0,1,0
00:46:21,17.5,59,0,0,1,0
00:47:21,17.6,59,0,0,1,0
00:48:21,17.5,59,0,0,1,0
00:49:21,17.6,59,0,0,1,0
00:50:21,17.5,59,0,0,1,0
00:51:21,17.6,59,0,0,1,0
00:52:21,17.5,59,0,0,1,0
00:53:21,17.5,59,0,0,1,0
00:54:21,17.5,59,0,0,1,0
00:55:21,17.5,59,0,0,1,0
00:56:21,17.5,59,0,0,1,0
00:57:21,17.5,59,0,0,1,0
00:58:21,17.5,59,0,0,1,0
00:59:21,17.5,59,0,0,1,0
01:00:21,17.4,59,0,0,1,0
01:01:21,17.5,59,0,0,1,0
01:02:21,17.5,59,0,0,1,0
01:03:21,17.5,59,0,0,1,0
01:04:21,17.5,59,0,0,1,0
01:05:21,17.5,59,0,0,1,0
01:06:21,17.5,59,0,0,1,0
01:07:21,17.5,59,0,0,1,0
01:08:22,17.5,59,0,0,1,0
01:09:22,17.5,59,0,0,1,0
01:10:21,17.5,59,0,0,1,0
01:11:21,17.5,59,0,0,1,0
01:12:21,17.5,59,0,0,1,0
01:13:21,17.5,59,0,0,1,0
01:14:21,17.5,59,0,0,1,0
01:15:21,17.5,59,0,0,1,0
01:16:21,17.5,59,0,0,1,0
01:17:22,17.5,59,0,0,1,0
01:18:22,17.5,59,0,0,1,0
01:19:22,17.5,59,0,0,1,0
01:20:22,17.5,59,0,0,1,0
01:21:22,17.5,59,0,0,1,0
01:22:22,17.5,59,0,0,1,0
01:23:23,17.5,59,0,0,1,0
01:24:22,17.5,59,0,0,1,0
01:25:22,17.4,59,0,0,1,0
01:26:22,17.5,59,0,0,1,0
01:27:22,17.5,59,0,0,1,0
01:28:22,17.5,59,0,0,1,0
01:29:22,17.5,59,0,0,1,0
01:30:22,17.4,59,0,0,1,0
01:31:22,17.5,59,0,0,1,0
01:32:22,17.4,59,0,0,1,0
01:33:22,17.5,59,0,0,1,0
01:34:22,17.4,59,0,0,1,0
01:35:22,17.5,59,0,0,1,0
01:36:22,17.5,59,0,0,1,0
01:37:22,17.5,59,0,0,1,0
01:38:22,17.5,59,0,0,1,0
01:39:22,17.5,59,0,0,1,0
01:40:22,17.5,59,0,0,1,0
01:41:22,17.5,59,0,0,1,0
01:42:22,17.5,59,0,0,1,0
01:43:22,17.5,59,0,0,1,0
01:44:22,17.4,59,0,0,1,0
01:45:22,17.4,59,0,0,1,0
01:46:22,17.4,59,0,0,1,0
01:47:22,17.5,59,0,0,1,0
01:48:22,17.5,58,0,0,1,0
01:49:22,17.4,58,0,0,1,0
01:50:22,17.4,58,0,0,1,0
01:51:22,17.4,59,0,0,1,0
01:52:22,17.4,59,0,0,1,0
01:53:22,17.4,59,0,0,1,0
01:54:22,17.4,59,0,0,1,0
01:55:22,17.4,59,0,0,1,0
01:56:22,17.5,59,0,0,1,0
01:57:22,17.5,59,0,0,1,0
01:58:22,17.5,59,0,0,1,0
01:59:22,17.5,59,0,0,1,0
02:00:22,17.5,59,0,0,1,0
02:01:22,17.4,59,0,0,1,0
02:02:22,17.5,59,0,0,1,0
02:03:22,17.5,59,0,0,1,0
02:04:22,17.5,59,0,0,1,0
02:05:22,17.5,59,0,0,1,0
02:06:22,17.5,59,0,0,1,0
02:07:22,17.4,59,0,0,1,0
02:08:22,17.5,59,0,0,1,0
02:09:22,17.5,59,0,0,1,0
02:10:22,17.5,59,0,0,1,0
02:11:22,17.5,59,0,0,1,0
02:12:22,17.4,59,0,0,1,0
02:13:22,17.4,59,0,0,1,0
02:14:22,17.4,59,0,0,1,0
02:15:22,17.4,59,0,0,1,0
02:16:22,17.5,59,0,0,1,0
02:17:22,17.4,59,0,0,1,0
02:18:22,17.4,59,0,0,1,0
02:19:22,17.5,59,0,0,1,0
02:20:22,17.5,59,0,0,1,0
02:21:22,17.5,59,0,0,1,0
02:22:22,17.5,59,0,0,1,0
02:23:22,17.4,59,0,0,1,0
02:24:22,17.4,59,0,0,1,0
02:25:22,17.4,58,0,0,1,0
02:26:22,17.4,58,0,0,1,0
02:27:22,17.4,59,0,0,1,0
02:28:22,17.4,59,0,0,1,0
02:29:22,17.4,59,0,0,1,0
02:30:22,17.4,59,0,0,1,0
02:31:22,17.4,59,0,0,1,0
02:32:22,17.4,59,0,0,1,0
02:33:22,17.4,59,0,0,1,0
02:34:22,17.4,59,0,0,1,0
02:35:22,17.4,59,0,0,1,0
02:36:22,17.4,59,0,0,1,0
02:37:22,17.4,59,0,0,1,0
02:38:22,17.4,59,0,0,1,0
02:39:22,17.4,59,0,0,1,0
02:40:22,17.3,59,0,0,1,0
02:41:22,17.4,59,0,0,1,0
02:42:22,17.4,59,0,0,1,0
02:43:22,17.4,59,0,0,1,0
02:44:22,17.4,59,0,0,1,0
02:45:22,17.4,59,0,0,1,0
02:46:22,17.4,59,0,0,1,0
02:47:22,17.4,59,0,0,1,0
02:48:23,17.4,59,0,0,1,0
02:49:23,17.4,59,0,0,1,0
02:50:23,17.4,59,0,0,1,0
02:51:23,17.9,61,0,0,1,0
02:52:23,18.4,65,0,0,1,0
02:53:23,18.8,68,0,0,1,0
02:54:23,19.1,68,0,0,1,0
02:55:23,18.9,66,0,0,1,0
02:56:23,18.7,65,0,0,1,0
02:57:23,18.6,64,0,0,1,0
02:58:23,18.4,63,0,0,1,0
02:59:24,18.3,62,0,0,1,0
03:00:23,18.2,61,0,0,1,0
03:01:23,18.1,61,0,0,1,0
03:02:24,18,60,0,0,1,0
03:03:23,18,60,0,0,1,0
03:04:23,17.9,60,0,0,1,0
03:05:23,17.9,60,0,0,1,0
03:06:23,17.9,59,0,0,1,0
03:07:23,17.8,59,0,0,1,0
03:08:23,17.8,60,0,0,1,0
03:09:23,17.8,59,0,0,1,0
03:10:23,17.8,59,0,0,1,0
03:11:23,17.7,59,0,0,1,0
03:12:24,17.7,59,0,0,1,0
03:13:24,17.7,59,0,0,1,0
03:14:23,17.7,59,0,0,1,0
03:15:23,17.7,59,0,0,1,0
03:16:23,17.7,59,0,0,1,0
03:17:23,17.6,59,0,0,1,0
03:19:23,17.6,59,0,0,1,0
03:20:23,17.6,58,0,0,1,0
03:21:23,17.6,59,0,0,1,0
03:22:23,17.6,59,0,0,1,0
03:23:23,17.7,58,0,0,1,0
03:24:23,17.6,58,0,0,1,0
03:25:23,17.6,58,0,0,1,0
03:26:23,17.6,58,0,0,1,0
03:27:23,17.5,58,0,0,1,0
03:28:23,17.5,59,0,0,1,0
03:29:23,17.6,59,0,0,1,0
03:30:23,17.5,59,0,0,1,0
03:31:23,17.5,59,0,0,1,0
03:32:23,17.5,59,0,0,1,0
03:33:23,17.5,59,0,0,1,0
03:34:23,17.5,59,0,0,1,0
03:35:23,17.5,59,0,0,1,0
03:36:23,17.5,59,0,0,1,0
03:37:23,17.5,59,0,0,1,0
03:38:27,17.5,58,0,0,1,0
03:39:23,17.5,58,0,0,1,0
03:40:23,17.5,58,0,0,1,0
03:41:23,17.5,58,0,0,1,0
03:42:23,17.5,58,0,0,1,0
03:43:23,17.5,58,0,0,1,0
03:44:24,17.5,58,0,0,1,0
03:45:27,17.5,58,0,0,1,0
03:49:27,17.4,58,0,0,1,0
03:50:23,17.4,58,0,0,1,0
03:51:23,17.4,58,0,0,1,0
03:52:23,17.4,58,0,0,1,0
03:53:23,17.4,58,0,0,1,0
03:54:23,17.4,58,0,0,1,0
03:55:23,17.4,58,0,0,1,0
03:56:23,17.3,58,0,0,1,0
03:57:24,17.3,58,0,0,1,0
03:58:24,17.3,58,0,0,1,0
03:59:24,17.3,58,0,0,1,0
04:00:24,17.4,59,0,0,1,0
04:01:24,17.4,58,0,0,1,0
04:02:24,17.4,59,0,0,1,0
04:03:24,17.4,58,0,0,1,0
04:04:24,17.4,58,0,0,1,0
04:05:24,17.4,58,0,0,1,0
04:06:24,17.4,58,0,0,1,0
04:07:24,17.4,58,0,0,1,0
04:08:24,17.4,58,0,0,1,0
04:09:24,17.4,58,0,0,1,0
04:10:24,17.4,58,0,0,1,0
04:11:24,17.4,58,0,0,1,0
04:12:24,17.4,58,0,0,1,0
04:13:24,17.4,58,0,0,1,0
04:14:24,17.4,58,0,0,1,0
04:15:24,17.3,58,0,0,1,0
04:16:24,17.3,58,0,0,1,0
04:17:24,17.3,58,0,0,1,0
04:18:24,17.3,58,0,0,1,0
04:19:24,17.3,58,0,0,1,0
04:20:24,17.3,58,0,0,1,0
04:21:24,17.3,58,0,0,1,0
04:22:24,17.3,58,0,0,1,0
04:23:24,17.3,58,0,0,1,0
04:24:24,17.3,58,0,0,1,0
04:25:24,17.3,58,0,0,1,0
04:26:24,17.3,58,0,0,1,0
04:27:24,17.3,58,0,0,1,0
04:28:24,17.3,58,0,0,1,0
04:29:24,17.3,58,0,0,1,0
04:30:24,17.2,58,0,0,1,0
04:31:24,17.2,58,0,0,1,0
04:32:24,17.3,58,0,0,1,0
04:33:24,17.2,58,0,0,1,0
04:34:24,17.3,58,0,0,1,0
04:35:24,17.2,58,0,0,1,0
04:36:24,17.2,58,0,0,1,0
04:37:25,17.2,58,0,0,1,0
04:38:25,17.2,58,0,0,1,0
04:39:25,17.2,58,0,0,1,0
04:40:25,17.2,58,0,0,1,0
04:41:25,17.2,58,0,0,1,0
04:42:25,17.2,58,0,0,1,0
04:43:25,17.2,58,0,0,1,0
04:44:25,17.1,58,0,0,1,0
04:45:25,17.2,58,0,0,1,0
04:46:25,17.1,58,0,0,1,0
04:47:25,17.2,58,0,0,1,0
04:48:25,17.1,58,0,0,1,0
04:49:25,17.1,58,0,0,1,0
04:50:25,17.1,58,0,0,1,0
04:51:25,17.2,58,0,0,1,0
04:52:25,17.2,58,0,0,1,0
04:53:25,17.1,58,0,0,1,0
04:54:25,17.1,58,0,0,1,0
04:55:26,17.2,58,0,0,1,0
04:56:26,17.4,62,0,0,1,0
04:57:26,17.9,66,0,0,1,0
04:58:26,18.4,69,0,0,1,0
04:59:26,18.8,71,0,0,1,1
05:00:26,18.9,70,0,0,1,0
05:01:26,18.8,67,0,0,1,0
05:02:26,18.6,66,0,0,1,0
05:03:26,18.4,64,0,0,1,0
05:04:26,18.3,63,0,0,1,0
05:05:26,18.1,63,0,0,1,0
05:06:26,18.1,62,0,0,1,0
05:07:26,18,61,0,0,1,0
05:08:26,17.9,61,0,0,1,0
05:09:26,17.8,60,0,0,1,0
05:10:26,17.7,60,0,0,1,0
05:11:26,17.7,60,0,0,1,0
05:12:26,17.7,60,0,0,1,0
05:13:26,17.7,60,0,0,1,0
05:14:26,17.7,59,0,0,1,0
05:15:26,17.6,59,0,0,1,0
05:16:26,17.5,59,0,0,1,0
05:17:26,17.5,59,0,0,1,0
05:18:26,17.5,59,0,0,1,0
05:19:26,17.5,59,0,0,1,0
05:20:26,17.5,59,0,0,1,0
05:21:26,17.5,59,0,0,1,0
05:22:26,17.4,59,0,0,1,0
05:23:26,17.5,59,0,0,1,0
05:24:26,17.4,58,0,0,1,0
05:25:26,17.4,58,0,0,1,0
05:26:26,17.4,58,0,0,1,0
05:27:26,17.4,58,0,0,1,0
05:28:26,17.3,58,0,0,1,0
05:29:26,17.4,58,0,0,1,0
05:30:26,17.4,58,0,0,1,0
05:31:26,17.4,58,0,0,1,0
05:32:26,17.4,58,0,0,1,0
05:33:26,17.3,58,0,0,1,0
05:34:26,17.3,58,0,0,1,0
05:35:26,17.3,58,0,0,1,0
05:36:26,17.2,58,0,0,1,0
05:37:26,17.2,58,0,0,1,0
05:38:26,17.2,59,0,0,1,0
05:39:26,17.2,59,0,0,1,0
05:40:26,17.3,59,0,0,1,0
05:41:26,17.2,59,0,0,1,0
05:42:26,17.3,58,0,0,1,0
05:43:26,17.2,58,0,0,1,0
05:44:26,17.2,58,0,0,1,0
05:45:26,17.2,58,0,0,1,0
05:46:26,17.2,58,0,0,1,0
05:47:27,17.2,58,0,0,1,0
05:48:27,17.3,58,0,0,1,0
05:49:27,17.3,58,0,0,1,0
05:50:27,17.3,58,0,0,1,0
05:51:27,17.3,58,0,0,1,0
05:52:27,17.3,58,0,0,1,0
05:53:27,17.2,58,0,0,1,0
05:54:27,17.2,58,0,0,1,0
05:55:27,17.2,58,0,0,1,0
05:56:27,17.2,58,0,0,1,0
05:57:27,17.2,58,0,0,1,0
05:58:27,17.1,58,0,0,1,0
05:59:27,17.2,58,0,0,1,0
06:00:28,17.2,58,0,0,1,0
06:01:27,17.2,58,0,0,1,0
06:02:27,17.2,58,0,0,1,0
06:03:27,17.2,59,0,0,1,0
06:04:27,17.2,58,0,0,1,0
06:05:27,17.2,58,0,0,1,0
06:06:27,17.2,58,0,0,1,0
06:07:27,17.2,58,0,0,1,0
06:08:27,17.2,58,0,0,1,0
06:09:27,17.1,58,0,0,1,0
06:10:27,17.1,58,0,0,1,0
06:11:27,17.1,58,0,0,1,0
06:12:27,17.1,58,0,0,1,0
06:13:27,17.1,58,0,0,1,0
06:14:27,17.1,58,0,0,1,0
06:15:27,17.1,58,0,0,1,0
06:16:27,17.1,58,0,0,1,0
06:17:27,17.1,58,0,0,1,0
06:18:27,17.1,58,0,0,1,0
06:19:27,17.1,58,0,0,1,0
06:20:27,17.2,61,0,0,1,0
06:21:27,17.7,66,0,0,1,0
06:22:27,18.2,69,0,0,1,0
06:23:27,18.6,71,0,0,1,1
06:24:27,18.8,69,0,0,1,0
06:25:27,18.7,67,0,0,1,0
06:26:27,18.5,65,0,0,1,0
06:28:27,18.1,63,0,0,1,0
06:29:27,18,62,0,0,1,0
06:32:27,17.8,60,0,0,1,0
06:33:27,17.7,60,0,0,1,0
06:34:27,17.6,60,0,0,1,0
06:35:27,17.6,60,0,0,1,0
06:36:27,17.6,59,0,0,1,0
06:37:27,17.6,59,0,0,1,0
06:38:27,17.5,59,0,0,1,0
06:39:27,17.4,59,0,0,1,0
06:40:27,17.4,58,0,0,1,0
06:41:27,17.4,58,0,0,1,0
06:42:27,17.4,58,0,0,1,0
06:43:27,17.4,58,0,0,1,0
06:44:27,17.3,58,0,0,1,0
06:45:27,17.3,58,0,0,1,0
06:46:27,17.4,58,0,0,1,0
06:47:27,17.3,58,0,0,1,0
06:48:27,17.3,58,0,0,1,0
06:49:27,17.3,58,0,0,1,0
06:50:27,17.3,58,0,0,1,0
06:51:27,17.3,58,0,0,1,0
06:52:27,17.3,58,0,0,1,0
06:53:27,17.3,58,0,0,1,0
06:54:27,17.3,58,0,0,1,0
06:55:27,17.3,58,0,0,1,0
06:56:28,17.2,58,0,0,1,0
06:57:27,17.3,58,0,0,1,0
06:58:28,17.2,58,0,0,1,0
06:59:27,17.2,58,0,0,1,0
07:00:27,17.2,58,0,0,1,0
07:01:27,17.2,58,0,0,1,0
07:02:27,17.2,58,0,0,1,0
07:03:27,17.2,58,0,0,1,0
07:04:27,17.2,58,0,0,1,0
07:05:29,17.2,58,0,0,1,0
07:06:27,17.2,58,0,0,1,0
07:07:30,17.2,58,0,0,1,0
07:08:27,17.2,58,0,0,1,0
07:09:27,17.2,58,0,0,1,0
07:10:27,17.2,58,0,0,1,0
07:11:27,17.2,58,0,0,1,0
07:12:27,17.3,61,0,0,1,0
07:13:27,17.7,66,0,0,1,0
07:14:27,18.2,69,0,0,1,0
07:15:28,18.7,71,0,0,1,1
07:16:27,19,71,0,0,1,1
07:17:27,19,69,0,0,1,0
07:18:27,18.8,67,0,0,1,0
07:19:28,18.6,65,0,0,1,0
07:20:28,18.3,64,0,0,1,0
07:21:31,18.2,63,0,0,1,0
07:22:28,18.1,62,0,0,1,0
07:23:29,18,62,0,0,1,0
07:24:27,17.9,61,0,0,1,0
07:25:27,17.8,60,0,0,1,0
07:26:28,17.8,60,0,0,1,0
07:27:28,17.8,60,0,0,1,0
07:28:28,17.8,60,0,0,1,0
07:29:28,17.7,60,0,0,1,0
07:30:28,17.7,59,0,0,1,0
07:31:28,17.7,59,0,0,1,0
07:32:28,17.6,59,0,0,1,0
07:33:28,17.6,59,0,0,1,0
07:34:28,17.6,59,0,0,1,0
07:35:28,17.6,59,0,0,1,0
07:36:28,17.5,59,0,0,1,0
07:37:28,17.5,59,0,0,1,0
07:38:28,17.5,59,0,0,1,0
07:39:28,17.5,59,0,0,1,0
07:40:28,17.5,59,0,0,1,0
07:41:28,17.5,59,0,0,1,0
07:42:28,17.4,59,0,0,1,0
07:43:28,17.4,59,0,0,1,0
07:44:28,17.4,59,0,0,1,0
07:45:28,17.4,59,0,0,1,0
07:46:28,17.4,59,0,0,1,0
07:47:28,17.4,59,0,0,1,0
07:48:28,17.4,59,0,0,1,0
07:49:28,17.4,59,0,0,1,0
07:50:28,17.4,59,0,0,1,0
07:51:28,17.4,59,0,0,1,0
07:52:28,17.4,59,0,0,1,0
07:53:28,17.4,59,0,0,1,0
07:54:28,17.3,58,0,0,1,0
07:55:28,17.3,59,0,0,1,0
07:56:28,17.3,59,0,0,1,0
07:57:28,17.3,59,0,0,1,0
07:58:28,17.3,59,0,0,1,0
07:59:28,17.4,59,0,0,1,0
08:00:28,17.4,59,0,0,1,0
08:01:28,17.4,59,0,0,1,0
08:02:28,17.4,59,0,0,1,0
08:03:28,17.4,59,0,0,1,0
08:04:28,17.5,59,0,0,1,0
08:05:28,17.4,59,0,0,1,0
08:06:28,17.4,59,0,0,1,0
08:07:28,17.4,59,0,0,1,0
08:08:28,17.4,59,0,0,1,0
08:09:28,17.4,59,0,0,1,0
08:10:28,17.4,59,0,0,1,0
08:11:28,17.4,58,0,0,1,0
08:12:28,17.4,58,0,0,1,0
08:13:30,17.4,59,0,0,1,0
08:14:28,17.4,59,0,0,1,0
08:15:28,17.3,59,0,0,1,0
08:16:28,17.3,59,0,0,1,0
08:17:28,17.4,58,0,0,1,0
08:18:28,17.3,59,0,0,1,0
08:19:29,17.3,59,0,0,1,0
08:20:29,17.3,59,0,0,1,0
08:21:29,17.3,59,0,0,1,0
08:22:29,17.4,59,0,0,1,0
08:23:29,17.4,59,0,0,1,0
08:24:29,17.4,59,0,0,1,0
08:25:30,17.4,59,0,0,1,0
08:26:29,17.4,59,0,0,1,0
08:27:29,17.4,59,0,0,1,0
08:28:29,17.4,59,0,0,1,0
08:29:29,17.4,59,0,0,1,0
08:30:29,17.4,59,0,0,1,0
08:31:29,17.4,59,0,0,1,0
08:32:29,17.7,60,0,0,1,0
08:33:29,18.3,60,0,0,1,0
08:34:29,18.7,59,0,0,1,0
08:35:29,18.9,58,0,0,1,0
08:36:29,19.2,59,0,0,1,0
08:37:29,19.3,59,0,0,1,0
08:38:29,19.5,60,0,0,1,0
08:39:29,19.7,60,0,0,1,0
08:40:29,19.8,61,0,0,1,0
08:41:29,20,61,0,0,1,0
08:42:29,20.1,62,0,0,1,0
08:43:29,20.2,62,0,0,1,0
08:44:29,20.2,62,0,0,1,0
08:45:29,20.3,62,0,0,1,0
08:46:29,20.3,61,0,0,1,0
08:47:29,20.3,60,0,0,1,0
08:48:29,20.3,60,0,0,1,0
08:49:29,20.2,59,0,0,1,0
08:50:29,20.2,58,0,0,1,0
08:51:29,20.2,58,0,0,1,0
08:52:29,20.3,59,0,0,1,0
08:53:29,20.4,59,0,0,1,0
08:54:29,20.4,59,0,0,1,0
08:55:29,20.6,60,0,0,1,0
08:56:29,20.6,60,0,0,1,0
08:57:29,20.7,61,0,0,1,0
08:58:29,20.7,61,0,0,1,0
08:59:29,20.8,61,0,0,1,0
09:00:29,20.8,61,0,0,1,0
09:01:29,20.8,60,0,0,1,0
09:02:29,20.8,60,0,0,1,0
09:03:29,20.6,59,0,0,1,0
09:04:29,20.6,59,0,0,1,0
09:05:29,20.5,58,0,0,1,0
09:06:29,20.4,58,0,0,1,0
09:07:29,20.4,57,0,0,1,0
09:08:29,20.4,57,0,0,1,0
09:09:29,20.4,57,0,0,1,0
09:10:29,20.5,57,0,0,1,0
09:11:29,20.5,57,0,0,1,0
09:12:31,20.6,58,0,0,1,0
09:13:30,20.7,59,0,0,1,0
09:14:29,20.8,59,0,0,1,0
09:15:29,20.9,60,0,0,1,0
09:16:29,20.7,59,0,0,1,0
09:17:29,20.2,59,0,0,1,0
09:18:29,19.8,59,0,0,1,0
09:19:29,19.6,59,0,0,1,0
09:20:29,19.3,59,0,0,1,0
09:21:29,19.2,59,0,0,1,0
09:22:29,19,59,0,0,1,0
09:23:29,19,59,0,0,1,0
09:24:29,18.9,59,0,0,1,0
09:25:29,18.9,59,0,0,1,0
09:26:29,18.8,59,0,0,1,0
09:27:29,18.8,59,0,0,1,0
09:28:29,18.7,59,0,0,1,0
09:29:30,18.6,59,0,0,1,0
09:30:30,18.6,59,0,0,1,0
09:31:30,18.6,58,0,0,1,0
09:32:30,18.5,58,0,0,1,0
09:33:30,18.5,58,0,0,1,0
09:34:30,18.4,59,0,0,1,0
09:35:30,18.4,59,0,0,1,0
09:36:30,18.4,59,0,0,1,0
09:37:30,18.4,59,0,0,1,0
09:38:30,18.3,59,0,0,1,0
09:39:30,18.3,59,0,0,1,0
09:40:30,18.3,59,0,0,1,0
09:41:30,18.3,59,0,0,1,0
09:42:31,18.2,59,0,0,1,0
09:43:31,18.3,59,0,0,1,0
09:44:31,18.3,59,0,0,1,0
09:45:31,18.3,59,0,0,1,0
09:46:31,18.3,59,0,0,1,0
09:47:31,18.3,59,0,0,1,0
09:48:31,18.2,59,0,0,1,0
09:49:31,18.2,59,0,0,1,0
09:50:31,18.2,59,0,0,1,0
09:51:31,18.2,59,0,0,1,0
09:52:31,18.2,59,0,0,1,0
09:53:31,18.2,59,0,0,1,0
09:54:31,18.2,59,0,0,1,0
09:55:31,18.2,59,0,0,1,0
09:56:31,18.2,59,0,0,1,0
09:57:31,18.2,59,0,0,1,0
09:58:32,18.2,59,0,0,1,0
09:59:32,18.2,59,0,0,1,0
10:00:32,18.2,59,0,0,1,0
10:01:32,18.2,59,0,0,1,0
10:02:32,18.2,59,0,0,1,0
10:03:33,18.2,59,0,0,1,0
10:04:32,18.2,59,0,0,1,0
10:05:32,18.1,59,0,0,1,0
10:06:32,18.1,59,0,0,1,0
10:07:32,18.1,59,0,0,1,0
10:08:32,18.1,59,0,0,1,0
10:09:32,18.1,59,0,0,1,0
10:10:32,18.1,59,0,0,1,0
10:11:32,18.1,59,0,0,1,0
10:12:32,18.1,59,0,0,1,0
10:13:32,18,59,0,0,1,0
10:14:33,18.1,59,0,0,1,0
10:15:33,18.1,59,0,0,1,0
10:16:34,18.1,59,0,0,1,0
10:17:33,18.1,59,0,0,1,0
10:18:33,18.1,59,0,0,1,0
10:19:33,18,59,0,0,1,0
10:20:33,18.1,59,0,0,1,0
10:21:33,18,59,0,0,1,0
10:22:33,18.1,59,0,0,1,0
10:23:33,18.1,59,0,0,1,0
10:24:33,18,59,0,0,1,0
10:25:33,18,59,0,0,1,0
10:26:33,18,59,0,0,1,0
10:27:33,18,59,0,0,1,0
10:28:33,18,59,0,0,1,0
10:29:34,18,59,0,0,1,0
10:30:34,18,59,0,0,1,0
10:31:34,18,59,0,0,1,0
10:32:34,18,59,0,0,1,0
10:33:34,18,59,0,0,1,0
10:34:34,18,59,0,0,1,0
10:35:34,18,59,0,0,1,0
10:36:34,18,59,0,0,1,0
10:37:34,18,59,0,0,1,0
10:38:34,18,59,0,0,1,0
10:39:34,18,59,0,0,1,0
10:40:34,18,59,0,0,1,0
10:41:34,18,59,0,0,1,0
10:42:34,18,59,0,0,1,0
10:43:34,18,59,0,0,1,0
10:44:35,18,59,0,0,1,0
10:45:35,18,59,0,0,1,0
10:46:35,18.1,59,0,0,1,0
10:47:35,18.1,59,0,0,1,0
10:48:35,18.1,59,0,0,1,0
10:49:35,18,59,0,0,1,0
10:50:35,18,59,0,0,1,0
10:51:35,18,59,0,0,1,0
10:52:35,18.1,59,0,0,1,0
10:53:35,18.1,59,0,0,1,0
10:54:35,18.1,59,0,0,1,0
10:55:35,18.1,59,0,0,1,0
10:56:35,18.1,59,0,0,1,0
10:58:35,18.1,59,0,0,1,0
10:59:35,18.1,59,0,0,1,0
11:00:35,18.1,59,0,0,1,0
11:01:35,18.1,59,0,0,1,0
11:02:35,18.1,59,0,0,1,0
11:03:35,18.2,59,0,0,1,0
11:04:35,18.2,59,0,0,1,0
11:05:38,18.1,59,0,0,1,0
11:06:35,18.1,59,0,0,1,0
11:07:35,18.1,59,0,0,1,0
11:08:35,18.2,59,0,0,1,0
11:09:40,18.1,59,0,0,1,0
11:10:36,18.1,59,0,0,1,0
11:13:36,18.1,59,0,0,1,0
11:14:35,18.1,59,0,0,1,0
11:15:35,18.1,59,0,0,1,0
11:16:35,18.2,59,0,0,1,0
11:17:35,18.1,59,0,0,1,0
11:18:35,18.2,59,0,0,1,0
11:19:35,18.2,59,0,0,1,0
11:20:35,18.1,59,0,0,1,0
11:21:35,18.1,59,0,0,1,0
11:22:35,18.2,59,0,0,1,0
11:23:35,18.2,59,0,0,1,0
11:24:35,18.2,59,0,0,1,0
11:25:36,18.2,59,0,0,1,0
11:26:35,18.2,59,0,0,1,0
11:27:35,18.2,59,0,0,1,0
11:28:35,18.2,59,0,0,1,0
11:29:35,18.2,59,0,0,1,0
11:30:35,18.2,59,0,0,1,0
11:31:35,18.2,59,0,0,1,0
11:32:40,18.2,59,0,0,1,0
11:34:35,18.2,59,0,0,1,0
11:35:40,18.2,59,0,0,1,0
11:36:36,18.2,59,0,0,1,0
11:37:38,18.2,59,0,0,1,0
11:39:35,18.2,60,0,0,1,0
11:40:36,18.3,59,0,0,1,0
11:41:37,18.3,59,0,0,1,0
11:42:35,18.3,59,0,0,1,0
11:43:35,18.3,59,0,0,1,0
11:44:35,18.2,59,0,0,1,0
11:45:35,18.2,59,0,0,1,0
11:46:35,18.3,59,0,0,1,0
11:47:35,18.3,60,0,0,1,0
11:48:36,18.2,59,0,0,1,0
11:49:36,18.3,59,0,0,1,0
11:50:36,18.3,59,0,0,1,0
11:51:36,18.3,59,0,0,1,0
11:52:36,18.3,59,0,0,1,0
11:53:36,18.3,59,0,0,1,0
11:54:36,18.3,59,0,0,1,0
11:55:36,18.3,59,0,0,1,0
11:56:36,18.3,60,0,0,1,0
11:57:36,18.3,60,0,0,1,0
11:58:37,18.4,60,0,0,1,0
11:59:37,18.4,60,0,0,1,0
12:00:36,18.3,60,0,0,1,0
12:01:36,18.4,60,0,0,1,0
12:02:36,18.4,60,0,0,1,0
12:03:38,18.4,60,0,0,1,0
12:04:37,18.4,60,0,0,1,0
12:05:38,18.4,60,0,0,1,0
12:06:37,18.4,59,0,0,1,0
12:07:37,18.4,59,0,0,1,0
12:08:37,18.4,60,0,0,1,0
12:09:37,18.4,59,0,0,1,0
12:10:37,18.4,60,0,0,1,0
12:11:37,18.4,60,0,0,1,0
12:12:37,18.4,60,0,0,1,0
12:13:38,18.4,59,0,0,1,0
12:14:37,18.4,59,0,0,1,0
12:15:37,18.4,59,0,0,1,0
12:16:37,18.4,59,0,0,1,0
12:17:37,18.4,59,0,0,1,0
12:18:39,18.4,59,0,0,1,0
12:19:37,18.4,59,0,0,1,0
12:20:39,18.5,59,0,0,1,0
12:21:37,18.4,59,0,0,1,0
12:22:37,18.4,60,0,0,1,0
12:23:37,18.4,59,0,0,1,0
12:24:37,18.4,59,0,0,1,0
12:25:37,18.4,59,0,0,1,0
12:26:39,18.5,59,0,0,1,0
12:27:38,18.5,59,0,0,1,0
12:28:37,18.4,59,0,0,1,0
12:29:38,18.4,60,0,0,1,0
12:30:38,18.4,60,0,0,1,0
12:31:38,18.5,60,0,0,1,0
12:32:38,18.4,60,0,0,1,0
12:35:38,18.4,60,0,0,1,0
12:36:38,18.4,60,0,0,1,0
12:37:38,18.4,60,0,0,1,0
12:38:38,18.4,60,0,0,1,0
12:39:38,18.5,59,0,0,1,0
12:40:41,18.5,60,0,0,1,0
12:41:38,18.4,60,0,0,1,0
12:42:38,18.5,60,0,0,1,0
12:43:39,18.5,60,0,0,1,0
12:44:38,18.5,60,0,0,1,0
12:45:38,18.5,60,0,0,1,0
12:46:38,18.5,60,0,0,1,0
12:47:38,18.5,60,0,0,1,0
12:48:38,18.5,60,0,0,1,0
12:49:38,18.5,60,0,0,1,0
12:50:38,18.5,60,0,0,1,0
12:51:39,18.5,60,0,0,1,0
12:55:39,18.5,60,0,0,1,0
12:56:39,18.5,60,0,0,1,0
12:57:39,18.5,60,0,0,1,0
12:58:39,18.5,60,0,0,1,0
12:59:39,18.5,60,0,0,1,0
13:00:39,18.5,60,0,0,1,0
13:01:39,18.5,60,0,0,1,0
13:02:39,18.6,60,0,0,1,0
13:03:39,18.6,60,0,0,1,0
13:04:39,18.6,60,0,0,1,0
13:05:39,18.6,60,0,0,1,0
13:06:39,18.6,60,0,0,1,0
13:07:39,18.6,60,0,0,1,0
13:08:39,18.6,60,0,0,1,0
13:09:39,18.6,60,0,0,1,0
13:10:39,18.6,60,0,0,1,0
13:11:39,18.6,60,0,0,1,0
13:12:39,18.6,60,0,0,1,0
13:13:39,18.6,60,0,0,1,0
13:14:39,18.6,60,0,0,1,0
13:15:39,18.6,60,0,0,1,0
13:16:39,18.6,60,0,0,1,0
13:17:39,18.6,60,0,0,1,0
13:18:39,18.6,60,0,0,1,0
13:19:40,18.6,59,0,0,1,0
13:20:39,18.6,59,0,0,1,0
13:21:39,18.6,60,0,0,1,0
13:22:39,18.6,60,0,0,1,0
13:23:39,18.6,60,0,0,1,0
13:24:39,18.6,60,0,0,1,0
13:25:39,18.6,60,0,0,1,0
13:26:39,18.6,60,0,0,1,0
13:27:39,18.6,60,0,0,1,0
13:28:39,18.6,60,0,0,1,0
13:29:39,18.6,60,0,0,1,0
13:30:39,18.6,59,0,0,1,0
13:31:40,18.6,59,0,0,1,0
13:32:42,18.6,59,0,0,1,0
13:33:39,18.6,60,0,0,1,0
13:34:40,18.6,60,0,0,1,0
13:35:39,18.6,60,0,0,1,0
13:36:39,18.6,60,0,0,1,0
13:37:40,18.6,60,0,0,1,0
13:38:39,18.6,60,0,0,1,0
13:39:39,18.6,60,0,0,1,0
13:40:42,18.6,60,0,0,1,0
13:41:39,18.6,60,0,0,1,0
13:42:39,18.6,60,0,0,1,0
13:43:41,18.7,60,0,0,1,0
13:44:43,18.7,60,0,0,1,0
13:45:39,18.7,60,0,0,1,0
13:46:39,18.6,60,0,0,1,0
13:47:42,18.7,60,0,0,1,0
13:48:39,18.7,60,0,0,1,0
13:49:43,18.7,60,0,0,1,0
13:50:39,18.7,60,0,0,1,0
13:51:39,18.7,60,0,0,1,0
13:52:39,18.7,60,0,0,1,0
13:53:39,18.7,60,0,0,1,0
13:54:39,18.7,60,0,0,1,0
13:55:39,18.7,60,0,0,1,0
13:56:39,18.7,60,0,0,1,0
13:57:39,18.7,60,0,0,1,0
13:58:39,18.7,60,0,0,1,0
13:59:42,18.7,60,0,0,1,0
14:00:39,18.8,60,0,0,1,0
14:01:39,18.7,59,0,0,1,0
14:02:39,18.7,60,0,0,1,0
14:03:39,18.7,60,0,0,1,0
14:04:39,18.7,60,0,0,1,0
14:05:39,18.8,60,0,0,1,0
14:06:39,18.7,60,0,0,1,0
14:07:39,18.7,60,0,0,1,0
14:08:39,19,60,0,0,1,0
14:09:39,19.2,59,0,0,1,0
14:10:39,19.1,59,0,0,1,0
14:11:40,19.1,59,0,0,1,0
14:12:41,19,60,0,0,1,0
14:13:41,19,60,0,0,1,0
14:14:40,18.9,60,0,0,1,0
14:15:40,18.9,60,0,0,1,0
14:16:40,18.9,60,0,0,1,0
14:17:40,19,60,0,0,1,0
14:18:40,18.9,60,0,0,1,0
14:19:41,18.9,60,0,0,1,0
14:20:40,18.9,60,0,0,1,0
14:21:40,18.9,60,0,0,1,0
14:22:40,18.9,60,0,0,1,0
14:23:43,18.9,60,0,0,1,0
14:27:40,19,60,0,0,1,0
14:28:40,18.9,60,0,0,1,0
14:29:40,18.9,60,0,0,1,0
14:30:42,18.9,60,0,0,1,0
14:32:40,18.9,59,0,0,1,0
14:35:40,18.8,59,0,0,1,0
14:36:41,18.9,59,0,0,1,0
14:37:40,18.8,59,0,0,1,0
14:38:40,18.8,59,0,0,1,0
14:39:40,18.8,59,0,0,1,0
14:40:41,18.8,59,0,0,1,0
14:41:40,18.8,59,0,0,1,0
14:42:40,18.8,59,0,0,1,0
14:43:40,18.8,59,0,0,1,0
14:44:40,18.8,59,0,0,1,0
14:45:40,18.8,59,0,0,1,0
14:46:40,19,60,0,0,1,0
14:47:40,19.1,60,0,0,1,0
14:48:40,19.1,60,0,0,1,0
14:49:40,19.1,60,0,0,1,0
14:50:40,19,60,0,0,1,0
14:51:40,18.9,60,0,0,1,0
14:52:40,19,60,0,0,1,0
14:53:40,18.9,60,0,0,1,0
14:54:40,18.9,60,0,0,1,0
14:55:41,18.9,60,0,0,1,0
14:57:40,18.9,60,0,0,1,0
14:58:40,18.9,60,0,0,1,0
14:59:40,19,60,0,0,1,0
15:00:40,19,60,0,0,1,0
15:01:40,19,60,0,0,1,0
15:02:40,19,60,0,0,1,0
15:03:40,18.9,60,0,0,1,0
15:04:40,18.9,60,0,0,1,0
15:05:40,18.9,60,0,0,1,0
15:06:40,18.9,60,0,0,1,0
15:07:40,18.9,60,0,0,1,0
15:08:40,18.9,60,0,0,1,0
15:09:41,18.9,59,0,0,1,0
15:10:40,18.9,59,0,0,1,0
15:11:40,18.9,59,0,0,1,0
15:12:40,18.9,60,0,0,1,0
15:13:41,18.9,60,0,0,1,0
15:14:41,18.9,60,0,0,1,0
15:15:41,18.9,60,0,0,1,0
15:16:41,18.9,60,0,0,1,0
15:17:41,18.9,60,0,0,1,0
15:18:41,18.9,60,0,0,1,0
15:19:41,18.9,59,0,0,1,0
15:20:41,18.9,59,0,0,1,0
15:21:41,18.9,59,0,0,1,0
15:22:41,18.9,60,0,0,1,0
15:23:41,18.9,60,0,0,1,0
15:24:41,18.9,59,0,0,1,0
15:25:41,18.9,59,0,0,1,0
15:26:41,18.9,59,0,0,1,0
15:27:42,18.9,60,0,0,1,0
15:28:41,18.9,60,0,0,1,0
15:29:41,18.9,60,0,0,1,0
15:30:41,18.9,59,0,0,1,0
15:31:41,18.9,59,0,0,1,0
15:32:41,18.9,60,0,0,1,0
15:33:41,18.9,60,0,0,1,0
15:34:41,18.9,59,0,0,1,0
15:35:41,18.9,60,0,0,1,0
15:36:41,18.9,59,0,0,1,0
15:37:42,18.9,59,0,0,1,0
15:38:41,18.9,59,0,0,1,0
15:39:41,18.9,59,0,0,1,0
15:40:41,18.9,59,0,0,1,0
15:41:41,18.9,59,0,0,1,0
15:42:41,18.9,60,0,0,1,0
15:43:41,18.9,60,0,0,1,0
15:44:41,18.9,60,0,0,1,0
15:45:41,18.9,60,0,0,1,0
15:46:41,18.9,60,0,0,1,0
15:47:41,18.9,60,0,0,1,0
15:48:41,18.9,60,0,0,1,0
15:49:41,18.9,60,0,0,1,0
15:50:41,18.9,60,0,0,1,0
15:51:41,18.9,60,0,0,1,0
15:52:41,18.9,59,0,0,1,0
15:53:41,18.9,59,0,0,1,0
15:54:41,18.9,59,0,0,1,0
15:55:41,18.9,59,0,0,1,0
15:56:41,18.9,59,0,0,1,0
15:57:41,18.9,59,0,0,1,0
15:59:44,18.9,59,0,0,1,0
16:00:41,18.9,59,0,0,1,0
16:01:42,18.9,60,0,0,1,0
16:02:41,18.9,60,0,0,1,0
16:03:41,19,59,0,0,1,0
16:04:41,18.9,59,0,0,1,0
16:05:41,19,59,0,0,1,0
16:06:41,18.9,59,0,0,1,0
16:07:41,18.9,59,0,0,1,0
16:08:41,18.9,59,0,0,1,0
16:09:41,18.9,59,0,0,1,0
16:10:41,18.9,59,0,0,1,0
16:11:41,18.9,59,0,0,1,0
16:12:41,18.9,59,0,0,1,0
16:13:46,18.9,59,0,0,1,0
16:14:42,18.9,59,0,0,1,0
16:15:41,18.9,59,0,0,1,0
16:16:41,18.9,60,0,0,1,0
16:17:41,19,59,0,0,1,0
16:18:42,19,59,0,0,1,0
16:19:42,19,60,0,0,1,0
16:20:41,19,59,0,0,1,0
16:21:41,19,59,0,0,1,0
16:22:41,18.9,59,0,0,1,0
16:23:41,18.9,59,0,0,1,0
16:24:41,18.9,59,0,0,1,0
16:25:41,18.9,59,0,0,1,0
16:26:41,18.9,60,0,0,1,0
16:27:41,18.9,60,0,0,1,0
16:28:41,18.8,59,0,0,1,0
16:29:41,18.9,59,0,0,1,0
16:30:41,18.8,59,0,0,1,0
16:31:41,18.8,60,0,0,1,0
16:32:42,18.9,60,0,0,1,0
16:33:42,18.9,59,0,0,1,0
16:34:42,18.9,60,0,0,1,0
16:35:42,18.9,59,0,0,1,0
16:36:42,18.9,59,0,0,1,0
16:37:42,18.9,59,0,0,1,0
16:38:42,18.9,59,0,0,1,0
16:39:42,18.9,59,0,0,1,0
16:40:42,18.9,59,0,0,1,0
16:41:42,18.8,59,0,0,1,0
16:42:42,18.8,59,0,0,1,0
16:43:42,18.8,59,0,0,1,0
16:44:42,18.8,59,0,0,1,0
16:45:42,18.8,59,0,0,1,0
16:46:42,18.8,59,0,0,1,0
16:47:42,18.8,59,0,0,1,0
16:48:42,18.8,59,0,0,1,0
16:49:42,18.8,59,0,0,1,0
16:50:42,18.8,59,0,0,1,0
16:51:42,18.9,59,0,0,1,0
16:52:42,18.9,59,0,0,1,0
16:53:42,18.9,59,0,0,1,0
16:54:42,18.8,59,0,0,1,0
16:55:42,18.8,59,0,0,1,0
16:56:42,18.8,59,0,0,1,0
16:57:42,18.8,59,0,0,1,0
16:58:42,18.9,59,0,0,1,0
16:59:42,18.8,59,0,0,1,0
17:00:42,18.8,59,0,0,1,0
17:01:42,18.8,59,0,0,1,0
17:02:42,18.8,59,0,0,1,0
17:03:42,18.8,59,0,0,1,0
17:04:42,18.8,59,0,0,1,0
17:05:42,18.9,59,0,0,1,0
17:06:42,18.8,59,0,0,1,0
17:07:42,18.9,59,0,0,1,0
17:08:42,18.9,59,0,0,1,0
17:09:42,18.9,59,0,0,1,0
17:10:42,18.8,59,0,0,1,0
17:11:42,18.8,59,0,0,1,0
17:12:42,18.9,59,0,0,1,0
17:13:42,18.9,59,0,0,1,0
17:14:42,18.9,59,0,0,1,0
17:15:42,18.8,59,0,0,1,0
17:16:42,18.8,59,0,0,1,0
17:17:42,18.8,59,0,0,1,0
17:18:42,18.9,59,0,0,1,0
17:19:42,18.8,59,0,0,1,0
17:20:42,18.9,59,0,0,1,0
17:21:43,18.9,59,0,0,1,0
17:22:42,18.8,59,0,0,1,0
17:23:42,18.9,59,0,0,1,0
17:24:42,18.9,60,0,0,1,0
17:25:42,18.9,59,0,0,1,0
17:26:42,18.9,59,0,0,1,0
17:27:42,18.8,59,0,0,1,0
17:28:42,18.9,59,0,0,1,0
17:29:42,18.9,59,0,0,1,0
17:30:42,18.9,59,0,0,1,0
17:31:42,18.9,59,0,0,1,0
17:32:42,18.9,59,0,0,1,0
17:33:42,18.9,59,0,0,1,0
17:34:42,18.9,59,0,0,1,0
17:35:42,18.8,59,0,0,1,0
17:36:42,18.9,59,0,0,1,0
17:37:42,18.8,59,0,0,1,0
17:38:42,18.9,59,0,0,1,0
17:39:42,18.9,59,0,0,1,0
17:40:42,18.9,59,0,0,1,0
17:41:42,18.9,59,0,0,1,0
17:42:42,18.8,59,0,0,1,0
17:43:42,18.8,59,0,0,1,0
17:44:42,18.9,59,0,0,1,0
17:45:42,18.9,59,0,0,1,0
17:46:42,18.9,59,0,0,1,0
17:47:42,18.8,59,0,0,1,0
17:48:42,18.8,59,0,0,1,0
17:49:42,18.8,59,0,0,1,0
17:50:42,18.8,59,0,0,1,0
17:51:42,18.8,59,0,0,1,0
17:52:42,18.9,59,0,0,1,0
17:53:42,18.8,59,0,0,1,0
17:54:42,18.8,59,0,0,1,0
17:55:42,18.8,59,0,0,1,0
17:56:42,18.8,59,0,0,1,0
17:57:42,18.8,59,0,0,1,0
17:58:42,18.8,59,0,0,1,0
17:59:42,18.8,59,0,0,1,0
18:00:42,18.8,59,0,0,1,0
18:01:43,18.8,59,0,0,1,0
18:02:43,18.8,59,0,0,1,0
18:03:43,18.8,59,0,0,1,0
18:04:43,18.8,59,0,0,1,0
18:05:43,18.8,59,0,0,1,0
18:06:43,18.8,59,0,0,1,0
18:07:43,18.8,59,0,0,1,0
18:08:43,18.7,59,0,0,1,0
18:09:43,18.8,59,0,0,1,0
18:10:43,18.8,59,0,0,1,0
18:11:43,18.8,60,0,0,1,0
18:12:43,18.8,59,0,0,1,0
18:13:43,18.8,59,0,0,1,0
18:14:43,18.8,59,0,0,1,0
18:15:43,18.8,59,0,0,1,0
18:17:43,18.7,59,0,0,1,0
18:18:43,18.7,59,0,0,1,0
18:19:43,18.7,59,0,0,1,0
18:20:43,18.8,59,0,0,1,0
18:21:43,18.8,59,0,0,1,0
18:22:43,18.8,59,0,0,1,0
18:23:43,18.8,59,0,0,1,0
18:24:43,18.8,59,0,0,1,0
18:25:43,18.8,59,0,0,1,0
18:26:43,18.8,59,0,0,1,0
18:27:43,18.8,59,0,0,1,0
18:28:43,18.7,59,0,0,1,0
18:29:46,18.8,59,0,0,1,0
18:30:43,18.8,59,0,0,1,0
18:31:43,18.8,59,0,0,1,0
18:32:43,18.8,59,0,0,1,0
18:33:43,18.8,59,0,0,1,0
18:34:43,18.7,59,0,0,1,0
18:35:43,18.7,59,0,0,1,0
18:36:43,18.7,59,0,0,1,0
18:37:43,18.7,59,0,0,1,0
18:38:44,18.7,59,0,0,1,0
18:39:44,18.7,59,0,0,1,0
18:40:44,18.7,59,0,0,1,0
18:41:44,18.7,59,0,0,1,0
18:42:44,18.7,59,0,0,1,0
18:43:44,18.7,59,0,0,1,0
18:44:44,18.7,59,0,0,1,0
18:45:44,18.6,59,0,0,1,0
18:46:44,18.6,59,0,0,1,0
18:47:44,18.6,59,0,0,1,0
18:48:44,18.7,59,0,0,1,0
18:49:44,18.7,59,0,0,1,0
18:50:44,18.6,59,0,0,1,0
18:51:44,18.7,59,0,0,1,0
18:52:44,18.7,59,0,0,1,0
18:54:44,18.7,59,0,0,1,0
18:55:44,18.7,59,0,0,1,0
18:56:44,18.7,59,0,0,1,0
18:57:44,18.6,59,0,0,1,0
18:58:44,18.6,59,0,0,1,0
18:59:44,18.6,59,0,0,1,0
19:00:45,18.6,59,0,0,1,0
19:01:44,18.6,59,0,0,1,0
19:02:44,18.6,59,0,0,1,0
19:03:45,18.6,59,0,0,1,0
19:04:44,18.6,59,0,0,1,0
19:05:44,18.6,59,0,0,1,0
19:06:44,18.6,59,0,0,1,0
19:07:44,18.6,59,0,0,1,0
19:08:44,18.6,59,0,0,1,0
19:09:44,18.6,59,0,0,1,0
19:10:44,18.6,59,0,0,1,0
19:11:44,18.6,59,0,0,1,0
19:12:44,18.7,58,0,0,1,0
19:13:44,18.7,58,0,0,1,0
19:14:44,18.6,58,0,0,1,0
19:15:45,18.6,58,0,0,1,0
19:16:44,18.6,58,0,0,1,0
19:17:44,18.6,59,0,0,1,0
19:18:44,18.6,59,0,0,1,0
19:19:45,18.5,59,0,0,1,0
19:20:45,18.5,59,0,0,1,0
19:21:45,18.5,59,0,0,1,0
19:22:45,18.5,59,0,0,1,0
19:23:45,18.5,59,0,0,1,0
19:24:45,18.5,59,0,0,1,0
19:25:45,18.5,59,0,0,1,0
19:26:45,18.5,59,0,0,1,0
19:27:45,18.5,59,0,0,1,0
19:28:45,18.5,59,0,0,1,0
19:29:45,18.4,59,0,0,1,0
19:30:45,18.4,59,0,0,1,0
19:31:45,18.5,59,0,0,1,0
19:32:45,18.5,59,0,0,1,0
19:33:45,18.5,59,0,0,1,0
19:34:45,18.5,59,0,0,1,0
19:35:46,18.5,59,0,0,1,0
19:36:46,18.5,59,0,0,1,0
19:37:46,18.5,59,0,0,1,0
19:38:46,18.7,60,0,0,1,0
19:39:46,19.2,59,0,0,1,0
19:40:46,19.5,58,0,0,1,0
19:41:46,19.8,58,0,0,1,0
19:42:46,19.8,57,0,0,1,0
19:43:46,19.9,57,0,0,1,0
19:44:46,19.8,57,0,0,1,0
19:45:46,19.8,57,0,0,1,0
19:46:47,19.9,56,0,0,1,0
19:47:46,19.9,56,0,0,1,0
19:48:46,20,56,0,0,1,0
19:49:47,19.9,56,0,0,1,0
19:50:48,19.9,56,0,0,1,0
19:51:46,19.9,56,0,0,1,0
19:52:46,19.9,56,0,0,1,0
19:53:46,20,55,0,0,1,0
19:54:46,19.9,56,0,0,1,0
19:55:46,19.8,55,0,0,1,0
19:56:46,19.8,56,0,0,1,0
19:57:46,20,56,0,0,1,0
19:58:46,20.3,57,0,0,1,0
19:59:46,20.4,57,0,0,1,0
20:00:46,20.5,58,0,0,1,0
20:01:46,20.7,59,0,0,1,0
20:02:46,20.7,59,0,0,1,0
20:03:46,20.7,59,0,0,1,0
20:04:50,20.5,59,0,0,1,0
20:05:46,20.5,58,0,0,1,0
20:06:46,20.5,58,0,0,1,0
20:07:46,20.3,57,0,0,1,0
20:08:46,20.2,58,0,0,1,0
20:09:46,20.3,57,0,0,1,0
20:10:47,20.1,57,0,0,1,0
20:11:46,20.1,57,0,0,1,0
20:12:46,20.1,56,0,0,1,0
20:13:46,20,57,0,0,1,0
20:14:46,20,56,0,0,1,0
20:15:46,20.1,56,0,0,1,0
20:16:46,20.1,56,0,0,1,0
20:17:46,19.8,57,0,0,1,0
20:18:46,19.5,57,0,0,1,0
20:19:46,19.4,58,0,0,1,0
20:20:47,19.2,58,0,0,1,0
20:21:46,19.1,59,0,0,1,0
20:22:46,19,59,0,0,1,0
20:23:46,19,59,0,0,1,0
20:24:47,18.9,59,0,0,1,0
20:25:48,18.9,59,0,0,1,0
20:26:50,18.9,59,0,0,1,0
20:27:47,18.8,59,0,0,1,0
20:28:47,18.9,59,0,0,1,0
20:29:47,18.8,59,0,0,1,0
20:30:47,18.8,59,0,0,1,0
20:31:47,18.8,59,0,0,1,0
20:32:48,18.7,59,0,0,1,0
20:33:47,18.8,59,0,0,1,0
20:34:47,18.7,59,0,0,1,0
20:35:47,18.7,59,0,0,1,0
20:36:47,18.7,59,0,0,1,0
20:37:47,18.7,59,0,0,1,0
20:38:47,18.8,59,0,0,1,0
20:39:47,18.8,59,0,0,1,0
20:40:47,18.8,59,0,0,1,0
20:41:47,18.7,59,0,0,1,0
20:42:47,18.7,59,0,0,1,0
20:43:47,18.7,59,0,0,1,0
20:44:47,18.7,59,0,0,1,0
20:45:47,18.7,59,0,0,1,0
20:46:47,18.7,59,0,0,1,0
20:47:47,18.7,59,0,0,1,0
20:48:47,18.7,59,0,0,1,0
20:49:47,18.7,59,0,0,1,0
20:50:47,18.7,59,0,0,1,0
20:51:47,18.6,59,0,0,1,0
20:52:47,18.6,59,0,0,1,0
20:53:47,18.6,59,0,0,1,0
20:54:47,18.6,59,0,0,1,0
20:55:47,18.6,59,0,0,1,0
20:56:47,18.6,59,0,0,1,0
20:57:47,18.6,59,0,0,1,0
20:58:48,18.6,59,0,0,1,0
21:00:48,18.6,60,0,0,1,0
21:01:48,18.6,60,0,0,1,0
21:02:48,18.6,60,0,0,1,0
21:03:48,18.6,60,0,0,1,0
21:04:48,18.6,59,0,0,1,0
21:05:48,18.6,59,0,0,1,0
21:06:48,18.6,59,0,0,1,0
21:07:48,18.6,59,0,0,1,0
21:08:48,18.6,59,0,0,1,0
21:09:48,18.6,59,0,0,1,0
21:10:48,18.6,59,0,0,1,0
21:11:48,18.5,59,0,0,1,0
21:12:48,18.5,59,0,0,1,0
21:13:48,18.5,59,0,0,1,0
21:14:48,18.6,59,0,0,1,0
21:15:48,18.6,59,0,0,1,0
21:16:49,18.5,59,0,0,1,0
21:17:48,18.5,59,0,0,1,0
21:18:48,18.5,59,0,0,1,0
21:19:48,18.5,59,0,0,1,0
21:20:48,18.5,59,0,0,1,0
21:21:48,18.4,59,0,0,1,0
21:22:48,18.4,59,0,0,1,0
21:23:48,18.4,59,0,0,1,0
21:24:48,18.4,59,0,0,1,0
21:25:48,18.4,59,0,0,1,0
21:26:48,18.4,59,0,0,1,0
21:27:48,18.4,59,0,0,1,0
21:28:48,18.4,59,0,0,1,0
21:29:48,18.4,59,0,0,1,0
21:30:48,18.4,59,0,0,1,0
21:31:48,18.3,59,0,0,1,0
21:32:48,18.4,59,0,0,1,0
21:33:48,18.4,59,0,0,1,0
21:34:48,18.4,59,0,0,1,0
21:35:48,18.4,59,0,0,1,0
21:36:48,18.4,59,0,0,1,0
21:37:48,18.4,59,0,0,1,0
21:38:48,18.4,59,0,0,1,0
21:39:48,18.3,59,0,0,1,0
21:40:48,18.4,59,0,0,1,0
21:41:48,18.4,59,0,0,1,0
21:42:48,18.3,59,0,0,1,0
21:43:48,18.4,59,0,0,1,0
21:44:48,18.4,59,0,0,1,0
21:45:48,18.4,59,0,0,1,0
21:46:48,18.4,59,0,0,1,0
21:47:48,18.4,59,0,0,1,0
21:48:48,18.4,59,0,0,1,0
21:49:48,18.4,59,0,0,1,0
21:50:48,18.4,59,0,0,1,0
21:51:48,18.4,59,0,0,1,0
21:52:48,18.3,59,0,0,1,0
21:53:48,18.3,59,0,0,1,0
21:54:48,18.3,59,0,0,1,0
21:55:48,18.3,59,0,0,1,0
21:56:49,18.3,59,0,0,1,0
21:57:49,18.3,59,0,0,1,0
21:58:49,18.4,59,0,0,1,0
21:59:49,18.3,59,0,0,1,0
22:00:49,18.3,59,0,0,1,0
22:01:49,18.3,59,0,0,1,0
22:02:49,18.3,59,0,0,1,0
22:03:49,18.3,59,0,0,1,0
22:04:49,18.3,59,0,0,1,0
22:05:49,18.4,59,0,0,1,0
22:06:49,18.3,59,0,0,1,0
22:07:49,18.3,59,0,0,1,0
22:08:49,18.3,59,0,0,1,0
22:09:49,18.3,59,0,0,1,0
22:10:49,18.3,59,0,0,1,0
22:11:49,18.3,59,0,0,1,0
22:12:49,18.3,59,0,0,1,0
22:13:49,18.3,59,0,0,1,0
22:14:49,18.3,59,0,0,1,0
22:15:49,18.3,59,0,0,1,0
22:16:49,18.4,59,0,0,1,0
22:17:49,18.3,59,0,0,1,0
22:18:49,18.3,59,0,0,1,0
22:19:49,18.3,59,0,0,1,0
22:20:49,18.3,59,0,0,1,0
22:21:49,18.3,59,0,0,1,0
22:22:49,18.3,59,0,0,1,0
22:23:49,18.3,59,0,0,1,0
22:24:49,18.4,59,0,0,1,0
22:25:50,18.4,59,0,0,1,0
22:26:49,18.4,59,0,0,1,0
22:27:49,18.3,59,0,0,1,0
22:28:49,18.3,59,0,0,1,0
22:29:49,18.3,60,0,0,1,0
22:30:49,18.3,59,0,0,1,0
22:31:49,18.3,59,0,0,1,0
22:32:50,18.3,59,0,0,1,0
22:33:49,18.3,59,0,0,1,0
22:34:49,18.3,59,0,0,1,0
22:35:49,18.3,59,0,0,1,0
22:36:50,18.3,60,0,0,1,0
22:37:50,18.3,59,0,0,1,0
22:38:50,18.3,59,0,0,1,0
22:39:50,18.3,59,0,0,1,0
22:40:50,18.3,59,0,0,1,0
22:41:50,18.3,59,0,0,1,0
22:42:50,18.3,59,0,0,1,0
22:43:50,18.3,59,0,0,1,0
22:44:50,18.3,59,0,0,1,0
22:45:50,18.3,59,0,0,1,0
22:46:50,18.3,59,0,0,1,0
22:47:50,18.3,59,0,0,1,0
22:48:50,18.3,59,0,0,1,0
22:49:50,18.3,59,0,0,1,0
22:50:50,18.2,59,0,0,1,0
22:51:50,18.2,59,0,0,1,0
22:52:50,18.2,59,0,0,1,0
22:53:51,18.2,59,0,0,1,0
22:54:50,18.2,59,0,0,1,0
22:55:50,18.2,59,0,0,1,0
22:56:50,18.2,59,0,0,1,0
22:57:50,18.2,59,0,0,1,0
22:58:50,18.2,59,0,0,1,0
22:59:50,18.2,59,0,0,1,0
23:00:51,18.2,59,0,0,1,0
23:01:50,18.2,59,0,0,1,0
23:02:50,18.2,59,0,0,1,0
23:03:50,18.2,59,0,0,1,0
23:04:50,18.2,59,0,0,1,0
23:05:50,18.2,59,0,0,1,0
23:06:50,18.2,59,0,0,1,0
23:07:50,18.2,59,0,0,1,0
23:08:50,18.2,59,0,0,1,0
23:09:50,18.2,59,0,0,1,0
23:10:50,18.3,59,0,0,1,0
23:11:50,18.2,59,0,0,1,0
23:12:50,18.2,59,0,0,1,0
23:13:50,18.2,59,0,0,1,0
23:14:50,18.2,59,0,0,1,0
23:15:50,18.2,59,0,0,1,0
23:16:50,18.2,59,0,0,1,0
23:17:50,18.2,59,0,0,1,0
23:18:50,18.2,59,0,0,1,0
23:19:50,18.2,59,0,0,1,0
23:20:50,18.2,59,0,0,1,0
23:21:50,18.2,59,0,0,1,0
23:22:50,18.2,59,0,0,1,0
23:23:50,18.2,59,0,0,1,0
23:24:50,18.2,59,0,0,1,0
23:25:50,18.2,59,0,0,1,0
23:26:50,18.2,59,0,0,1,0
23:27:50,18.2,59,0,0,1,0
23:28:50,18.2,60,0,0,1,0
23:29:51,18.2,59,0,0,1,0
23:30:50,18.2,59,0,0,1,0
23:31:50,18.2,59,0,0,1,0
23:32:50,18.1,59,0,0,1,0
23:33:50,18.1,59,0,0,1,0
23:34:50,18.1,59,0,0,1,0
23:35:50,18.1,59,0,0,1,0
23:36:50,18.2,59,0,0,1,0
23:37:50,18.1,59,0,0,1,0
23:38:50,18.2,59,0,0,1,0
23:39:50,18.2,60,0,0,1,0
23:40:50,18.2,59,0,0,1,0
23:41:50,18.2,59,0,0,1,0
23:42:51,18.2,59,0,0,1,0
23:43:51,18.2,59,0,0,1,0
23:44:51,18.1,59,0,0,1,0
23:45:51,18.2,59,0,0,1,0
23:46:51,18.2,59,0,0,1,0
23:47:51,18.1,59,0,0,1,0
23:48:51,18.1,59,0,0,1,0
23:49:51,18.1,59,0,0,1,0
23:50:51,18.1,59,0,0,1,0
23:51:51,18.1,59,0,0,1,0
23:52:51,18.1,59,0,0,1,0
23:53:51,18.1,59,0,0,1,0
23:54:51,18.1,59,0,0,1,0
23:55:51,18.1,59,0,0,1,0
23:56:51,18.1,59,0,0,1,0
23:57:51,18.1,59,0,0,1,0
23:58:51,18.1,59,0,0,1,0
23:59:51,18.1,59,0,0,1,0
00:00:51,18,59,0,0,1,0
00:01:51,18.1,59,0,0,1,0
00:02:51,18.1,59,0,0,1,0
00:03:51,18.1,59,0,0,1,0
00:04:51,18,59,0,0,1,0
00:05:51,18,59,0,0,1,0
00:06:51,18,59,0,0,1,0
00:07:51,18,59,0,0,1,0
00:08:51,18,59,0,0,1,0
00:09:51,18,59,0,0,1,0
00:10:51,18,59,0,0,1,0
00:11:51,18,59,0,0,1,0
00:12:51,18,59,0,0,1,0
00:13:51,18,59,0,0,1,0
00:14:51,18,59,0,0,1,0
00:15:51,18,59,0,0,1,0
00:16:51,18,59,0,0,1,0
00:17:51,18,59,0,0,1,0
00:18:51,18,59,0,0,1,0
00:19:51,18,59,0,0,1,0
00:20:51,18,59,0,0,1,0
00:21:51,18,59,0,0,1,0
00:22:51,18,59,0,0,1,0
00:23:51,18,58,0,0,1,0
00:24:51,18,59,0,0,1,0
00:25:51,18,59,0,0,1,0
00:26:51,18,59,0,0,1,0
00:27:51,18,59,0,0,1,0
00:28:51,18,59,0,0,1,0
00:29:51,18,59,0,0,1,0
00:30:51,17.9,59,0,0,1,0
00:31:51,17.9,59,0,0,1,0
00:32:51,17.9,59,0,0,1,0
00:33:51,18,59,0,0,1,0
00:34:51,18,59,0,0,1,0
00:35:51,17.9,59,0,0,1,0
00:36:51,17.9,59,0,0,1,0
00:37:51,18,59,0,0,1,0
00:38:51,18,59,0,0,1,0
00:39:51,18,59,0,0,1,0
00:40:51,18,59,0,0,1,0
00:41:51,18,59,0,0,1,0
00:42:51,18,59,0,0,1,0
00:43:51,18,59,0,0,1,0
00:44:51,18,59,0,0,1,0
00:45:51,17.9,59,0,0,1,0
00:46:51,17.9,59,0,0,1,0
00:47:51,17.9,59,0,0,1,0
00:48:51,17.9,59,0,0,1,0
00:49:51,17.9,59,0,0,1,0
00:50:51,17.9,59,0,0,1,0
00:51:51,17.9,59,0,0,1,0
00:52:51,17.9,59,0,0,1,0
00:53:51,17.9,59,0,0,1,0
00:54:51,17.9,59,0,0,1,0
00:55:51,17.9,59,0,0,1,0
00:56:51,17.8,59,0,0,1,0
00:57:51,17.8,59,0,0,1,0
00:58:51,17.8,59,0,0,1,0
00:59:51,17.8,59,0,0,1,0
01:00:51,17.8,59,0,0,1,0
01:01:51,17.8,59,0,0,1,0
01:02:51,17.8,59,0,0,1,0
01:03:51,17.8,59,0,0,1,0
01:04:51,17.8,59,0,0,1,0
01:05:51,17.8,59,0,0,1,0
01:06:51,17.8,58,0,0,1,0
01:07:51,17.8,58,0,0,1,0
01:08:51,17.8,58,0,0,1,0
01:09:52,17.8,58,0,0,1,0
01:10:52,17.8,58,0,0,1,0
01:11:52,17.8,58,0,0,1,0
01:12:52,17.8,58,0,0,1,0
01:13:52,17.8,58,0,0,1,0
01:14:52,17.8,58,0,0,1,0
01:15:52,17.8,58,0,0,1,0
01:16:52,17.8,59,0,0,1,0
01:17:53,17.8,59,0,0,1,0
01:18:52,17.8,59,0,0,1,0
01:19:52,17.8,59,0,0,1,0
01:20:52,17.8,58,0,0,1,0
01:21:52,17.8,58,0,0,1,0
01:22:52,17.8,58,0,0,1,0
01:23:52,17.8,58,0,0,1,0
01:24:52,17.8,59,0,0,1,0
01:25:52,17.7,59,0,0,1,0
01:26:52,17.8,59,0,0,1,0
01:27:52,17.8,59,0,0,1,0
01:28:52,17.8,59,0,0,1,0
01:29:52,17.8,59,0,0,1,0
01:30:52,17.8,59,0,0,1,0
01:31:52,17.8,59,0,0,1,0
01:32:52,17.7,59,0,0,1,0
01:33:52,17.7,59,0,0,1,0
01:34:52,17.8,59,0,0,1,0
01:35:52,17.7,59,0,0,1,0
01:36:52,17.7,59,0,0,1,0
01:37:52,17.8,59,0,0,1,0
01:38:52,17.8,59,0,0,1,0
01:39:52,17.8,59,0,0,1,0
01:40:52,17.8,59,0,0,1,0
01:41:52,17.7,59,0,0,1,0
01:42:52,17.7,59,0,0,1,0
01:43:52,17.7,59,0,0,1,0
01:44:52,17.7,59,0,0,1,0
01:45:53,17.7,59,0,0,1,0
01:46:52,17.7,59,0,0,1,0
01:47:52,17.7,59,0,0,1,0
01:48:52,17.7,59,0,0,1,0
01:49:52,17.7,59,0,0,1,0
01:50:52,17.7,59,0,0,1,0
01:51:52,17.7,59,0,0,1,0
01:52:52,17.8,59,0,0,1,0
01:53:52,17.7,58,0,0,1,0
01:54:52,17.7,58,0,0,1,0
01:55:52,17.7,58,0,0,1,0
01:56:52,17.7,59,0,0,1,0
01:57:52,17.7,59,0,0,1,0
01:58:52,17.7,59,0,0,1,0
01:59:52,17.7,59,0,0,1,0
02:00:52,17.7,59,0,0,1,0
02:01:52,17.6,58,0,0,1,0
02:02:52,17.6,58,0,0,1,0
02:03:52,17.6,58,0,0,1,0
02:04:52,17.6,58,0,0,1,0
02:05:52,17.6,58,0,0,1,0
02:06:52,17.6,58,0,0,1,0
02:07:52,17.6,58,0,0,1,0
02:08:52,17.6,58,0,0,1,0
02:09:52,17.6,58,0,0,1,0
02:10:52,17.6,58,0,0,1,0
02:11:52,17.6,58,0,0,1,0
02:12:52,17.6,58,0,0,1,0
02:13:52,17.6,58,0,0,1,0
02:14:52,17.6,58,0,0,1,0
02:15:52,17.6,58,0,0,1,0
02:16:52,17.5,58,0,0,1,0
02:17:52,17.6,58,0,0,1,0
02:18:52,17.5,58,0,0,1,0
02:19:52,17.5,58,0,0,1,0
02:20:52,17.5,58,0,0,1,0
02:21:52,17.5,58,0,0,1,0
02:22:52,17.5,58,0,0,1,0
02:23:52,17.5,58,0,0,1,0
02:24:52,17.5,58,0,0,1,0
02:25:53,17.5,58,0,0,1,0
02:26:53,17.5,58,0,0,1,0
02:27:53,17.5,58,0,0,1,0
02:28:53,17.5,58,0,0,1,0
02:29:53,17.4,58,0,0,1,0
02:30:53,17.5,58,0,0,1,0
02:31:53,17.5,58,0,0,1,0
02:32:53,17.5,58,0,0,1,0
02:33:53,17.5,58,0,0,1,0
02:34:53,17.5,58,0,0,1,0
02:35:53,17.5,58,0,0,1,0
02:36:53,17.5,58,0,0,1,0
02:37:53,17.5,57,0,0,1,0
02:38:53,17.4,57,0,0,1,0
02:39:53,17.4,57,0,0,1,0
02:40:53,17.4,57,0,0,1,0
02:41:53,17.4,57,0,0,1,0
02:42:53,17.4,57,0,0,1,0
02:43:53,17.4,57,0,0,1,0
02:44:53,17.4,57,0,0,1,0
02:45:53,17.4,57,0,0,1,0
02:46:53,17.4,58,0,0,1,0
02:47:53,17.4,58,0,0,1,0
02:48:53,17.4,58,0,0,1,0
02:49:53,17.5,58,0,0,1,0
02:50:53,17.5,57,0,0,1,0
02:51:53,17.5,58,0,0,1,0
02:52:54,17.4,57,0,0,1,0
02:53:53,17.4,57,0,0,1,0
02:54:53,17.4,57,0,0,1,0
02:55:53,17.4,57,0,0,1,0
02:56:53,17.4,57,0,0,1,0
02:57:53,17.4,57,0,0,1,0
02:58:53,17.3,57,0,0,1,0
02:59:53,17.3,57,0,0,1,0
03:00:53,17.3,57,0,0,1,0
03:01:53,17.3,57,0,0,1,0
03:02:53,17.3,57,0,0,1,0
03:03:53,17.3,57,0,0,1,0
03:04:53,17.3,57,0,0,1,0
03:05:53,17.3,57,0,0,1,0
03:06:53,17.3,58,0,0,1,0
03:07:53,17.3,58,0,0,1,0
03:08:53,17.3,58,0,0,1,0
03:09:53,17.3,57,0,0,1,0
03:10:53,17.3,57,0,0,1,0
03:11:53,17.3,57,0,0,1,0
03:12:53,17.3,57,0,0,1,0
03:13:53,17.3,57,0,0,1,0
03:14:53,17.3,57,0,0,1,0
03:15:53,17.3,57,0,0,1,0
03:16:53,17.3,57,0,0,1,0
03:17:53,17.3,57,0,0,1,0
03:18:53,17.2,57,0,0,1,0
03:19:53,17.3,58,0,0,1,0
03:20:53,17.2,58,0,0,1,0
03:21:53,17.2,58,0,0,1,0
03:22:53,17.3,57,0,0,1,0
03:23:53,17.3,58,0,0,1,0
03:24:53,17.3,58,0,0,1,0
03:25:53,17.3,57,0,0,1,0
03:26:53,17.4,60,0,0,1,0
03:27:53,17.9,65,0,0,1,0
03:28:53,18.4,67,0,0,1,0
03:29:53,18.9,70,0,0,1,0
03:30:53,19,68,0,0,1,0
03:31:53,18.8,66,0,0,1,0
03:32:53,18.6,64,0,0,1,0
03:33:53,18.4,63,0,0,1,0
03:34:53,18.3,62,0,0,1,0
03:35:53,18.2,61,0,0,1,0
03:36:54,18.1,61,0,0,1,0
03:37:54,18,60,0,0,1,0
03:38:54,17.9,60,0,0,1,0
03:39:54,17.9,59,0,0,1,0
03:40:54,17.8,59,0,0,1,0
03:41:54,17.7,59,0,0,1,0
03:42:54,17.7,59,0,0,1,0
03:43:54,17.7,59,0,0,1,0
03:44:54,17.6,58,0,0,1,0
03:45:54,17.6,58,0,0,1,0
03:46:54,17.6,58,0,0,1,0
03:47:54,17.6,58,0,0,1,0
03:48:54,17.5,57,0,0,1,0
03:49:54,17.5,58,0,0,1,0
03:50:54,17.5,58,0,0,1,0
03:51:54,17.5,57,0,0,1,0
03:52:54,17.5,58,0,0,1,0
03:53:54,17.5,57,0,0,1,0
03:54:54,17.4,58,0,0,1,0
03:55:54,17.4,58,0,0,1,0
03:56:54,17.5,58,0,0,1,0
03:57:54,17.4,57,0,0,1,0
03:58:54,17.4,57,0,0,1,0
03:59:54,17.4,57,0,0,1,0
04:00:54,17.4,57,0,0,1,0
04:01:54,17.3,57,0,0,1,0
04:02:55,17.3,57,0,0,1,0
04:03:54,17.4,57,0,0,1,0
04:04:54,17.3,57,0,0,1,0
04:05:54,17.4,57,0,0,1,0
04:06:55,17.4,57,0,0,1,0
04:07:54,17.4,57,0,0,1,0
04:08:54,17.3,57,0,0,1,0
04:09:54,17.3,57,0,0,1,0
04:10:54,17.3,57,0,0,1,0
04:11:54,17.3,57,0,0,1,0
04:12:54,17.3,57,0,0,1,0
04:13:54,17.4,59,0,0,1,0
04:14:54,17.7,64,0,0,1,0
04:15:54,18.3,67,0,0,1,0
04:16:54,18.8,69,0,0,1,0
04:17:54,18.9,68,0,0,1,0
04:18:54,18.8,66,0,0,1,0
04:19:54,18.6,64,0,0,1,0
04:20:54,18.4,63,0,0,1,0
04:21:54,18.3,62,0,0,1,0
04:22:54,18.2,61,0,0,1,0
04:23:54,18,60,0,0,1,0
04:24:54,17.9,60,0,0,1,0
04:25:54,17.9,59,0,0,1,0
04:26:54,17.9,59,0,0,1,0
04:27:54,17.8,59,0,0,1,0
04:28:54,17.7,59,0,0,1,0
04:29:54,17.7,59,0,0,1,0
04:30:54,17.6,58,0,0,1,0
04:31:54,17.6,58,0,0,1,0
04:32:54,17.6,58,0,0,1,0
04:33:54,17.5,58,0,0,1,0
04:34:54,17.5,58,0,0,1,0
04:35:54,17.5,58,0,0,1,0
04:36:54,17.5,58,0,0,1,0
04:37:54,17.5,58,0,0,1,0
04:38:54,17.4,58,0,0,1,0
04:39:54,17.4,57,0,0,1,0
04:40:54,17.4,57,0,0,1,0
04:41:54,17.4,57,0,0,1,0
04:42:54,17.4,57,0,0,1,0
04:43:54,17.3,58,0,0,1,0
04:44:54,17.3,57,0,0,1,0
04:45:54,17.3,57,0,0,1,0
04:46:54,17.3,57,0,0,1,0
04:47:54,17.2,57,0,0,1,0
04:48:54,17.3,57,0,0,1,0
04:49:54,17.3,57,0,0,1,0
04:50:54,17.3,57,0,0,1,0
04:51:54,17.3,57,0,0,1,0
04:52:54,17.2,57,0,0,1,0
04:53:54,17.2,57,0,0,1,0
04:54:54,17.2,57,0,0,1,0
04:55:54,17.2,57,0,0,1,0
04:56:54,17.2,57,0,0,1,0
04:57:54,17.2,57,0,0,1,0
04:58:54,17.2,57,0,0,1,0
04:59:54,17.2,57,0,0,1,0
05:00:54,17.2,57,0,0,1,0
05:01:54,17.2,57,0,0,1,0
05:02:57,17.4,60,0,0,1,0
05:03:54,17.8,65,0,0,1,0
05:04:54,18.3,68,0,0,1,0
05:05:55,18.7,70,0,0,1,0
05:06:55,18.9,68,0,0,1,0
05:07:55,18.7,66,0,0,1,0
05:08:55,18.5,64,0,0,1,0
05:09:55,18.3,63,0,0,1,0
05:10:55,18.2,62,0,0,1,0
05:11:55,18.1,61,0,0,1,0
05:12:55,18,60,0,0,1,0
05:13:55,17.9,60,0,0,1,0
05:14:55,17.8,59,0,0,1,0
05:15:55,17.7,59,0,0,1,0
05:16:55,17.7,59,0,0,1,0
05:17:55,17.7,58,0,0,1,0
05:18:55,17.6,58,0,0,1,0
05:19:55,17.6,58,0,0,1,0
05:20:55,17.5,58,0,0,1,0
05:21:55,17.6,58,0,0,1,0
05:22:55,17.5,58,0,0,1,0
05:23:55,17.5,58,0,0,1,0
05:24:55,17.5,58,0,0,1,0
05:25:55,17.4,58,0,0,1,0
05:26:55,17.4,58,0,0,1,0
05:27:55,17.4,58,0,0,1,0
05:28:55,17.4,58,0,0,1,0
05:29:55,17.4,57,0,0,1,0
05:30:55,17.4,57,0,0,1,0
05:31:55,17.4,57,0,0,1,0
05:32:55,17.3,57,0,0,1,0
05:33:56,17.3,57,0,0,1,0
05:34:55,17.3,57,0,0,1,0
05:35:55,17.3,57,0,0,1,0
05:36:55,17.3,57,0,0,1,0
05:37:55,17.3,57,0,0,1,0
05:38:55,17.3,57,0,0,1,0
05:39:55,17.3,57,0,0,1,0
05:40:55,17.3,58,0,0,1,0
05:41:55,17.7,63,0,0,1,0
05:42:55,18.2,67,0,0,1,0
05:43:55,18.7,69,0,0,1,0
05:44:55,19,69,0,0,1,0
05:45:55,19,67,0,0,1,0
05:46:55,18.8,65,0,0,1,0
05:47:55,18.5,64,0,0,1,0
05:48:55,18.3,62,0,0,1,0
05:49:55,18.2,62,0,0,1,0
05:50:55,18,61,0,0,1,0
05:51:55,17.9,60,0,0,1,0
05:52:56,17.9,60,0,0,1,0
05:53:56,17.8,59,0,0,1,0
05:54:56,17.7,59,0,0,1,0
05:55:56,17.6,59,0,0,1,0
05:56:56,17.6,58,0,0,1,0
05:57:56,17.5,58,0,0,1,0
05:58:56,17.5,58,0,0,1,0
05:59:56,17.5,58,0,0,1,0
06:00:56,17.5,58,0,0,1,0
06:01:56,17.5,58,0,0,1,0
06:02:56,17.5,58,0,0,1,0
06:03:56,17.4,57,0,0,1,0
06:04:56,17.4,57,0,0,1,0
06:05:56,17.3,57,0,0,1,0
06:06:56,17.3,57,0,0,1,0
06:07:56,17.3,57,0,0,1,0
06:08:56,17.3,57,0,0,1,0
06:09:56,17.2,57,0,0,1,0
06:10:56,17.3,57,0,0,1,0
06:11:56,17.2,57,0,0,1,0
06:12:56,17.2,57,0,0,1,0
06:13:56,17.4,62,0,0,1,0
06:14:56,17.9,66,0,0,1,0
06:15:56,18.4,69,0,0,1,0
06:16:56,18.9,71,0,0,1,1
06:18:21,19.1,70,0,0,1,0
06:19:21,18.9,66,0,0,1,0
06:20:21,18.7,65,0,0,1,0
06:21:21,18.5,63,0,0,1,0
06:22:21,18.3,62,0,0,1,0
06:23:21,18.2,61,0,0,1,0
06:24:21,18,60,0,0,1,0
06:25:21,18,60,0,0,1,0
06:26:21,17.9,59,0,0,1,0
06:27:21,17.8,59,0,0,1,0
06:28:21,17.7,58,0,0,1,0
06:29:21,17.7,58,0,0,1,0
06:30:21,17.7,58,0,0,1,0
06:31:21,17.6,57,0,0,1,0
06:32:21,17.6,57,0,0,1,0
06:33:21,17.5,57,0,0,1,0
06:34:21,17.5,57,0,0,1,0
06:35:21,17.5,57,0,0,1,0
06:36:21,17.4,57,0,0,1,0
06:37:21,17.4,57,0,0,1,0
06:38:21,17.4,57,0,0,1,0
06:39:21,17.4,57,0,0,1,0
06:40:21,17.4,57,0,0,1,0
06:41:21,17.3,57,0,0,1,0
06:42:21,17.3,56,0,0,1,0
06:43:21,17.3,56,0,0,1,0
06:44:21,17.2,56,0,0,1,0
06:45:21,17.2,56,0,0,1,0
06:46:21,17.2,57,0,0,1,0
06:47:21,17.2,57,0,0,1,0
06:48:21,17.2,57,0,0,1,0
06:49:21,17.2,57,0,0,1,0
06:50:21,17.2,57,0,0,1,0
06:51:21,17.2,57,0,0,1,0
06:52:21,17.2,57,0,0,1,0
06:53:21,17.2,57,0,0,1,0
06:54:21,17.2,58,0,0,1,0
06:55:21,17.6,63,0,0,1,0
06:56:21,18,67,0,0,1,0
06:57:21,18.6,69,0,0,1,0
06:58:21,19,71,0,0,1,1
06:59:21,19.2,70,0,0,1,0
07:00:21,19,67,0,0,1,0
07:01:21,18.7,65,0,0,1,0
07:02:21,18.5,63,0,0,1,0
07:03:21,18.3,62,0,0,1,0
07:04:21,18.2,62,0,0,1,0
07:05:21,18,61,0,0,1,0
07:06:21,17.9,60,0,0,1,0
07:07:21,17.8,59,0,0,1,0
07:08:21,17.7,59,0,0,1,0
07:09:21,17.7,59,0,0,1,0
07:10:21,17.7,58,0,0,1,0
07:11:21,17.6,58,0,0,1,0
07:12:21,17.6,58,0,0,1,0
07:13:21,17.6,58,0,0,1,0
07:14:21,17.5,58,0,0,1,0
07:15:21,17.4,57,0,0,1,0
07:16:21,17.4,57,0,0,1,0
07:17:21,17.4,57,0,0,1,0
07:18:21,17.4,57,0,0,1,0
07:19:21,17.3,57,0,0,1,0
07:20:21,17.3,57,0,0,1,0
07:21:21,17.3,57,0,0,1,0
07:22:21,17.2,57,0,0,1,0
07:23:22,17.2,57,0,0,1,0
07:24:21,17.2,57,0,0,1,0
07:25:21,17.3,60,0,0,1,0
07:26:21,17.7,65,0,0,1,0
07:27:21,18.2,68,0,0,1,0
07:28:32,18.7,70,0,0,1,1
07:29:32,19.1,70,0,0,1,0
07:30:32,19,67,0,0,1,0
07:31:32,18.7,65,0,0,1,0
07:32:32,18.5,64,0,0,1,0
07:33:32,18.3,62,0,0,1,0
07:34:32,18.2,62,0,0,1,0
07:35:32,18.1,61,0,0,1,0
07:36:32,17.9,60,0,0,1,0
07:37:32,17.9,60,0,0,1,0
07:38:32,17.8,59,0,0,1,0
07:39:32,17.8,59,0,0,1,0
07:40:32,17.7,58,0,0,1,0
07:41:32,17.7,58,0,0,1,0
07:42:32,17.6,58,0,0,1,0
07:43:32,17.5,58,0,0,1,0
07:44:32,17.5,58,0,0,1,0
07:45:32,17.5,58,0,0,1,0
07:46:32,17.4,57,0,0,1,0
07:47:32,17.4,57,0,0,1,0
07:48:32,17.3,57,0,0,1,0
07:49:32,17.3,57,0,0,1,0
07:50:32,17.3,58,0,0,1,0
07:51:32,17.6,64,0,0,1,0
07:52:32,18.1,67,0,0,1,0
07:53:32,18.6,69,0,0,1,0
07:54:32,19.1,70,0,0,1,1
07:55:32,19.3,69,0,0,1,0
07:56:33,19.1,66,0,0,1,0
07:57:32,18.8,64,0,0,1,0
07:58:32,18.6,63,0,0,1,0
07:59:32,18.3,62,0,0,1,0
08:00:32,18.2,61,0,0,1,0
08:01:32,18.1,61,0,0,1,0
08:02:32,18,60,0,0,1,0
08:03:32,17.9,60,0,0,1,0
08:04:32,17.8,59,0,0,1,0
08:05:32,17.7,59,0,0,1,0
08:06:32,17.7,58,0,0,1,0
08:07:32,17.6,58,0,0,1,0
08:08:32,17.6,58,0,0,1,0
08:09:32,17.6,58,0,0,1,0
08:10:32,17.5,57,0,0,1,0
08:11:32,17.5,58,0,0,1,0
08:12:32,17.5,57,0,0,1,0
08:13:32,17.4,57,0,0,1,0
08:14:32,17.4,57,0,0,1,0
08:15:32,17.3,57,0,0,1,0
08:16:32,17.3,57,0,0,1,0
08:17:32,17.3,57,0,0,1,0
08:18:32,17.3,57,0,0,1,0
08:19:32,17.2,57,0,0,1,0
08:20:32,17.2,57,0,0,1,0
